engine_displacement,num_cylinders,horsepower,vehicle_weight,acceleration,model_year,origin,fuel_type,drivetrain,num_doors,fuel_efficiency_mpg
170,3,159,3413.433759,17.7,2003,Europe,Gasoline,All-wheel drive,0,13.23172891
130,5,97,3149.664934,17.8,2007,USA,Gasoline,Front-wheel drive,0,13.68821744
170,,78,3079.038997,15.1,2018,Europe,Gasoline,Front-wheel drive,0,14.246341
220,4,,2542.392402,20.2,2009,USA,Diesel,All-wheel drive,2,16.9127356
210,1,140,3460.87099,14.4,2009,Europe,Gasoline,All-wheel drive,2,12.48836912
190,3,,2484.883986,14.7,2008,Europe,Gasoline,All-wheel drive,-1,17.27181837
240,7,127,3006.542287,22.2,2012,USA,Gasoline,Front-wheel drive,1,13.21041211
150,4,239,3638.65778,17.3,2020,USA,Diesel,All-wheel drive,1,12.84888386
250,1,174,2714.21931,10.3,2016,Asia,Diesel,Front-wheel drive,-1,16.82355373
150,4,123,3509.036569,10.2,2005,USA,Gasoline,Front-wheel drive,-1,12.29835498
230,5,100,3111.810181,15.4,2014,Europe,Diesel,All-wheel drive,0,13.38660505
150,5,,1967.200421,12.6,2014,USA,Diesel,Front-wheel drive,2,20.50444672
320,5,145,2783.868974,15.1,2010,Asia,Diesel,All-wheel drive,1,16.17581958
170,1,193,2274.735191,17.5,2000,Europe,Diesel,Front-wheel drive,0,18.79274235
200,6,160,3582.687368,14.9,2007,Asia,Diesel,All-wheel drive,0,11.87109101
220,4,179,2631.065204,16,2006,USA,Gasoline,All-wheel drive,1,16.75608117
160,3,180,2673.552941,8.5,2013,Europe,Diesel,All-wheel drive,-1,17.51617573
190,6,132,2427.311856,17.8,2011,USA,Diesel,Front-wheel drive,-1,17.65868534
250,2,110,2971.214575,,2003,Europe,Gasoline,Front-wheel drive,1,14.73596219
180,1,126,2986.958657,17.9,2004,Europe,Gasoline,All-wheel drive,-1,15.09713711
150,3,197,2231.808142,18.7,2011,Asia,Gasoline,Front-wheel drive,1,18.88908257
160,4,133,2659.431451,,2016,Asia,Gasoline,Front-wheel drive,-1,16.07773021
190,1,144,2438.842126,16.4,2016,Europe,Diesel,Front-wheel drive,1,17.08040493
230,2,160,3342.606027,12.9,2009,Europe,Gasoline,All-wheel drive,0,13.73838058
260,3,156,4267.390497,20,2004,USA,Diesel,Front-wheel drive,1,7.853194329
210,6,157,2860.206191,12.6,2013,USA,Gasoline,All-wheel drive,,15.90642181
180,8,160,3080.170162,10.6,2002,USA,Diesel,All-wheel drive,2,15.08988
120,6,206,3467.35549,18.3,2016,USA,Gasoline,Front-wheel drive,-1,13.0489929
220,4,154,3335.068187,14.8,2005,USA,Diesel,All-wheel drive,-1,13.41126596
230,4,132,2479.782974,15.6,2014,Europe,Diesel,All-wheel drive,0,17.34901127
280,5,140,2598.598216,17.1,2022,USA,Gasoline,Front-wheel drive,0,16.85251786
160,4,153,3106.306112,15.8,2000,Europe,Gasoline,All-wheel drive,-1,14.04564452
40,5,136,3619.37073,19.5,2017,Europe,Gasoline,All-wheel drive,-1,11.02937073
200,4,168,2946.979169,18.6,2001,USA,Diesel,Front-wheel drive,0,15.76758556
150,2,149,2844.227534,17.3,2014,Asia,Diesel,Front-wheel drive,0,15.3537882
160,3,127,2961.158679,14.8,2004,USA,Gasoline,Front-wheel drive,0,14.67177167
200,5,143,3040.236521,14.2,2006,USA,Diesel,All-wheel drive,-1,15.01132504
80,3,132,3444.89211,17.2,2023,Europe,Gasoline,Front-wheel drive,-1,11.70465814
190,5,158,3761.994038,,2019,Asia,Gasoline,Front-wheel drive,1,11.64572405
240,6,176,2676.886844,14.5,2002,Europe,Gasoline,Front-wheel drive,-1,17.32285158
110,1,108,2292.675257,14.5,2015,Europe,Gasoline,Front-wheel drive,0,18.63000886
230,2,125,2563.902702,18.1,2008,Europe,Gasoline,All-wheel drive,0,16.89027354
240,4,123,2612.015411,10.5,2013,USA,Diesel,Front-wheel drive,-1,16.41602084
170,4,123,2957.68111,14.4,2012,Asia,Diesel,All-wheel drive,-1,15.03979693
240,2,142,2544.516802,12.9,2016,Asia,Gasoline,All-wheel drive,0,17.60032787
380,,139,1833.196403,16.7,2022,USA,Gasoline,Front-wheel drive,-1,20.72861694
190,4,170,2607.695004,20.8,2019,USA,Diesel,Front-wheel drive,1,15.93277702
270,1,135,3858.914634,,2006,Europe,Gasoline,Front-wheel drive,2,10.08981808
190,5,202,2531.185247,16.2,2016,Asia,Gasoline,All-wheel drive,0,17.98350523
140,7,99,3602.664483,17,2015,Europe,Gasoline,All-wheel drive,1,11.25726766
220,6,156,3494.539764,16.9,2005,USA,Diesel,Front-wheel drive,,11.90612323
270,3,152,2730.947104,,2015,Asia,Diesel,All-wheel drive,-1,15.82098165
200,4,148,3020.055431,13,2006,USA,Diesel,Front-wheel drive,1,15.3543156
290,7,151,3715.097082,8.9,2004,Europe,Diesel,All-wheel drive,0,12.47727028
180,6,155,1894.911544,11.1,2022,USA,Diesel,All-wheel drive,1,21.35395717
110,4,146,3047.578286,12.5,2022,USA,Diesel,Front-wheel drive,,15.48993155
250,2,199,3475.339734,11.3,2001,USA,Diesel,Front-wheel drive,-2,13.69364913
210,5,128,3654.139556,17.3,2015,Asia,Gasoline,Front-wheel drive,,11.55032393
230,8,103,2496.548659,16.7,2019,USA,Gasoline,All-wheel drive,0,16.66713972
150,4,182,3444.176224,,2023,USA,Gasoline,Front-wheel drive,-1,13.18213514
240,5,,2677.52171,13.2,2003,Asia,Diesel,Front-wheel drive,0,16.3174315
240,3,136,2243.691521,10.2,2013,USA,Diesel,Front-wheel drive,2,18.82383169
130,4,141,2838.747941,13.3,2007,USA,Gasoline,All-wheel drive,0,16.36873545
180,4,180,1986.442782,,2011,USA,Gasoline,All-wheel drive,0,20.38381422
170,4,126,2066.342672,11.7,2020,USA,Diesel,Front-wheel drive,-2,19.31135708
240,5,,1820.873766,13.2,2005,USA,Diesel,All-wheel drive,-2,21.44280605
240,1,159,2771.392227,17.7,2022,Europe,Diesel,All-wheel drive,1,15.53119945
210,2,113,2803.419701,15.8,2014,Europe,Diesel,All-wheel drive,-1,15.66273132
270,3,154,2942.601034,17.1,2022,Europe,Diesel,Front-wheel drive,1,15.00797288
260,4,133,3056.839311,17.4,2008,Europe,Diesel,All-wheel drive,0,14.22756612
340,3,148,2431.589623,,2002,USA,Diesel,All-wheel drive,1,17.63429003
110,7,133,2385.723752,16.3,2017,USA,Diesel,All-wheel drive,1,17.47058229
120,4,109,2489.428224,17.8,2012,Europe,Gasoline,Front-wheel drive,1,16.47412006
180,1,155,2866.426001,13.2,2003,Europe,Gasoline,All-wheel drive,0,16.19253481
160,6,196,2858.715433,16.8,2006,Asia,Gasoline,All-wheel drive,0,16.13814562
240,4,110,2986.412841,21.6,2023,USA,Diesel,All-wheel drive,1,14.31454905
190,4,133,3925.506912,17.1,2000,Asia,Gasoline,Front-wheel drive,0,10.23617573
250,3,148,2642.367226,10,2022,USA,Diesel,Front-wheel drive,-2,17.68931229
260,6,111,3582.774204,18.2,2015,USA,Diesel,Front-wheel drive,0,10.95490604
210,3,152,3429.169392,16.8,2012,Asia,Gasoline,Front-wheel drive,1,12.91979327
230,3,118,2969.05061,15.5,2013,Europe,Gasoline,All-wheel drive,1,14.96371429
110,3,152,3461.412555,19.4,2003,Europe,Diesel,All-wheel drive,1,11.83550061
200,3,139,1733.654688,12.9,2022,Europe,Diesel,All-wheel drive,0,21.21541108
110,4,222,3989.631895,10.2,2006,USA,Gasoline,Front-wheel drive,-2,10.69422254
190,5,122,2759.747447,14.6,2013,Europe,Diesel,Front-wheel drive,-1,15.2904573
230,2,,3640.729992,13.5,2016,Europe,Gasoline,All-wheel drive,0,10.8382282
130,6,194,3087.104567,13.2,2006,Europe,Gasoline,All-wheel drive,-3,15.67368939
240,0,179,2928.390984,16.2,2010,Asia,Diesel,Front-wheel drive,1,15.19254139
240,7,166,3925.558688,9.8,2010,Asia,Gasoline,Front-wheel drive,0,11.78195364
180,4,101,2065.543125,17.7,2005,Asia,Gasoline,All-wheel drive,0,19.10665479
140,1,72,3020.10858,16.9,2002,USA,Gasoline,All-wheel drive,-1,14.41413035
200,8,135,3141.561011,,2001,Europe,Diesel,All-wheel drive,0,12.95633202
230,3,125,3068.636526,16,2018,Europe,Gasoline,All-wheel drive,0,13.23818183
200,5,157,2489.823281,15.4,2011,USA,Diesel,Front-wheel drive,-1,17.9669387
110,5,132,3195.203213,13.2,2014,USA,Gasoline,All-wheel drive,1,14.0403737
200,2,232,3476.591797,11,2016,USA,Gasoline,All-wheel drive,1,14.67450674
120,5,172,3475.004528,13.8,2013,USA,Diesel,All-wheel drive,,12.74322382
280,2,133,3398.340992,15.3,2015,Europe,Diesel,All-wheel drive,1,13.93012829
250,,109,3210.919484,14.6,2021,USA,Diesel,All-wheel drive,0,13.12894648
240,5,194,3019.882237,17.5,2017,USA,Gasoline,All-wheel drive,1,14.88240641
240,4,176,3932.732062,15.5,2010,USA,Diesel,Front-wheel drive,1,10.41071993
240,6,165,2331.406516,,2015,USA,Diesel,Front-wheel drive,-1,18.90101263
250,6,177,2705.632697,10.1,2003,Asia,Gasoline,All-wheel drive,2,17.36358519
150,1,190,3996.141794,13.1,2018,USA,Diesel,Front-wheel drive,0,10.11910232
140,1,166,3238.177968,14.9,2011,Asia,Gasoline,All-wheel drive,1,13.7840279
310,,103,3514.69013,15.7,2011,Asia,Gasoline,Front-wheel drive,0,11.74502792
150,4,123,3390.065057,17.2,2001,Europe,Diesel,Front-wheel drive,1,12.66405025
210,3,129,2431.828297,17,2013,USA,Diesel,Front-wheel drive,1,17.38600809
290,4,184,3090.894137,16.6,2002,Asia,Gasoline,All-wheel drive,1,14.9859405
110,1,147,2672.437294,14,2006,USA,Gasoline,Front-wheel drive,0,16.96265456
250,2,177,2799.616705,13.4,2013,Europe,Diesel,All-wheel drive,0,16.40491229
240,6,151,3444.253218,12.1,2008,Asia,Diesel,Front-wheel drive,,13.19099722
180,8,137,2641.652855,18.3,2018,Europe,Gasoline,All-wheel drive,0,16.61331234
200,2,163,3146.743144,13,2005,Asia,Gasoline,All-wheel drive,0,14.39561558
270,3,97,3158.44361,11.7,2015,Europe,Gasoline,All-wheel drive,0,14.17815758
210,3,162,3642.498077,15.6,2001,Asia,Gasoline,All-wheel drive,0,10.96350605
170,3,186,3320.332678,11,2018,USA,Diesel,Front-wheel drive,0,14.865376
280,1,104,3650.72239,13.3,2010,Asia,Gasoline,Front-wheel drive,1,11.34261487
220,2,99,3210.419882,14.7,2000,USA,Diesel,All-wheel drive,0,13.70430524
230,2,137,2859.270425,15.4,2017,Asia,Gasoline,All-wheel drive,-1,15.53457533
190,3,132,3398.137311,11.8,2008,USA,Gasoline,All-wheel drive,1,12.41821862
210,2,182,2703.336911,,2021,USA,Gasoline,All-wheel drive,0,17.02158654
100,5,120,2826.24629,13.7,2014,Europe,Gasoline,Front-wheel drive,0,15.25151107
270,6,135,2435.361164,15,2006,Asia,Gasoline,Front-wheel drive,0,17.95838609
180,5,177,3062.505585,13.6,2007,Europe,Diesel,All-wheel drive,1,14.79372676
200,3,143,2950.822121,17.1,2013,Asia,Diesel,Front-wheel drive,-1,15.33121466
240,5,145,3329.426319,,2022,USA,Gasoline,All-wheel drive,0,12.83151093
190,4,200,3080.694707,14,2020,Europe,Gasoline,All-wheel drive,0,14.99649772
140,6,189,2821.003724,21.2,2014,USA,Gasoline,Front-wheel drive,0,15.66796228
200,3,167,3030.447144,16.5,2012,Europe,Diesel,All-wheel drive,0,15.19681292
180,5,164,3011.935745,13.5,2018,Asia,Gasoline,All-wheel drive,0,15.51970564
200,4,123,2842.992311,15.7,2010,Asia,Gasoline,Front-wheel drive,3,15.17215829
110,4,149,2686.292042,13.9,2011,Asia,Diesel,All-wheel drive,0,16.54995388
140,4,191,2599.007719,15.7,2009,Europe,Gasoline,All-wheel drive,1,17.46931696
90,1,148,2528.347946,11.9,2002,Asia,Diesel,Front-wheel drive,1,17.54047574
170,4,153,3678.720747,15.8,2022,Asia,Gasoline,Front-wheel drive,-1,11.3531885
210,,195,3073.656145,12.9,2001,USA,Gasoline,Front-wheel drive,1,14.84645649
220,,96,3067.951071,17.8,2005,Europe,Gasoline,All-wheel drive,1,14.19380365
190,2,152,2375.796171,10.3,2014,Europe,Gasoline,All-wheel drive,1,18.64556142
260,6,127,2972.59667,19.6,2009,USA,Diesel,Front-wheel drive,2,14.1978816
110,1,,3879.820432,14.3,2020,USA,Gasoline,All-wheel drive,,10.33731152
170,5,122,2675.12596,,2016,USA,Gasoline,Front-wheel drive,0,16.25498101
240,2,,2768.167545,18.7,2020,Europe,Gasoline,Front-wheel drive,1,15.42186564
200,5,181,3100.216552,17.5,2018,USA,Gasoline,Front-wheel drive,-1,14.4701395
260,2,200,2216.540198,15,2016,Asia,Gasoline,All-wheel drive,1,18.84196014
80,1,193,3411.602986,10.5,2020,USA,Gasoline,All-wheel drive,0,13.65143153
210,,123,2701.494865,20.5,2016,Europe,Gasoline,All-wheel drive,-2,15.42473662
170,1,181,2671.224238,19.6,2010,Europe,Gasoline,Front-wheel drive,1,16.36930727
310,7,97,2837.600275,14.8,2006,USA,Gasoline,All-wheel drive,-2,15.35222241
240,,156,3176.754256,12.1,2014,Europe,Gasoline,Front-wheel drive,-2,13.90022494
160,2,194,2798.569233,13,2015,USA,Diesel,All-wheel drive,-1,16.46955629
190,2,179,3953.311649,15.6,2003,Asia,Diesel,Front-wheel drive,0,10.18872257
220,1,128,3388.183705,11.2,2004,Europe,Diesel,Front-wheel drive,1,12.9627645
310,0,159,2376.284549,,2005,Asia,Diesel,All-wheel drive,-1,17.86391455
140,4,172,3966.299771,14.3,2014,Asia,Gasoline,All-wheel drive,-1,9.984908641
180,4,191,3427.670581,19.3,2004,USA,Gasoline,All-wheel drive,-1,13.17882318
220,1,139,2577.120411,15.1,2007,Asia,Diesel,Front-wheel drive,0,17.39092499
180,5,71,3809.200281,10.9,2015,USA,Diesel,Front-wheel drive,,10.77868732
120,7,,2846.371642,13.6,2008,Europe,Diesel,Front-wheel drive,-1,15.90172778
260,4,168,2888.726694,17.3,2022,Europe,Diesel,All-wheel drive,-2,16.08724668
140,8,130,2403.18113,15,2020,Asia,Diesel,Front-wheel drive,-1,17.79875525
220,6,170,2374.482866,16.8,2015,Asia,Diesel,Front-wheel drive,1,18.35737839
140,3,130,3430.301838,19.1,2007,Europe,Gasoline,Front-wheel drive,-1,12.14845027
200,5,,2576.724175,14.4,2006,USA,Diesel,All-wheel drive,-1,17.34526561
240,4,159,2773.924091,18.3,2020,Europe,Diesel,Front-wheel drive,-1,15.60122313
210,3,133,2913.182495,12,2001,Europe,Diesel,All-wheel drive,1,14.75773835
200,5,150,3965.339214,12,2018,Asia,Gasoline,All-wheel drive,0,10.46523269
150,4,192,2824.478265,13.8,2002,Asia,Diesel,All-wheel drive,2,16.69603109
200,3,135,2657.524924,,2019,Europe,Gasoline,Front-wheel drive,-1,17.05451627
190,1,190,2994.875191,15.2,2018,Europe,Gasoline,All-wheel drive,-2,16.09670197
210,,126,2996.802793,14.6,2009,Europe,Gasoline,Front-wheel drive,1,14.93398034
200,8,217,2156.367664,16.7,2012,Asia,Gasoline,Front-wheel drive,1,19.44247348
200,2,147,4043.595772,16.2,2014,Asia,Gasoline,All-wheel drive,1,9.95713947
230,3,172,2697.423182,16.1,2011,Asia,Diesel,All-wheel drive,2,16.75466934
230,1,139,2992.38294,13.1,2012,USA,Diesel,Front-wheel drive,1,15.81096006
150,3,176,2286.930129,13.7,2004,Europe,Gasoline,All-wheel drive,0,19.31265854
240,,120,3450.593143,14.3,2023,Asia,Diesel,All-wheel drive,1,12.89539676
220,2,112,3301.553275,,2019,Europe,Gasoline,Front-wheel drive,,13.54638508
170,9,177,3886.186669,18.3,2009,USA,Diesel,All-wheel drive,-2,10.57786542
120,6,137,3668.985542,16.7,2008,Europe,Gasoline,All-wheel drive,-2,11.58125718
240,3,160,3858.656702,10.4,2013,USA,Gasoline,All-wheel drive,0,10.82635294
170,7,155,2477.692723,16.2,2000,USA,Diesel,Front-wheel drive,-1,16.93294844
200,2,220,3296.271708,14.3,2005,Europe,Gasoline,All-wheel drive,-1,14.40619094
110,6,185,2699.596988,17.7,2004,USA,Diesel,All-wheel drive,1,16.76426648
140,9,83,3007.327148,16.6,2022,Asia,Diesel,All-wheel drive,1,13.99130928
210,6,101,2725.919223,11.6,2015,Asia,Diesel,Front-wheel drive,0,16.00326168
310,3,177,3642.970539,16,2007,USA,Gasoline,All-wheel drive,-1,10.86529636
220,,124,2519.195823,,2010,USA,Diesel,All-wheel drive,-1,17.21983599
230,4,141,4116.351836,17.9,2009,USA,Diesel,Front-wheel drive,2,9.166316194
330,2,,3320.02295,15.5,2016,Europe,Diesel,Front-wheel drive,0,12.30990913
190,3,161,3254.925526,18.6,2007,Asia,Diesel,Front-wheel drive,0,12.80581311
160,5,185,2925.883595,16,2022,Asia,Gasoline,All-wheel drive,1,15.55186392
140,4,169,3325.374863,16.4,2013,Europe,Gasoline,All-wheel drive,0,14.1916605
230,3,98,3712.80999,14.7,2000,Europe,Diesel,All-wheel drive,0,11.01043701
240,7,117,2785.337862,14.4,2010,Europe,Gasoline,Front-wheel drive,0,15.74115202
170,8,,3383.867088,15.9,2008,Europe,Diesel,Front-wheel drive,-1,13.43979119
150,2,172,3270.134011,9.5,2008,Europe,Gasoline,All-wheel drive,0,13.9691123
160,2,122,3047.446597,18.7,2007,Europe,Diesel,All-wheel drive,,14.35817135
220,2,174,2446.694987,15,2009,Asia,Gasoline,All-wheel drive,2,18.43973143
230,4,134,3066.341811,17.1,2006,Europe,Gasoline,All-wheel drive,-2,14.28848103
170,3,135,2750.851077,16.9,2020,Asia,Gasoline,All-wheel drive,0,16.43215634
270,2,157,2015.659284,17.3,2009,Europe,Diesel,All-wheel drive,0,19.63806157
230,3,172,2940.377267,14.7,2002,Asia,Gasoline,All-wheel drive,-1,15.13073402
130,3,163,2249.129092,,2006,Europe,Gasoline,All-wheel drive,1,19.1469558
150,3,80,3504.248302,14.5,2019,Asia,Gasoline,All-wheel drive,1,12.12660912
190,2,184,2904.557906,15.9,2003,USA,Diesel,All-wheel drive,0,15.65152875
190,5,92,3421.963853,15.8,2014,Europe,Diesel,Front-wheel drive,-1,12.2851396
170,5,158,3799.096198,14.5,2020,Asia,Gasoline,All-wheel drive,-1,11.02272913
120,12,165,2990.881339,13.3,2013,USA,Gasoline,Front-wheel drive,1,15.25874359
160,6,179,3791.505088,13.7,2008,Asia,Gasoline,All-wheel drive,0,12.17511513
190,1,115,2902.786017,14.2,2011,Asia,Diesel,Front-wheel drive,,14.97477146
110,4,,2567.550814,18.4,2018,Asia,Gasoline,Front-wheel drive,1,15.84071826
170,3,182,2593.095055,13.1,2014,Asia,Diesel,All-wheel drive,0,17.93234903
170,5,146,3484.304167,16.6,2012,Asia,Diesel,Front-wheel drive,-1,11.95483107
110,7,160,2826.842857,8.8,2002,Europe,Diesel,All-wheel drive,0,17.06559692
130,8,162,2670.335412,15.2,2013,USA,Diesel,Front-wheel drive,1,16.76024264
130,1,168,2948.800656,16.1,2014,Europe,Gasoline,Front-wheel drive,1,15.55693691
80,6,150,3294.748633,15.2,2020,Asia,Gasoline,All-wheel drive,2,13.57263443
240,1,129,3227.173672,16.1,2022,Asia,Diesel,All-wheel drive,0,13.42298531
170,3,145,3054.54916,17.9,2022,Europe,Diesel,All-wheel drive,0,14.76534388
160,8,160,3513.768886,12.8,2008,USA,Gasoline,All-wheel drive,0,12.43671272
130,1,121,3139.691355,18.8,2009,Europe,Gasoline,Front-wheel drive,1,13.88874999
160,4,214,2871.103418,13.4,2002,Asia,Gasoline,Front-wheel drive,2,16.74919072
190,7,186,3089.746951,13.8,2020,Asia,Gasoline,All-wheel drive,1,15.28329701
190,1,130,2322.856318,19.4,2022,Europe,Diesel,Front-wheel drive,0,17.92084949
190,2,94,3292.080031,14.9,2017,Asia,Diesel,All-wheel drive,-2,13.21520383
110,5,126,2958.596423,16,2004,Europe,Gasoline,Front-wheel drive,2,15.10847183
210,,,3136.118615,15.3,2004,USA,Gasoline,Front-wheel drive,0,13.73161393
140,2,185,3362.859123,16.4,2018,Asia,Gasoline,All-wheel drive,1,13.46032023
170,5,165,1973.467934,14.4,2016,Europe,Diesel,Front-wheel drive,2,20.25612493
190,3,90,3603.494149,17.1,2016,Europe,Diesel,All-wheel drive,1,11.54282831
140,0,108,2912.716545,12,2001,Asia,Diesel,All-wheel drive,1,15.00153267
160,2,134,2963.890461,13.5,2001,Europe,Diesel,Front-wheel drive,2,14.64263923
160,2,134,3510.850708,18.2,2015,USA,Gasoline,All-wheel drive,1,12.25645317
200,3,210,3053.136168,15.1,2011,USA,Gasoline,All-wheel drive,1,15.60953729
140,3,,3401.357691,14.6,2016,USA,Gasoline,Front-wheel drive,-1,12.63972145
140,,126,2984.135646,14,2022,Asia,Diesel,All-wheel drive,0,14.75099397
250,4,156,3854.62416,20.6,2020,USA,Diesel,Front-wheel drive,-1,9.846968422
310,3,96,2579.556506,17,2021,USA,Gasoline,All-wheel drive,0,16.4005655
190,5,90,3586.321569,14.2,2022,Asia,Gasoline,All-wheel drive,0,11.63118482
310,10,83,2680.407466,18.3,2005,Europe,Diesel,All-wheel drive,1,15.60966446
150,2,92,2880.454974,13.7,2012,USA,Diesel,Front-wheel drive,1,14.80403952
190,5,160,2780.464846,,2001,Asia,Gasoline,Front-wheel drive,0,16.38691362
220,6,110,3745.846003,17.3,2015,USA,Diesel,Front-wheel drive,,10.69877311
180,7,112,2154.524609,17.3,2018,Asia,Gasoline,Front-wheel drive,-1,18.84879091
210,5,132,2783.162466,14.9,2012,Europe,Diesel,All-wheel drive,0,16.20678395
170,3,164,2990.040917,9.7,2019,Europe,Diesel,Front-wheel drive,0,15.96301887
130,1,138,3458.198703,9.6,2018,Europe,Diesel,All-wheel drive,2,13.48123752
290,10,198,3171.140725,16.5,2019,USA,Gasoline,All-wheel drive,1,14.47746885
220,4,147,2669.701886,13.5,2015,Asia,Gasoline,Front-wheel drive,1,16.54989085
270,4,138,2714.536779,15,2002,Asia,Diesel,All-wheel drive,-1,16.30677511
180,3,133,2581.404608,13.8,2014,USA,Diesel,All-wheel drive,2,16.46602121
210,3,100,2917.612022,16,2019,Europe,Gasoline,All-wheel drive,1,15.39679598
280,5,112,3319.896549,18.2,2015,Europe,Diesel,Front-wheel drive,2,12.90663726
120,,175,3079.478438,11.7,2007,Europe,Gasoline,All-wheel drive,,14.773141
230,3,109,2633.366785,15.7,2000,Europe,Gasoline,Front-wheel drive,0,16.35537485
220,3,149,3455.388479,,2003,Asia,Diesel,Front-wheel drive,-1,12.57448235
290,2,179,2807.172938,15.5,2019,USA,Diesel,All-wheel drive,0,15.7985254
230,3,,2623.025098,,2004,USA,Gasoline,Front-wheel drive,0,16.88503736
190,4,183,3168.684047,17.8,2002,Asia,Gasoline,Front-wheel drive,-1,14.51877044
260,3,126,3097.007835,13.9,2005,USA,Diesel,Front-wheel drive,0,14.98819029
210,4,187,2787.076934,17.9,2003,Europe,Diesel,Front-wheel drive,0,16.42244765
240,9,152,3621.358431,15.2,2006,Europe,Gasoline,All-wheel drive,0,12.71535505
220,3,190,3464.626832,16.1,2001,Asia,Gasoline,All-wheel drive,0,13.65965656
180,8,148,2422.530483,12.8,2010,USA,Diesel,Front-wheel drive,2,18.07554317
160,10,190,2867.121099,17.7,2003,Asia,Gasoline,Front-wheel drive,1,15.80651185
260,4,149,2934.056298,15.7,2006,USA,Gasoline,Front-wheel drive,-2,14.66421661
240,4,140,2425.932315,11.3,2022,USA,Diesel,Front-wheel drive,0,18.36494521
180,6,173,3240.293423,18.8,2001,Europe,Gasoline,Front-wheel drive,-2,13.51103131
240,4,95,3743.697159,15.5,2014,Europe,Diesel,All-wheel drive,0,10.60654772
280,3,,3086.331667,14.5,2012,Europe,Gasoline,All-wheel drive,1,14.49022419
240,5,123,3611.073982,14.3,2007,Europe,Diesel,All-wheel drive,1,11.77141114
130,2,136,3333.733863,21.8,2013,Asia,Diesel,Front-wheel drive,0,12.34653235
180,3,140,2951.531832,17.6,2003,Asia,Gasoline,All-wheel drive,-1,14.74451194
200,7,199,2927.875023,17.9,2011,Europe,Gasoline,All-wheel drive,-1,15.16911182
110,4,127,3273.610752,19.3,2009,Asia,Diesel,Front-wheel drive,1,12.38940504
270,4,129,2606.572822,15,2012,Europe,Gasoline,All-wheel drive,0,17.21720773
200,3,122,3114.013496,15.5,2006,Asia,Diesel,Front-wheel drive,1,14.03414783
260,6,155,3256.556022,14.7,2014,Asia,Gasoline,All-wheel drive,,13.63899856
220,0,165,3065.284243,,2023,Asia,Diesel,All-wheel drive,-1,14.4258322
170,2,145,3046.770802,18.6,2005,Asia,Diesel,Front-wheel drive,-1,14.54558194
250,5,155,3303.776902,12.7,2005,Asia,Diesel,Front-wheel drive,,13.35112829
190,2,142,3823.071774,15.2,2015,USA,Diesel,All-wheel drive,0,10.61865166
200,4,166,2624.670687,14.3,2014,USA,Gasoline,All-wheel drive,0,17.3915298
160,3,127,3157.477047,16.1,2011,Asia,Diesel,All-wheel drive,2,13.36759024
160,7,148,2638.225033,13.4,2022,Europe,Diesel,All-wheel drive,1,17.12375599
240,7,,3106.148986,,2004,Europe,Diesel,Front-wheel drive,1,14.6760921
170,4,145,2767.215501,13.1,2010,Europe,Diesel,Front-wheel drive,-2,16.10972168
210,5,199,4098.827535,13.6,2004,USA,Diesel,Front-wheel drive,-1,9.995379844
270,0,162,2171.678784,16.5,2020,USA,Gasoline,Front-wheel drive,,19.51704068
220,7,117,3414.27916,17.5,2018,USA,Gasoline,Front-wheel drive,0,11.73612509
290,,113,4011.020411,13.2,2013,Europe,Gasoline,All-wheel drive,-1,9.461128954
140,6,138,2326.103445,11.9,2023,Asia,Gasoline,Front-wheel drive,0,18.25941637
240,6,184,2645.804886,15.3,2002,Europe,Diesel,All-wheel drive,0,17.0451498
240,1,131,2937.51181,14.1,2016,Asia,Gasoline,All-wheel drive,1,15.37139003
200,5,106,3235.742613,12.6,2019,USA,Gasoline,Front-wheel drive,-1,13.81764662
220,1,117,3141.340315,18.2,2004,Asia,Gasoline,All-wheel drive,1,13.14994113
160,2,,2991.864132,14,2006,Asia,Diesel,All-wheel drive,1,15.33900029
190,5,167,3491.257823,,2013,Asia,Gasoline,All-wheel drive,0,12.35776579
150,3,134,3499.065176,14.4,2000,Europe,Diesel,Front-wheel drive,-1,11.76526929
210,3,156,2598.520312,17,2005,Europe,Diesel,All-wheel drive,0,17.05145017
190,2,165,3681.186984,16,2015,Europe,Gasoline,All-wheel drive,-1,11.37937994
110,4,204,2839.2909,14.7,2018,Asia,Gasoline,Front-wheel drive,2,16.24148205
120,5,93,3487.765678,,2014,USA,Gasoline,Front-wheel drive,1,11.39673275
120,0,130,2928.900222,13.9,2004,USA,Diesel,Front-wheel drive,0,15.61476801
210,5,158,3766.753097,19.2,2015,USA,Gasoline,All-wheel drive,0,10.59243514
170,1,131,2811.825234,15.8,2008,Asia,Diesel,Front-wheel drive,1,15.68248276
140,6,128,3547.457009,13.7,2021,Asia,Gasoline,Front-wheel drive,1,12.07225931
120,4,147,2647.835929,21,2004,Europe,Diesel,Front-wheel drive,1,15.61978773
260,4,130,2649.270072,21.5,2007,USA,Gasoline,All-wheel drive,1,16.84575848
210,4,204,3697.288825,12.8,2017,Asia,Gasoline,All-wheel drive,0,11.86408682
240,2,159,2916.987921,16.3,2001,Asia,Gasoline,Front-wheel drive,1,15.0664161
210,5,,3012.170524,15.1,2001,Asia,Gasoline,All-wheel drive,0,16.19443274
190,5,118,3561.600224,15.9,2007,Europe,Gasoline,All-wheel drive,2,11.9911674
90,4,174,3242.774424,12.8,2002,Asia,Diesel,All-wheel drive,-1,14.4498524
90,7,118,2909.527056,13,2008,Asia,Diesel,All-wheel drive,-1,15.41055947
190,4,133,2357.787514,13.8,2018,Asia,Diesel,All-wheel drive,2,18.44192588
260,3,,2335.853222,14.8,2016,USA,Gasoline,Front-wheel drive,-1,18.88342468
140,7,158,3694.964315,13.6,2006,Europe,Diesel,All-wheel drive,-1,11.88890352
200,4,139,2992.212544,11.4,2023,Asia,Gasoline,All-wheel drive,0,15.07996055
210,5,120,3230.174578,18.9,2014,Europe,Diesel,All-wheel drive,0,12.90750618
250,4,174,3129.215763,12.9,2015,Asia,Gasoline,Front-wheel drive,0,14.95574497
180,4,162,3918.062053,17.3,2018,Europe,Diesel,All-wheel drive,-1,10.30730851
200,6,114,3267.640736,,2016,Asia,Gasoline,All-wheel drive,0,13.99193152
210,6,121,2858.814074,14.9,2005,Europe,Gasoline,All-wheel drive,2,15.97013096
220,,183,3593.935675,20.5,2010,Asia,Diesel,All-wheel drive,1,11.14127764
200,3,132,2566.824522,12.1,2007,USA,Gasoline,All-wheel drive,1,17.2146538
250,4,144,3603.063213,18.8,2015,Europe,Gasoline,All-wheel drive,-1,11.45564964
170,5,180,2657.20168,13.1,2003,Asia,Gasoline,Front-wheel drive,-2,17.27615286
90,,178,3425.024876,12.3,2019,Asia,Diesel,All-wheel drive,-2,13.41002296
170,3,154,2740.621152,15,2009,USA,Diesel,Front-wheel drive,1,16.01251
250,8,128,3219.11656,15.1,2008,Asia,Diesel,Front-wheel drive,1,13.85265797
230,2,174,3021.026658,18.5,2019,Asia,Diesel,All-wheel drive,1,14.84199734
330,3,207,3486.549304,13.9,2011,Asia,Gasoline,All-wheel drive,0,12.7637052
210,11,123,2149.548017,17.5,2003,USA,Gasoline,Front-wheel drive,0,18.97711569
160,7,183,3193.473751,14.7,2002,USA,Gasoline,Front-wheel drive,0,14.19913475
270,7,143,2981.190515,14,2010,Asia,Diesel,All-wheel drive,-1,14.54004244
270,10,144,2676.873199,12.1,2016,USA,Diesel,Front-wheel drive,0,16.79816737
220,5,106,2542.634927,13.4,2019,Europe,Gasoline,Front-wheel drive,-1,16.82988925
210,3,155,3191.659625,,2018,Asia,Diesel,Front-wheel drive,0,13.40994833
210,5,151,2983.840326,10,2007,Europe,Diesel,All-wheel drive,0,15.31046657
290,,113,2995.936173,17.9,2022,Europe,Gasoline,Front-wheel drive,-1,14.41838118
100,2,155,2665.387794,16.2,2005,Asia,Diesel,Front-wheel drive,-1,16.57341334
240,2,,1652.883753,11,2018,Asia,Gasoline,Front-wheel drive,0,23.2045664
200,2,134,2752.777186,14.2,2004,Europe,Gasoline,All-wheel drive,1,15.74339564
220,2,155,3269.906792,,2015,Asia,Gasoline,All-wheel drive,-1,13.83951486
150,3,167,2583.754264,,2004,Asia,Gasoline,All-wheel drive,1,16.70082897
210,7,196,2657.222331,14,2011,Europe,Gasoline,All-wheel drive,,17.73866114
180,4,163,1789.912455,15.4,2011,Asia,Gasoline,All-wheel drive,0,21.17479231
200,5,145,2837.404285,12.9,2022,Asia,Diesel,All-wheel drive,-1,16.08324077
220,2,177,3157.927872,18.4,2023,Asia,Gasoline,Front-wheel drive,0,14.17458859
260,5,161,3022.14884,14.9,2021,USA,Gasoline,All-wheel drive,-1,14.76973476
160,4,165,2553.42011,13.2,2002,USA,Gasoline,All-wheel drive,-1,17.86000604
260,4,206,3080.917616,16.9,2000,Asia,Diesel,Front-wheel drive,-2,14.95808719
170,3,185,2815.850368,15.6,2004,USA,Gasoline,Front-wheel drive,0,16.77232096
180,4,185,2656.400071,14.8,2002,USA,Diesel,Front-wheel drive,-2,17.41962869
220,,152,1596.808611,19.4,2014,USA,Gasoline,All-wheel drive,1,22.30998058
130,4,104,2949.249103,15.6,2016,Europe,Diesel,All-wheel drive,0,13.90616046
260,4,143,3056.544384,10.2,2005,Europe,Diesel,All-wheel drive,0,15.32455943
200,3,,3006.534826,16.7,2018,USA,Diesel,Front-wheel drive,0,13.90140002
190,2,143,3242.72713,14.5,2009,Asia,Diesel,All-wheel drive,0,14.19606712
210,0,104,2221.018999,11.9,2016,Europe,Diesel,Front-wheel drive,0,18.61381604
290,5,159,2947.930647,16,2020,USA,Gasoline,All-wheel drive,-1,14.6724232
180,1,171,3046.136788,15.6,2016,USA,Diesel,Front-wheel drive,-1,14.34598412
280,2,153,3454.847578,14.2,2002,USA,Gasoline,All-wheel drive,,12.60776735
170,8,188,2797.526251,14.4,2019,USA,Gasoline,Front-wheel drive,1,16.21988381
210,1,148,3007.295669,14.4,2014,USA,Diesel,Front-wheel drive,0,15.05661437
210,4,113,3039.730302,13.4,2006,USA,Diesel,All-wheel drive,-1,14.55683535
200,,120,2619.306627,18.8,2020,USA,Gasoline,Front-wheel drive,0,16.55112592
180,4,128,3043.938426,12,2002,Asia,Gasoline,All-wheel drive,-1,14.80992963
260,7,169,3309.603076,10.1,2018,USA,Gasoline,All-wheel drive,1,13.83738884
160,3,207,3313.052613,16.3,2008,USA,Diesel,Front-wheel drive,-1,13.59870301
220,1,190,2557.84433,18.6,2008,Asia,Diesel,Front-wheel drive,-1,17.47527871
240,2,169,2756.813563,13.4,2021,USA,Diesel,All-wheel drive,0,17.38235074
200,5,109,3217.287246,,2021,Asia,Diesel,Front-wheel drive,-2,13.77338251
260,,152,3722.548029,17.1,2007,USA,Gasoline,All-wheel drive,0,11.29454463
210,1,136,3546.627895,14.5,2020,Europe,Diesel,Front-wheel drive,,12.53703996
220,5,184,3762.612758,15,2021,Europe,Diesel,Front-wheel drive,-2,11.76913434
300,5,189,2570.793922,14.2,2019,Europe,Diesel,Front-wheel drive,-2,16.98830081
210,2,,3686.838852,23.4,2002,Europe,Gasoline,All-wheel drive,0,10.32047318
220,5,151,2599.104276,14.6,2004,Asia,Diesel,Front-wheel drive,-1,17.38571131
160,1,186,3221.01826,15,2003,Asia,Gasoline,Front-wheel drive,0,15.24700009
240,2,165,3361.506198,17,2007,Europe,Gasoline,Front-wheel drive,1,13.80614706
260,2,154,3421.631947,12.8,2011,Asia,Diesel,Front-wheel drive,0,12.5677555
250,3,180,4117.123492,13.3,2017,USA,Gasoline,Front-wheel drive,0,9.441286186
190,3,171,2857.535189,,2001,Asia,Diesel,All-wheel drive,-1,15.91229812
260,4,141,2814.18047,16.4,2011,USA,Gasoline,All-wheel drive,1,15.37768199
160,9,147,3205.679841,17.7,2002,USA,Gasoline,All-wheel drive,-2,13.35046921
160,3,230,2396.835023,18.5,2007,Asia,Diesel,Front-wheel drive,-1,18.7342052
220,3,189,4049.205206,16.5,2012,Asia,Gasoline,All-wheel drive,,10.16445687
240,6,159,4002.383458,18.3,2012,Europe,Diesel,Front-wheel drive,-1,9.577742614
230,3,184,4274.347201,17.1,2018,USA,Diesel,All-wheel drive,1,9.03253833
290,3,192,2999.651515,,2019,Europe,Diesel,All-wheel drive,0,15.07731632
190,4,123,2642.943558,20.3,2010,USA,Diesel,All-wheel drive,-1,16.16462055
230,0,126,3834.822343,14.2,2001,Asia,Diesel,Front-wheel drive,0,11.44493716
110,5,157,3258.038299,20.4,2014,USA,Diesel,Front-wheel drive,-1,13.1633445
150,7,87,2969.40433,11.3,2007,Europe,Diesel,Front-wheel drive,0,14.47535356
170,1,,2881.61853,11.6,2015,USA,Diesel,Front-wheel drive,-1,15.61422732
270,4,185,4012.316736,,2020,Asia,Gasoline,All-wheel drive,0,9.769072594
170,5,173,3527.098893,14,2016,Europe,Gasoline,All-wheel drive,1,11.43705443
200,5,159,2664.959753,15.4,2008,USA,Gasoline,Front-wheel drive,2,17.03649929
190,2,117,3087.419609,,2005,Europe,Diesel,Front-wheel drive,1,14.36357689
240,6,193,3456.536612,,2022,Asia,Diesel,Front-wheel drive,1,12.51648166
140,1,227,3618.782636,17.7,2002,Europe,Diesel,All-wheel drive,0,12.7072838
170,3,178,3377.457462,15.5,2006,USA,Gasoline,All-wheel drive,-1,12.76964184
120,3,120,2676.579116,13.7,2006,Europe,Gasoline,All-wheel drive,1,16.88375246
230,4,149,3409.212447,16.6,2009,Asia,Diesel,Front-wheel drive,-1,12.99466191
130,7,,2264.982257,13.8,2007,Asia,Diesel,All-wheel drive,-1,18.42625411
200,3,93,2976.428519,14.6,2004,USA,Diesel,All-wheel drive,1,14.64598762
190,1,156,3016.531171,15.9,2015,Asia,Gasoline,Front-wheel drive,-1,14.7756618
280,5,151,2457.182769,15.6,2013,Asia,Diesel,Front-wheel drive,0,17.55536654
190,5,119,3889.060052,17.7,2006,Asia,Diesel,Front-wheel drive,0,9.403793542
240,4,135,2970.047161,17.3,2012,Asia,Gasoline,Front-wheel drive,,15.18565993
130,1,117,3027.617949,11.9,2001,USA,Gasoline,Front-wheel drive,-1,15.19166813
130,2,159,2846.46847,,2017,Asia,Gasoline,Front-wheel drive,-2,15.56644285
160,5,192,2904.782718,19.6,2009,USA,Gasoline,Front-wheel drive,-1,14.88603153
200,3,127,2664.769969,14.8,2002,USA,Diesel,Front-wheel drive,-1,16.84153287
220,7,150,3213.566341,12.6,2004,USA,Diesel,Front-wheel drive,1,13.7550583
170,5,169,2507.850817,,2021,Europe,Gasoline,All-wheel drive,0,17.30143282
200,6,105,2697.009243,16.8,2003,USA,Diesel,Front-wheel drive,0,16.28270226
180,,168,2788.289856,12.6,2009,USA,Diesel,Front-wheel drive,1,16.2327515
220,5,177,2278.342106,15.5,2008,USA,Gasoline,All-wheel drive,-1,18.93286367
260,3,181,2321.142249,13.3,2005,Europe,Gasoline,Front-wheel drive,0,19.13502921
160,2,182,3371.163862,12.5,2015,USA,Gasoline,Front-wheel drive,0,14.15317228
230,4,141,3384.681613,15.9,2006,USA,Gasoline,Front-wheel drive,-3,12.42882189
200,5,143,3389.815325,12.7,2006,USA,Diesel,All-wheel drive,0,12.82558565
180,2,127,3154.738663,17.1,2023,Asia,Gasoline,All-wheel drive,-1,14.21146791
190,2,164,3638.765472,13.3,2017,Europe,Gasoline,All-wheel drive,1,11.20912111
210,9,139,2821.19612,16.3,2011,Europe,Diesel,Front-wheel drive,2,15.50437529
160,7,141,3091.774646,16.1,2005,Europe,Diesel,All-wheel drive,0,14.13384439
180,3,185,3175.080195,16.2,2017,Europe,Diesel,Front-wheel drive,0,13.98473181
210,1,125,3907.386934,,2016,Europe,Diesel,Front-wheel drive,-2,11.35262396
230,0,104,3168.435773,16.1,2021,Asia,Gasoline,Front-wheel drive,0,13.30215447
200,7,,3320.666871,16.7,2020,USA,Gasoline,Front-wheel drive,-1,12.58798934
170,3,151,3800.735717,14.2,2022,Europe,Diesel,All-wheel drive,0,10.62426854
230,4,,3611.522312,14.5,2019,Asia,Gasoline,All-wheel drive,0,12.28883387
190,4,125,2771.299512,16.3,2018,Asia,Gasoline,All-wheel drive,-2,16.42223472
160,3,158,2378.166184,18.2,2020,Asia,Diesel,Front-wheel drive,1,17.76531945
260,5,,3506.195722,12.8,2017,Asia,Gasoline,Front-wheel drive,0,11.58063879
250,4,146,2926.290261,17.6,2023,Europe,Diesel,All-wheel drive,-1,15.41144381
260,1,141,3115.454731,12.3,2001,USA,Gasoline,All-wheel drive,1,14.18236367
160,11,192,2640.650987,,2005,USA,Gasoline,Front-wheel drive,0,17.12598036
240,3,136,2706.69135,18.9,2003,Europe,Gasoline,All-wheel drive,-2,15.76676378
240,1,151,3639.713842,7.1,2014,Europe,Diesel,All-wheel drive,0,13.1076864
180,4,173,3019.345437,15.1,2010,Europe,Gasoline,Front-wheel drive,0,14.63552551
240,2,142,2466.608625,13.1,2010,Asia,Diesel,All-wheel drive,1,18.05540115
190,5,102,2609.603155,18.1,2002,Europe,Diesel,Front-wheel drive,0,16.92388717
190,3,124,3144.246246,,2015,Asia,Gasoline,Front-wheel drive,-2,13.9633516
170,4,179,3590.195703,17.1,2002,USA,Gasoline,Front-wheel drive,0,11.8800746
160,2,163,3380.841546,17.1,2008,USA,Gasoline,All-wheel drive,-1,13.83235664
170,4,73,3074.82866,15.5,2019,USA,Diesel,Front-wheel drive,-1,14.05901539
150,5,206,3395.362096,15.8,2011,Asia,Gasoline,All-wheel drive,1,13.83670057
280,2,167,2644.530038,15.7,2007,Asia,Gasoline,All-wheel drive,-2,17.202919
120,2,136,3833.080237,13.7,2002,Asia,Gasoline,All-wheel drive,,10.49753566
230,,145,2334.130692,12.7,2022,USA,Diesel,Front-wheel drive,-1,18.32584199
190,7,153,2696.812684,15.4,2020,Asia,Gasoline,All-wheel drive,0,16.69825555
250,3,189,2897.375449,15,2002,Asia,Gasoline,Front-wheel drive,0,15.21328529
140,7,,3712.967791,11.9,2002,Europe,Gasoline,All-wheel drive,-1,11.65005871
170,4,136,2428.51491,11.3,2009,Europe,Diesel,All-wheel drive,0,17.78839921
210,5,208,3250.77983,11.6,2009,USA,Gasoline,All-wheel drive,-1,14.84428457
210,3,,2607.138864,15.4,2016,Asia,Diesel,Front-wheel drive,-1,17.06267563
210,2,172,2841.17265,15.8,2003,USA,Diesel,Front-wheel drive,-2,15.46820108
290,8,143,2491.696715,11.7,2009,Asia,Diesel,All-wheel drive,-1,17.48495153
200,3,104,2235.096448,13.3,2015,Europe,Gasoline,All-wheel drive,0,18.645031
230,2,116,2602.086101,13.7,2019,Asia,Diesel,All-wheel drive,,17.01565217
210,3,155,3179.575341,,2007,USA,Diesel,Front-wheel drive,0,13.4843916
200,7,181,3127.51971,16.4,2002,Europe,Diesel,Front-wheel drive,0,14.87237871
190,1,171,2919.251625,15.3,2015,Asia,Gasoline,Front-wheel drive,1,15.46946316
150,7,190,3524.127008,12.3,2007,Europe,Diesel,Front-wheel drive,0,12.85371038
290,3,128,3259.034386,11.1,2013,Asia,Diesel,All-wheel drive,-1,14.05917732
150,7,163,2734.638697,15.8,2002,Asia,Gasoline,All-wheel drive,1,16.07431636
180,,141,2435.084705,14.6,2021,USA,Diesel,Front-wheel drive,-1,17.47712303
140,1,165,2918.411822,19.4,2007,USA,Gasoline,All-wheel drive,-1,14.83461081
110,3,131,3398.378413,14.8,2017,Asia,Diesel,Front-wheel drive,1,12.66833502
190,4,148,3711.603565,16.8,2003,Europe,Diesel,Front-wheel drive,-2,10.91544822
250,4,171,2138.62171,16.7,2016,Asia,Gasoline,Front-wheel drive,-1,19.02899326
210,3,108,2258.987343,16.3,2003,Europe,Gasoline,Front-wheel drive,0,18.48531574
200,1,149,2838.859129,17.2,2000,Asia,Diesel,All-wheel drive,-1,16.37124299
100,5,,2832.820962,9.3,2015,USA,Gasoline,Front-wheel drive,0,16.69631224
200,,199,4170.287499,9.9,2008,Europe,Gasoline,All-wheel drive,0,9.839440413
180,3,146,2721.834703,13.4,2020,USA,Diesel,All-wheel drive,-1,15.79549051
180,2,114,2893.490725,15.8,2001,Europe,Diesel,All-wheel drive,0,14.75574363
170,3,,2723.696554,15,2016,USA,Gasoline,All-wheel drive,-1,15.84633386
220,3,144,2535.887591,18.7,2009,USA,Gasoline,All-wheel drive,2,16.64294342
270,4,142,3553.317556,18.2,2013,Asia,Diesel,All-wheel drive,0,11.71024017
210,4,173,2610.655262,14.1,2019,Asia,Diesel,Front-wheel drive,2,17.450578
280,1,158,3746.519862,15.2,2009,USA,Gasoline,All-wheel drive,-2,11.79522908
230,5,,3577.97963,14.9,2019,Asia,Gasoline,Front-wheel drive,0,12.37565889
220,1,137,3748.48521,17.3,2019,Europe,Diesel,Front-wheel drive,2,10.80158859
150,1,129,3303.843031,17.8,2019,Asia,Diesel,All-wheel drive,2,12.82712663
270,2,117,2443.507303,11.5,2015,Asia,Diesel,All-wheel drive,-2,17.80275629
230,6,174,3980.215823,15.9,2002,Europe,Gasoline,All-wheel drive,-1,10.64395066
150,5,79,2390.234691,16.4,2015,USA,Diesel,Front-wheel drive,0,17.59098227
240,4,207,3432.754253,13.1,2012,Asia,Gasoline,All-wheel drive,1,12.99140383
240,6,170,3420.465798,14.3,2009,USA,Gasoline,Front-wheel drive,1,12.78275443
260,2,174,2702.257301,18.4,2011,Europe,Gasoline,All-wheel drive,2,16.06897494
210,4,149,2361.085388,12.2,2020,Europe,Gasoline,Front-wheel drive,,18.79946518
160,7,157,3216.10354,16.3,2017,USA,Gasoline,All-wheel drive,-1,14.19996164
160,3,195,2583.200028,14.2,2014,Europe,Diesel,Front-wheel drive,0,17.63344225
260,8,158,3111.763126,10.3,2009,Europe,Gasoline,Front-wheel drive,2,15.27107988
140,4,198,2489.511084,16.4,2009,Asia,Gasoline,All-wheel drive,1,18.43092781
270,1,127,3489.985764,15.4,2017,Asia,Gasoline,All-wheel drive,0,12.50294499
180,7,126,2699.051319,17.9,2021,USA,Gasoline,Front-wheel drive,0,16.31094111
250,4,156,2169.050663,18.8,2016,USA,Diesel,All-wheel drive,0,18.62032255
190,7,150,3473.480071,13.3,2012,USA,Gasoline,Front-wheel drive,0,13.04391242
160,2,148,2787.185555,17.3,2014,Europe,Gasoline,All-wheel drive,0,15.83881408
180,6,129,3514.922024,13.5,2011,USA,Gasoline,Front-wheel drive,-1,12.31728179
200,5,145,2712.22419,10.5,2002,Europe,Gasoline,All-wheel drive,0,16.75367697
180,3,,2465.829596,13.9,2002,Europe,Diesel,Front-wheel drive,1,18.27329219
140,4,192,3229.95688,16.5,2004,USA,Diesel,All-wheel drive,0,14.08731073
350,4,134,3506.054191,17.1,2006,Asia,Diesel,Front-wheel drive,1,12.63827995
210,1,161,2777.999278,15.1,2013,Europe,Gasoline,Front-wheel drive,1,15.82430386
170,3,148,2641.214914,7,2018,USA,Gasoline,All-wheel drive,,17.47070558
190,2,91,4348.632315,20.2,2015,USA,Diesel,Front-wheel drive,-1,6.893651808
270,6,209,3216.980876,14,2006,Asia,Gasoline,All-wheel drive,-1,14.93734518
180,5,141,2715.903472,16.5,2008,Asia,Gasoline,All-wheel drive,1,15.46150401
240,4,130,3645.647678,12.5,2013,Asia,Diesel,Front-wheel drive,-2,11.93086606
200,4,159,2821.090478,12.8,2022,Europe,Gasoline,All-wheel drive,-1,15.9864306
190,7,134,3634.247525,,2000,USA,Diesel,All-wheel drive,0,12.39946405
300,6,148,3736.322635,13.1,2004,Asia,Gasoline,Front-wheel drive,-1,11.88936396
220,2,154,2998.498849,15.3,2016,Asia,Gasoline,Front-wheel drive,1,15.41415405
150,6,83,3553.83959,,2016,USA,Gasoline,All-wheel drive,-1,10.63581648
230,,123,2391.177874,15.3,2018,USA,Diesel,All-wheel drive,,17.76682064
240,3,152,2700.409491,16.7,2020,Asia,Diesel,All-wheel drive,0,16.18492559
170,4,123,3006.585881,11,2014,Europe,Gasoline,All-wheel drive,,15.48786124
180,8,177,3037.185259,15.2,2017,USA,Diesel,All-wheel drive,1,14.78061344
230,2,210,2568.135995,13.5,2004,Asia,Diesel,All-wheel drive,,18.19811326
210,2,130,2705.164708,15.4,2005,USA,Gasoline,All-wheel drive,0,15.97211387
160,5,103,2941.587293,13,2003,Europe,Diesel,All-wheel drive,0,15.21066215
220,5,,3041.606547,11.7,2023,USA,Diesel,All-wheel drive,0,14.87769525
210,2,191,2958.434532,12.8,2015,USA,Gasoline,All-wheel drive,0,16.3108703
240,1,199,3464.358128,11,2021,Europe,Diesel,Front-wheel drive,-1,13.07494985
160,4,186,2611.387314,17.5,2020,Europe,Gasoline,All-wheel drive,-1,16.44826441
190,,151,2959.169044,15.8,2013,USA,Gasoline,Front-wheel drive,1,15.24970221
170,5,143,3457.263842,16.1,2010,USA,Gasoline,Front-wheel drive,-1,12.43279768
180,6,111,3196.276058,14.5,2007,Asia,Diesel,Front-wheel drive,2,13.58469924
120,3,179,2744.14833,19,2014,Europe,Gasoline,All-wheel drive,0,15.46498491
240,4,173,3371.005782,16.2,2016,Europe,Gasoline,All-wheel drive,0,13.16973586
230,4,135,2844.223396,,2003,USA,Gasoline,Front-wheel drive,0,14.9080308
230,4,152,3074.52301,11.3,2011,USA,Diesel,All-wheel drive,,14.47965332
310,1,161,2918.307778,13.1,2015,Asia,Diesel,Front-wheel drive,1,16.06296328
200,2,125,3774.034018,16,2006,USA,Diesel,All-wheel drive,0,10.73081768
180,6,180,3078.221669,17.4,2007,USA,Gasoline,All-wheel drive,,15.33667895
280,0,143,2965.616257,12,2022,Europe,Diesel,Front-wheel drive,-1,14.95100098
330,6,90,3187.062271,13.9,2010,Europe,Gasoline,All-wheel drive,0,12.71852263
160,6,137,2425.411146,11.3,2010,Europe,Gasoline,All-wheel drive,-1,17.84491343
180,1,112,3631.947098,11.3,2000,USA,Diesel,Front-wheel drive,-1,11.55966754
220,2,68,3109.917349,10.8,2001,USA,Diesel,All-wheel drive,,13.63292182
200,2,139,3700.481323,17.4,2021,Europe,Gasoline,Front-wheel drive,0,10.71198128
210,3,162,2341.339481,13.6,2007,Asia,Gasoline,All-wheel drive,0,18.56941197
220,3,156,2431.327492,17.5,2014,Asia,Gasoline,Front-wheel drive,0,18.06368413
90,5,105,3172.943182,15,2001,USA,Gasoline,All-wheel drive,1,13.7491338
210,3,136,3248.480073,13.9,2021,Asia,Gasoline,Front-wheel drive,-1,13.25785946
200,6,166,3769.905256,14.2,2004,USA,Diesel,All-wheel drive,-2,11.54021811
210,1,208,3179.566307,16.4,2021,USA,Gasoline,All-wheel drive,0,14.37163914
190,5,167,3415.242995,18.2,2004,Europe,Diesel,Front-wheel drive,-1,13.39165734
250,6,197,3123.123391,14,2011,Asia,Gasoline,Front-wheel drive,0,15.35024473
200,3,147,3192.545077,8.2,2010,Europe,Diesel,Front-wheel drive,1,14.7582462
280,3,138,2920.589009,15.4,2019,Asia,Diesel,All-wheel drive,-2,15.05869917
190,,136,3122.437193,13.6,2003,USA,Diesel,Front-wheel drive,1,14.50741313
240,5,151,1314.839625,15,2012,USA,Gasoline,Front-wheel drive,0,23.55607545
220,2,160,3488.546969,12.1,2001,USA,Diesel,All-wheel drive,-1,13.09143385
170,2,149,3022.817424,,2012,USA,Diesel,All-wheel drive,0,14.51441132
120,5,,2812.364875,13.8,2017,USA,Gasoline,All-wheel drive,-1,16.12527318
230,2,163,1984.238858,,2000,USA,Diesel,All-wheel drive,0,20.53335525
190,2,161,3161.505434,17.7,2004,Europe,Diesel,Front-wheel drive,,13.4172826
160,3,158,2511.706767,15.2,2014,USA,Gasoline,All-wheel drive,2,17.14208274
40,4,103,2103.882204,14.5,2003,USA,Diesel,Front-wheel drive,0,19.13057088
110,1,164,2936.038946,,2021,USA,Gasoline,Front-wheel drive,1,16.34882071
110,6,154,2314.873595,,2007,Asia,Diesel,Front-wheel drive,,18.81112578
270,2,101,3786.314867,19.4,2002,Europe,Gasoline,Front-wheel drive,,10.03280179
250,6,134,3747.614093,15.3,2008,Asia,Gasoline,All-wheel drive,-1,11.05112843
250,,130,3180.135375,8.7,2013,Asia,Gasoline,All-wheel drive,1,14.75108265
140,2,190,2862.439564,14.1,2001,Europe,Diesel,Front-wheel drive,-1,15.94449588
220,,163,2864.851256,20.5,2005,Europe,Gasoline,All-wheel drive,2,15.05116011
220,1,136,2445.94842,16.7,2003,USA,Diesel,Front-wheel drive,0,18.05688683
170,3,237,2972.111718,14.7,2006,USA,Diesel,All-wheel drive,1,16.08866187
240,5,134,3682.077372,12.2,2022,USA,Diesel,All-wheel drive,,12.45682869
300,3,138,2863.884444,,2022,Asia,Diesel,Front-wheel drive,-1,15.695655
260,6,193,2918.29089,11.3,2020,Asia,Diesel,Front-wheel drive,-1,16.59303567
170,4,178,3162.541275,15.6,2004,Asia,Gasoline,All-wheel drive,0,14.60012956
180,3,121,3554.28373,17.9,2006,USA,Diesel,Front-wheel drive,1,11.60486229
180,9,144,2897.91791,15.5,2003,USA,Gasoline,All-wheel drive,-1,15.49570789
150,3,129,2614.058388,14.7,2016,Europe,Gasoline,Front-wheel drive,0,16.96942128
270,2,138,3676.493792,17,2012,Asia,Diesel,All-wheel drive,1,11.95422319
180,,,2166.907159,,2022,USA,Gasoline,Front-wheel drive,0,18.91203418
190,3,158,2868.610944,,2007,Asia,Gasoline,All-wheel drive,-1,15.61996837
220,6,,2650.110372,12.8,2014,Europe,Gasoline,All-wheel drive,0,16.45491318
130,4,132,3717.134107,14.9,2017,USA,Diesel,All-wheel drive,0,11.66376854
230,2,159,3082.804311,15.3,2009,Asia,Diesel,Front-wheel drive,0,14.30653162
150,3,102,3531.916122,17.4,2023,Europe,Diesel,All-wheel drive,1,11.26129498
250,3,155,3321.245606,16.4,2018,Europe,Diesel,Front-wheel drive,2,13.16077778
240,5,174,3087.199303,13.3,2016,USA,Gasoline,Front-wheel drive,0,14.76581634
190,5,149,3214.608852,12,2000,USA,Diesel,All-wheel drive,0,13.72385107
130,3,129,2621.131531,15.3,2006,Europe,Diesel,All-wheel drive,0,17.07913823
150,7,155,2524.8949,15.1,2018,USA,Diesel,All-wheel drive,0,17.95218008
190,4,124,3288.895385,12.7,2019,Asia,Gasoline,Front-wheel drive,1,12.89699034
140,4,156,2149.298448,12.3,2011,USA,Diesel,Front-wheel drive,-2,19.35676583
180,4,168,2946.71408,18.1,2021,USA,Diesel,Front-wheel drive,0,14.92351214
190,2,119,3027.172923,19,2020,USA,Diesel,All-wheel drive,0,13.87363642
220,2,109,3787.040059,17,2002,Europe,Diesel,Front-wheel drive,1,10.54812199
260,5,125,3765.690007,9.9,2014,Asia,Gasoline,Front-wheel drive,0,11.12622164
240,1,176,3495.80174,13.5,2019,Asia,Gasoline,Front-wheel drive,-1,13.32742438
220,,110,2923.509743,8.9,2003,Europe,Gasoline,All-wheel drive,-1,15.33762089
210,3,162,3411.489903,,2019,Asia,Gasoline,All-wheel drive,0,13.07731049
270,3,166,3121.054267,16,2016,Asia,Gasoline,Front-wheel drive,0,14.33927446
190,3,121,2600.048017,12.2,2004,USA,Gasoline,Front-wheel drive,1,17.29125152
220,5,130,2627.506842,13.3,2006,Europe,Gasoline,All-wheel drive,-1,17.27868163
200,4,171,3524.547541,19.5,2005,Asia,Diesel,All-wheel drive,-1,12.523276
270,2,194,3180.748771,16.5,2005,Europe,Gasoline,All-wheel drive,0,13.81874724
160,3,158,2696.376519,15.1,2010,Asia,Diesel,All-wheel drive,0,16.59315844
280,5,113,2761.038597,18.5,2022,Europe,Gasoline,All-wheel drive,0,15.20575788
230,4,112,3600.205043,17.1,2002,USA,Gasoline,Front-wheel drive,1,12.22806566
250,7,154,3401.442912,,2014,USA,Diesel,Front-wheel drive,3,12.99959328
250,2,167,2691.805318,17.7,2007,Europe,Gasoline,Front-wheel drive,0,16.13890054
290,1,132,3179.105903,14.4,2002,USA,Gasoline,Front-wheel drive,1,13.76725713
170,3,100,3219.931122,13.8,2019,Europe,Gasoline,Front-wheel drive,0,12.96942384
230,5,105,3038.014407,13.3,2001,USA,Diesel,Front-wheel drive,-1,14.33991495
190,4,106,3709.013159,,2005,Europe,Gasoline,All-wheel drive,0,10.40114447
210,5,148,2704.188281,18.6,2002,USA,Diesel,Front-wheel drive,1,16.71260063
240,3,151,3357.060257,12.5,2006,Europe,Diesel,Front-wheel drive,0,13.87863228
70,3,172,2789.108847,9.3,2011,USA,Gasoline,All-wheel drive,-1,16.86492754
350,6,153,3901.949847,11.1,2015,Asia,Gasoline,All-wheel drive,1,10.59334654
160,4,94,3113.422492,16.7,2014,Asia,Gasoline,Front-wheel drive,0,13.74905442
180,3,126,3094.44306,17.2,2007,USA,Diesel,All-wheel drive,-1,14.80923831
160,7,158,3297.526644,15.6,2020,USA,Gasoline,Front-wheel drive,-1,13.40593872
230,4,176,2817.901468,11.8,2005,Asia,Diesel,Front-wheel drive,-1,17.10193355
220,3,122,2854.114745,16.6,2008,Asia,Diesel,All-wheel drive,0,14.90141606
240,5,99,4334.574746,15,2021,Asia,Gasoline,All-wheel drive,1,7.62611377
150,3,144,2594.349426,16.4,2018,Europe,Diesel,All-wheel drive,-1,16.50061276
140,3,,2917.374983,14.6,2023,USA,Gasoline,All-wheel drive,-1,15.90773471
250,6,147,3106.86661,15.6,2004,Europe,Diesel,Front-wheel drive,-1,14.20851608
200,2,120,3796.696036,15.2,2014,Europe,Diesel,All-wheel drive,1,10.29428488
250,2,128,3270.640287,15.8,2013,Asia,Diesel,All-wheel drive,-1,12.96083381
180,0,165,2658.968248,13.9,2013,Asia,Gasoline,Front-wheel drive,1,17.27810769
130,4,159,2931.220657,17.2,2006,USA,Gasoline,All-wheel drive,1,14.58378714
310,5,,2452.446639,15.4,2018,Europe,Gasoline,All-wheel drive,0,17.72364423
250,2,160,3688.286922,13.4,2007,USA,Gasoline,Front-wheel drive,0,11.65305311
130,2,122,3193.398433,13.2,2015,Europe,Diesel,All-wheel drive,0,14.18274382
270,4,101,3535.883694,,2021,USA,Gasoline,All-wheel drive,-1,12.0717292
320,2,152,3859.39744,11.6,2004,Europe,Diesel,Front-wheel drive,-1,10.64278339
200,3,112,2458.5273,17.4,2016,Asia,Gasoline,All-wheel drive,0,16.96765352
100,2,145,2437.372839,12.6,2008,USA,Diesel,All-wheel drive,0,17.79232831
210,3,143,3329.858078,11.6,2014,Europe,Diesel,Front-wheel drive,-1,12.86417061
250,3,166,3100.5084,14.7,2007,Asia,Gasoline,Front-wheel drive,-1,14.78664643
280,3,140,3164.408535,11.1,2022,Asia,Diesel,Front-wheel drive,0,14.27883753
220,6,137,2366.410015,16.8,2019,Europe,Gasoline,Front-wheel drive,-1,17.36707965
210,10,,2765.268446,19,2022,Europe,Gasoline,Front-wheel drive,-1,16.03677356
220,0,92,3032.057053,,2021,USA,Gasoline,All-wheel drive,-1,14.3124237
140,5,136,2507.91059,11.7,2017,USA,Gasoline,Front-wheel drive,1,17.4720472
80,4,176,4525.096705,15.5,2017,Europe,Diesel,Front-wheel drive,0,7.257553227
220,4,143,2944.941882,14.9,2008,Asia,Gasoline,Front-wheel drive,-2,14.93743411
290,2,186,3558.816129,14.1,2011,Asia,Diesel,All-wheel drive,-2,12.60970897
290,3,164,1966.341264,14.3,2005,Europe,Gasoline,Front-wheel drive,2,20.30427002
140,3,164,2812.06483,13.1,2015,USA,Diesel,All-wheel drive,-2,16.53941559
270,1,168,2874.886489,15.3,2006,USA,Gasoline,All-wheel drive,-2,16.06169125
110,3,128,3873.905994,14.4,2017,Europe,Diesel,Front-wheel drive,0,10.08713868
130,4,125,4102.372954,14.9,2017,Asia,Diesel,Front-wheel drive,-1,9.403592638
200,4,,2947.14398,18.1,2022,Europe,Diesel,All-wheel drive,-1,15.44650257
210,4,155,3504.316154,15.8,2009,Asia,Gasoline,All-wheel drive,0,12.31594553
190,7,194,3102.61295,14.2,2019,Asia,Diesel,Front-wheel drive,-2,14.59978175
310,2,144,2174.086895,17.3,2018,USA,Gasoline,All-wheel drive,-1,19.04347123
140,5,220,3525.410542,15,2008,Asia,Diesel,Front-wheel drive,-2,13.30651257
250,3,161,2850.896049,11.7,2020,Asia,Diesel,Front-wheel drive,0,17.06850239
180,5,181,2677.099889,16.2,2023,Asia,Diesel,Front-wheel drive,0,16.88949871
180,4,181,2535.814263,12.6,2021,Asia,Diesel,Front-wheel drive,0,18.31729887
230,3,146,2375.77302,,2019,USA,Gasoline,Front-wheel drive,0,18.06117343
250,4,173,2876.382188,15.3,2007,Asia,Gasoline,Front-wheel drive,0,16.02227671
180,6,122,2614.061311,14.3,2019,Europe,Gasoline,All-wheel drive,-2,16.40617038
190,4,144,3148.233721,16.9,2002,USA,Diesel,Front-wheel drive,-1,14.01745585
200,2,145,3236.421914,14.4,2020,Europe,Gasoline,All-wheel drive,0,13.96121447
160,5,184,3545.533541,15.3,2003,Asia,Gasoline,Front-wheel drive,3,12.17302038
280,3,137,2972.040691,13.7,2016,Asia,Diesel,All-wheel drive,0,15.28270449
100,6,134,3644.474453,17.6,2015,Europe,Gasoline,All-wheel drive,-1,10.52383675
190,3,182,2823.867916,,2006,Europe,Diesel,Front-wheel drive,0,16.77449259
140,2,172,2851.968835,15.6,2014,Europe,Gasoline,Front-wheel drive,0,15.30348396
220,3,157,3004.653504,19.4,2019,Asia,Diesel,Front-wheel drive,0,14.85448382
110,4,143,2975.036075,19.5,2003,USA,Diesel,All-wheel drive,0,14.51130622
190,1,138,3471.408871,19.2,2022,Asia,Diesel,Front-wheel drive,1,13.06026808
240,5,204,2808.138416,16.3,2016,Asia,Diesel,Front-wheel drive,0,16.37735406
180,4,126,3063.815627,15.9,2021,Asia,Gasoline,All-wheel drive,2,14.54055988
260,6,163,3100.095822,,2014,USA,Gasoline,Front-wheel drive,2,14.02253707
120,3,168,2781.133291,16.6,2016,Europe,Diesel,Front-wheel drive,-1,16.11781222
190,3,173,3395.444132,14.2,2001,Europe,Diesel,Front-wheel drive,2,13.38044017
210,1,,2861.311111,18,2005,Asia,Gasoline,Front-wheel drive,0,15.24159469
150,3,114,3502.320098,12,2010,Europe,Diesel,All-wheel drive,0,12.11545957
240,2,131,2490.053617,13,2018,Asia,Gasoline,All-wheel drive,1,17.62371449
200,4,94,2689.580838,,2015,Europe,Gasoline,All-wheel drive,-1,16.38194875
210,8,78,2974.905241,,2005,USA,Gasoline,Front-wheel drive,1,13.92288206
350,1,151,3156.265078,17.1,2023,Europe,Gasoline,Front-wheel drive,1,13.87591576
230,2,135,2835.139701,18.4,2011,Europe,Gasoline,Front-wheel drive,0,15.67365451
210,3,120,3709.433973,18.4,2013,Asia,Gasoline,All-wheel drive,1,9.945552644
170,2,,3245.482568,14,2021,Asia,Gasoline,Front-wheel drive,1,14.48465557
180,3,125,3836.223881,12.5,2005,Europe,Gasoline,All-wheel drive,1,11.16919726
160,2,170,3542.628725,16.2,2013,Europe,Diesel,All-wheel drive,0,11.95305673
120,2,118,3095.240049,15.4,2013,Europe,Diesel,All-wheel drive,1,14.58187975
250,3,124,2509.244297,16.6,2006,Asia,Gasoline,Front-wheel drive,1,17.10693367
210,6,158,2892.31321,,2021,USA,Gasoline,All-wheel drive,0,14.77552946
250,3,145,3151.047475,13,2020,Europe,Gasoline,All-wheel drive,-1,14.6325983
160,2,135,2940.55638,11.8,2017,Asia,Gasoline,Front-wheel drive,0,15.99796709
170,6,158,2971.83667,11.5,2000,Europe,Gasoline,All-wheel drive,-1,15.20416254
120,,136,3035.553674,19.3,2014,USA,Diesel,Front-wheel drive,0,14.59506106
230,,138,2504.082648,16,2006,Asia,Gasoline,Front-wheel drive,1,17.48421059
220,2,174,3496.546126,13.8,2005,USA,Diesel,All-wheel drive,0,12.84789273
240,4,127,2927.730604,18.7,2019,Europe,Diesel,Front-wheel drive,-1,14.78996338
110,2,152,2397.387903,16.1,2002,USA,Gasoline,Front-wheel drive,0,17.07327369
180,6,179,3719.813627,13.6,2013,Europe,Diesel,All-wheel drive,,11.80129418
150,3,110,2133.470209,15.3,2003,USA,Gasoline,All-wheel drive,0,18.75095318
190,3,173,3247.63737,17.9,2000,Asia,Diesel,Front-wheel drive,0,14.46527747
210,6,160,3420.108853,13.8,2017,Europe,Diesel,Front-wheel drive,1,12.69212768
200,3,89,3976.831034,22.1,2011,USA,Gasoline,All-wheel drive,0,8.817440842
230,3,131,2936.0366,14.8,2005,Europe,Gasoline,Front-wheel drive,1,15.09608032
140,5,,3566.184617,,2005,Europe,Diesel,All-wheel drive,1,12.1902808
200,6,172,3212.793731,12.4,2021,Europe,Diesel,Front-wheel drive,-2,14.26668681
240,2,82,2940.602422,15.8,2009,USA,Gasoline,All-wheel drive,0,15.22596774
190,5,159,3318.406671,,2021,Europe,Gasoline,All-wheel drive,1,13.69779313
200,6,145,2588.409202,,2022,Asia,Gasoline,Front-wheel drive,-1,17.9542753
250,3,170,3364.597411,14.1,2012,Europe,Gasoline,Front-wheel drive,0,12.63585388
190,,,2197.510074,,2000,USA,Gasoline,All-wheel drive,-1,19.25056804
150,4,148,2150.530176,15,2010,USA,Gasoline,Front-wheel drive,0,18.77528882
180,4,99,2682.239824,12.6,2019,USA,Diesel,Front-wheel drive,2,16.55431113
170,6,117,2713.336937,10.4,2007,USA,Gasoline,Front-wheel drive,1,16.93213315
250,2,111,2419.268954,17.8,2002,Asia,Diesel,All-wheel drive,-2,17.35376837
160,,169,3543.740195,18.3,2008,Europe,Gasoline,All-wheel drive,1,12.02988134
80,5,77,2666.49722,14.9,2021,Europe,Diesel,All-wheel drive,0,15.82732386
240,4,160,3140.811935,10.9,2002,Asia,Diesel,Front-wheel drive,0,15.0858621
210,5,124,3785.177506,,2006,Asia,Diesel,Front-wheel drive,1,10.86664112
150,1,160,2806.368783,14.1,2013,Asia,Gasoline,All-wheel drive,-1,16.43215777
170,5,160,2135.615929,16.4,2022,Europe,Diesel,Front-wheel drive,-1,18.78783667
240,5,171,2535.906213,18,2015,Asia,Diesel,Front-wheel drive,2,16.92848294
100,4,,2858.313273,17.9,2006,USA,Diesel,Front-wheel drive,1,15.82553705
170,1,125,2614.905884,15.1,2022,Asia,Diesel,All-wheel drive,1,17.10175576
180,3,147,2997.749503,17.5,2001,Europe,Gasoline,Front-wheel drive,-1,14.87815779
280,4,134,3516.878216,14.9,2003,Asia,Gasoline,All-wheel drive,1,12.40410413
230,3,159,3207.804747,19.1,2023,Europe,Diesel,All-wheel drive,1,13.57669822
170,5,169,1828.178678,16,2009,USA,Diesel,Front-wheel drive,0,20.77340752
170,5,177,3299.720464,14.6,2010,Europe,Diesel,Front-wheel drive,0,14.13163659
300,2,180,3054.589367,18.9,2005,USA,Diesel,Front-wheel drive,,14.58126609
200,6,185,3668.245505,15.4,2016,Asia,Gasoline,All-wheel drive,1,11.91160441
210,2,185,3479.084038,16.2,2006,Asia,Diesel,All-wheel drive,,12.86795481
290,5,139,2738.748324,17.9,2010,Asia,Diesel,Front-wheel drive,-1,15.59814058
180,5,153,2789.239091,17.1,2004,USA,Gasoline,All-wheel drive,-1,15.47729309
320,2,108,2754.579035,14.5,2015,USA,Diesel,All-wheel drive,-2,15.43347188
200,1,213,3312.309106,11.2,2012,Asia,Diesel,Front-wheel drive,1,14.87651059
160,4,150,1997.407659,14.8,2013,USA,Diesel,All-wheel drive,-1,20.14873305
210,6,165,2846.247041,14.7,2019,USA,Diesel,All-wheel drive,0,15.86962315
210,2,125,3567.991661,9.6,2005,Asia,Diesel,Front-wheel drive,-1,13.04642497
230,8,90,3225.4373,19.6,2013,USA,Diesel,Front-wheel drive,1,12.32984241
210,1,167,3243.957856,14.8,2004,USA,Gasoline,All-wheel drive,1,13.80727439
220,4,89,3318.434538,17,2001,Asia,Gasoline,Front-wheel drive,-1,12.83212769
130,4,192,4029.961444,13.3,2008,USA,Gasoline,Front-wheel drive,1,9.682622756
200,4,214,2919.258823,15.3,2004,Asia,Diesel,All-wheel drive,1,16.35741297
220,3,156,2756.871411,16.4,2003,USA,Diesel,Front-wheel drive,-2,16.13493611
220,4,,2472.706094,16,2012,USA,Gasoline,Front-wheel drive,0,17.78721497
80,3,170,3308.933656,12.6,2012,Europe,Gasoline,Front-wheel drive,-3,14.15699631
290,4,180,2106.344271,16.1,2015,USA,Gasoline,Front-wheel drive,0,19.40378965
200,3,129,2666.521398,,2005,Asia,Diesel,All-wheel drive,0,16.87123316
240,4,175,2268.983436,11.9,2014,Europe,Diesel,All-wheel drive,2,19.08299383
220,3,,3029.319749,17.6,2009,Asia,Gasoline,Front-wheel drive,0,14.51706706
180,,133,2685.562731,11,2022,USA,Gasoline,Front-wheel drive,-1,16.90529359
130,1,138,3165.678572,19.3,2006,Europe,Diesel,Front-wheel drive,-1,13.38279011
200,2,180,3928.553994,,2005,Europe,Gasoline,All-wheel drive,-1,9.950664259
250,3,,3402.054533,13.2,2017,Asia,Gasoline,All-wheel drive,-1,12.65840747
220,4,106,3986.970495,14.4,2019,Europe,Gasoline,Front-wheel drive,2,9.491127663
210,3,122,3197.096469,18.8,2008,Europe,Gasoline,All-wheel drive,0,13.48429338
230,7,,2832.189393,11.9,2015,Asia,Gasoline,Front-wheel drive,-1,15.91299537
150,3,,2825.282474,15.7,2019,Europe,Diesel,All-wheel drive,1,15.93913574
140,4,161,3068.868433,18.3,2003,Europe,Diesel,All-wheel drive,-1,14.41766113
110,3,159,3306.398363,13.6,2018,Asia,Diesel,All-wheel drive,0,13.38523058
170,1,162,3640.091645,13.9,2022,Europe,Diesel,All-wheel drive,0,12.34794966
230,3,142,3084.616986,16.6,2007,USA,Gasoline,Front-wheel drive,2,15.12690249
180,6,143,2545.976019,12.3,2015,Europe,Diesel,Front-wheel drive,-1,16.97574843
280,7,168,2538.500207,15.9,2013,Asia,Gasoline,All-wheel drive,1,17.63281587
190,5,180,2799.303563,16.4,2002,USA,Diesel,All-wheel drive,1,16.43013518
190,6,134,3010.522891,,2015,USA,Gasoline,All-wheel drive,-1,15.14066337
200,4,162,2244.350292,12.1,2012,Asia,Gasoline,All-wheel drive,1,18.57812396
210,8,,3182.112888,,2012,Asia,Diesel,Front-wheel drive,0,13.21319796
190,4,199,2133.013968,10.1,2015,Asia,Diesel,Front-wheel drive,,20.4479855
220,3,137,2373.22734,16.6,2020,Europe,Diesel,Front-wheel drive,2,18.33368424
80,7,161,3134.76303,12.5,2005,USA,Diesel,All-wheel drive,0,14.61181613
230,,129,3147.594594,14.4,2017,Europe,Gasoline,Front-wheel drive,0,13.91957029
250,2,179,3028.686805,19.6,2019,Europe,Diesel,Front-wheel drive,0,14.4867645
210,3,,3779.874082,12.4,2002,Europe,Diesel,All-wheel drive,1,11.11659067
180,,121,3295.31068,13.9,2002,USA,Diesel,Front-wheel drive,,13.49995261
270,5,175,2699.390816,14.4,2005,Asia,Gasoline,All-wheel drive,0,16.97803292
130,7,110,3249.445541,14,2001,Europe,Diesel,Front-wheel drive,-1,13.26363896
210,2,142,3159.335842,15.3,2012,Europe,Gasoline,Front-wheel drive,1,13.8974848
290,5,125,2763.183095,,2007,Europe,Gasoline,All-wheel drive,0,16.14512187
180,4,59,3059.105989,14.4,2006,Asia,Diesel,Front-wheel drive,-1,13.67606713
180,8,182,2700.381305,14.7,2000,USA,Diesel,All-wheel drive,-1,17.19217153
220,8,137,2790.006727,19,2004,USA,Diesel,Front-wheel drive,0,15.14632671
230,3,116,3557.309764,16.4,2009,USA,Gasoline,Front-wheel drive,-1,11.95427957
190,,126,2404.007263,13.5,2012,Europe,Gasoline,All-wheel drive,-1,17.79853831
220,4,158,2103.960955,16.9,2004,USA,Diesel,All-wheel drive,-1,19.46433173
220,3,,2576.301414,12.8,2013,Europe,Diesel,All-wheel drive,-1,16.86628802
220,5,142,3854.103893,15.7,2004,Europe,Gasoline,All-wheel drive,-1,11.02486379
130,4,153,2675.301159,15.6,2022,Europe,Diesel,All-wheel drive,0,15.92927515
170,2,136,2018.033918,15.8,2020,Europe,Gasoline,Front-wheel drive,1,18.92559142
300,1,123,2900.531745,16.4,2004,Asia,Diesel,Front-wheel drive,,15.34457886
210,4,165,3423.683866,16,2010,Europe,Diesel,Front-wheel drive,0,12.80267637
130,6,,3034.212289,15.8,2021,Asia,Gasoline,Front-wheel drive,,14.35556968
170,2,148,3168.267779,13.4,2005,Europe,Diesel,All-wheel drive,0,14.22103507
240,4,92,3340.91033,16.3,2011,USA,Diesel,Front-wheel drive,-1,12.5178206
210,4,171,3585.30569,18.8,2007,USA,Gasoline,Front-wheel drive,1,11.68297155
170,5,120,3585.324609,12,2021,USA,Gasoline,Front-wheel drive,1,12.23955487
170,7,176,2988.347175,21.1,2019,Europe,Gasoline,All-wheel drive,1,14.27000601
180,4,72,2917.835306,13.6,2006,USA,Diesel,Front-wheel drive,0,14.85026857
210,0,128,1924.91842,14.1,2011,USA,Gasoline,Front-wheel drive,0,20.2531365
90,3,162,2399.913289,12.7,2006,USA,Gasoline,All-wheel drive,0,18.08885896
140,4,170,2779.820556,16.4,2014,Europe,Diesel,All-wheel drive,0,16.68477831
140,7,138,3473.893479,,2001,Europe,Gasoline,Front-wheel drive,0,13.07214098
230,4,89,3442.916135,13.7,2010,Asia,Gasoline,All-wheel drive,0,11.93460084
210,7,145,2991.73587,18.6,2017,Asia,Gasoline,All-wheel drive,-2,14.61346851
240,6,165,3338.693572,,2020,USA,Diesel,Front-wheel drive,0,13.09541516
200,2,137,2749.553861,,2009,Europe,Gasoline,Front-wheel drive,-1,16.0955056
310,3,,2717.964011,15.1,2021,Asia,Gasoline,Front-wheel drive,0,16.83624804
170,3,178,3733.216658,14,2001,Asia,Gasoline,Front-wheel drive,1,11.66092954
200,0,141,2828.557037,15.3,2017,Asia,Gasoline,Front-wheel drive,-1,15.93598475
190,6,125,3053.241835,14.5,2010,Asia,Diesel,All-wheel drive,0,14.27868898
200,7,83,2823.188228,11.3,2008,USA,Diesel,All-wheel drive,-1,15.77711004
180,0,183,3174.7768,13,2013,USA,Diesel,All-wheel drive,1,14.79238958
190,5,156,2897.137754,17.8,2021,USA,Gasoline,Front-wheel drive,0,15.20130742
90,3,167,3460.92343,17,2007,Asia,Diesel,Front-wheel drive,1,12.45454706
150,6,155,2754.159413,15,2014,USA,Diesel,Front-wheel drive,0,14.77970801
250,4,172,2836.270421,13.3,2003,USA,Gasoline,Front-wheel drive,-1,15.86753364
310,5,144,2474.698802,11.8,2014,Asia,Diesel,All-wheel drive,-1,18.66857446
240,3,,2710.759701,12.7,2007,USA,Diesel,All-wheel drive,-1,16.25357544
200,3,191,3318.730627,17.7,2011,USA,Diesel,Front-wheel drive,0,13.5293753
190,3,195,2617.270589,16.8,2021,Asia,Gasoline,Front-wheel drive,0,17.20443177
200,2,145,2662.632428,10.5,2008,USA,Gasoline,Front-wheel drive,0,17.228399
160,6,136,3524.011398,17.9,2004,USA,Gasoline,Front-wheel drive,-1,11.21653199
230,4,176,2091.411457,,2000,Asia,Diesel,All-wheel drive,0,19.44323059
180,8,137,2984.987337,,2017,Europe,Diesel,All-wheel drive,-1,15.52297671
230,,163,3369.754933,,2012,USA,Diesel,All-wheel drive,-1,13.25937193
240,,141,2210.045276,12.1,2010,Asia,Diesel,All-wheel drive,-1,19.20651809
240,2,147,2675.896146,15.9,2019,USA,Gasoline,All-wheel drive,-2,16.87287362
280,4,148,3394.098811,14.5,2005,USA,Diesel,All-wheel drive,1,12.58393644
80,7,103,1871.62361,17.1,2004,USA,Gasoline,All-wheel drive,2,20.54637494
180,3,216,2832.606037,,2004,Europe,Gasoline,Front-wheel drive,2,16.20594433
230,5,167,3131.860213,9.9,2005,Asia,Gasoline,All-wheel drive,-2,15.04174001
210,3,134,3224.525095,17.5,2017,Europe,Gasoline,All-wheel drive,-1,13.38715231
300,1,161,1976.602664,14.8,2019,USA,Diesel,All-wheel drive,0,20.84324386
170,3,96,3782.290474,13.2,2014,Asia,Gasoline,Front-wheel drive,-1,10.31610888
110,4,127,2925.032244,14.7,2016,Europe,Gasoline,All-wheel drive,1,15.20905572
210,7,142,3365.112533,,2014,USA,Gasoline,All-wheel drive,0,13.16318081
170,0,127,2874.865452,21.6,2020,USA,Gasoline,All-wheel drive,1,14.33871234
200,3,109,3990.526489,12.8,2002,Asia,Diesel,Front-wheel drive,0,10.33940394
210,0,166,2871.98406,14.8,2014,USA,Diesel,Front-wheel drive,0,15.88196639
230,2,120,3330.461522,14.8,2004,Asia,Diesel,Front-wheel drive,0,13.48020917
250,6,132,2999.28755,15.4,2012,USA,Diesel,All-wheel drive,1,14.91415196
160,3,,2742.907867,16,2001,Europe,Diesel,All-wheel drive,2,16.90378891
220,3,116,3029.987114,16.6,2020,USA,Diesel,All-wheel drive,0,14.38499216
140,3,185,3157.39086,16.7,2004,Asia,Gasoline,All-wheel drive,0,14.56968655
190,6,135,3402.724135,14.6,2012,USA,Diesel,Front-wheel drive,0,12.74871207
190,2,157,3279.276175,16.1,2008,Europe,Gasoline,Front-wheel drive,0,13.14631681
250,1,143,3108.433844,15.7,2022,Asia,Gasoline,All-wheel drive,,14.04181862
140,4,,2841.098938,16.9,2012,Asia,Diesel,Front-wheel drive,-1,15.66043352
250,7,176,3054.363749,15,2004,USA,Gasoline,All-wheel drive,0,14.59974885
190,4,164,2937.418467,,2002,USA,Gasoline,Front-wheel drive,0,15.24944119
240,3,137,3689.90608,15.3,2018,Europe,Diesel,All-wheel drive,-1,11.86074049
260,2,129,1865.40448,14.5,2019,Europe,Gasoline,Front-wheel drive,0,20.50246014
200,4,142,2825.568016,,2007,Asia,Diesel,All-wheel drive,0,15.15834585
270,3,136,2720.360158,11,2015,Asia,Gasoline,Front-wheel drive,1,16.60743302
220,7,201,2688.41008,18.3,2018,Asia,Diesel,Front-wheel drive,2,17.27582219
230,4,152,3699.326402,16.2,2009,USA,Gasoline,All-wheel drive,-1,10.96381386
140,4,168,3685.447589,11.7,2006,Asia,Gasoline,Front-wheel drive,-2,12.13779167
200,2,174,2724.697991,17.4,2018,Asia,Gasoline,All-wheel drive,-1,17.35963422
210,7,,2225.567068,14.9,2004,Europe,Diesel,All-wheel drive,0,18.57616041
260,3,190,3266.977518,10.5,2017,Europe,Gasoline,All-wheel drive,1,14.32360376
150,4,149,3402.020005,14.4,2012,USA,Diesel,Front-wheel drive,0,12.45633929
220,3,134,2171.395273,15.3,2003,Europe,Gasoline,All-wheel drive,,19.27094774
190,3,140,3288.657961,9.2,2004,Europe,Diesel,All-wheel drive,0,13.79854587
300,3,66,2840.775105,13.6,2013,Europe,Diesel,Front-wheel drive,-1,15.49624788
150,4,214,2346.828874,16.2,2018,Europe,Diesel,Front-wheel drive,1,18.87556578
90,6,145,2536.593186,20.8,2012,USA,Gasoline,All-wheel drive,0,16.87143412
210,3,,3165.298109,15.6,2019,Europe,Gasoline,Front-wheel drive,-2,14.4714595
180,4,109,3218.760349,14.5,2014,Asia,Gasoline,Front-wheel drive,-1,13.41873915
200,3,159,2994.232994,18,2005,USA,Gasoline,All-wheel drive,-1,14.97365301
210,1,138,2916.859046,17,2002,USA,Diesel,Front-wheel drive,,14.54647934
250,2,140,2718.260174,11.8,2006,Europe,Diesel,Front-wheel drive,0,16.23022134
220,5,115,2631.218057,14.2,2022,USA,Gasoline,All-wheel drive,-1,16.21534728
130,4,156,2508.157517,14.7,2014,Europe,Gasoline,Front-wheel drive,-1,16.97490706
170,,159,3066.841032,18.6,2008,Asia,Diesel,Front-wheel drive,1,14.13217504
190,5,88,2506.782038,16.2,2003,USA,Gasoline,Front-wheel drive,-1,16.07166619
230,6,138,3656.59226,14.8,2009,Asia,Diesel,All-wheel drive,-1,11.47458379
280,4,135,2863.893301,16.2,2000,Europe,Gasoline,Front-wheel drive,1,16.01445858
80,6,188,2477.184408,,2017,USA,Gasoline,All-wheel drive,1,18.11217594
180,1,139,2418.533348,13.2,2002,Asia,Gasoline,Front-wheel drive,1,17.78429397
220,2,190,3138.17448,18.2,2009,Europe,Diesel,Front-wheel drive,-1,14.82010876
230,1,168,3058.475507,14.9,2019,Europe,Gasoline,All-wheel drive,0,14.7004431
210,5,127,2729.927389,13.8,2000,Europe,Gasoline,All-wheel drive,-2,16.6279285
210,8,127,3045.695918,16.6,2009,Europe,Gasoline,All-wheel drive,0,14.20378685
200,4,165,3266.270109,12.4,2006,Europe,Gasoline,All-wheel drive,0,14.23470872
200,3,90,3378.420104,13.9,2012,USA,Gasoline,Front-wheel drive,1,12.99535306
160,5,125,2834.923912,17.3,2021,Asia,Diesel,Front-wheel drive,-1,15.32207308
140,5,120,2643.669552,16.7,2002,Europe,Gasoline,Front-wheel drive,0,16.07536482
270,4,106,1702.242102,12.8,2004,USA,Diesel,All-wheel drive,1,20.71505215
310,6,124,3429.579351,13.4,2001,Europe,Gasoline,Front-wheel drive,-1,12.85644596
100,2,116,3366.565145,18.7,2013,USA,Gasoline,Front-wheel drive,0,12.4054482
280,6,,3552.000578,14.7,2013,Asia,Gasoline,Front-wheel drive,-1,12.3044964
270,3,141,2717.812867,10.8,2005,Europe,Gasoline,Front-wheel drive,1,17.04771005
170,2,133,3078.669214,13,2020,USA,Diesel,Front-wheel drive,1,15.06225816
240,5,148,3075.399654,17.2,2003,USA,Gasoline,Front-wheel drive,-1,14.1355625
170,6,53,2719.905189,13.8,2009,Europe,Diesel,Front-wheel drive,2,16.08294341
130,5,130,3017.484393,13.4,2003,Europe,Diesel,All-wheel drive,0,14.95874128
230,3,178,2596.657191,16.5,2000,Europe,Diesel,Front-wheel drive,-1,16.72463321
160,6,196,1476.010569,16.1,2002,Europe,Gasoline,Front-wheel drive,0,22.93971208
230,4,205,3361.202713,15.2,2004,Europe,Gasoline,Front-wheel drive,0,14.37134302
230,5,118,2768.139206,13.1,2010,Asia,Gasoline,All-wheel drive,1,16.06900504
190,6,112,3265.435795,12.1,2002,USA,Gasoline,Front-wheel drive,0,12.99076484
190,2,149,1989.529185,13.8,2006,Europe,Gasoline,All-wheel drive,1,20.08384396
220,8,193,3329.360384,16.4,2015,Europe,Diesel,Front-wheel drive,0,13.24347193
210,5,97,2105.378145,12.9,2023,Asia,Gasoline,All-wheel drive,,18.93141738
170,6,222,3087.023025,18.5,2012,Asia,Gasoline,All-wheel drive,-1,15.37271715
110,5,139,3064.164897,16.7,2012,Europe,Gasoline,Front-wheel drive,-1,13.7757162
240,3,138,3215.025535,14.8,2000,Europe,Diesel,All-wheel drive,-1,13.73496579
300,4,117,3597.911692,13.3,2021,Asia,Gasoline,All-wheel drive,0,12.49735502
250,1,174,3284.048523,14.4,2004,Asia,Gasoline,Front-wheel drive,-1,14.06316734
180,6,181,3235.398672,16.5,2014,USA,Diesel,All-wheel drive,,14.40937137
150,5,131,3008.175492,19.4,2019,Europe,Diesel,Front-wheel drive,-1,14.33660626
290,3,157,2965.687384,18.4,2006,Asia,Diesel,Front-wheel drive,-2,15.23255442
200,2,144,2143.531769,,2018,USA,Gasoline,Front-wheel drive,1,18.82423503
170,3,,3158.193284,18.7,2013,USA,Diesel,All-wheel drive,2,13.77576972
180,2,173,2380.352217,15.6,2003,Europe,Gasoline,Front-wheel drive,1,17.89728147
210,5,,2831.93921,16,2005,USA,Gasoline,All-wheel drive,1,16.13237388
190,3,179,2683.218165,10.7,2019,Europe,Diesel,All-wheel drive,-1,17.13217195
310,3,170,2740.4729,18.6,2013,Europe,Diesel,Front-wheel drive,0,15.81221838
170,3,170,1980.184781,18.9,2012,Asia,Gasoline,Front-wheel drive,-1,19.7348068
160,7,164,3481.479535,13.7,2022,Asia,Diesel,All-wheel drive,0,13.10247735
240,3,108,4295.31428,18.4,2016,Asia,Diesel,Front-wheel drive,1,7.880316921
200,,158,3173.2487,,2006,Asia,Gasoline,All-wheel drive,1,14.60790144
250,2,146,2259.518823,20.2,2015,Europe,Diesel,All-wheel drive,1,18.39221278
250,3,223,3273.182662,18.5,2013,Europe,Gasoline,All-wheel drive,-1,13.10303927
240,2,119,3274.611969,14.3,2002,USA,Diesel,Front-wheel drive,0,13.0450369
130,2,151,2388.15269,10.5,2019,USA,Diesel,Front-wheel drive,0,18.50200929
220,7,169,3022.188654,12.6,2022,Asia,Gasoline,Front-wheel drive,0,15.01009502
130,9,169,3080.933939,16.5,2000,Asia,Gasoline,Front-wheel drive,1,15.30893319
180,6,86,3622.467653,13.1,2015,USA,Gasoline,All-wheel drive,0,11.64480718
190,4,159,4200.111076,12.8,2004,Europe,Diesel,Front-wheel drive,-1,9.256210688
190,4,180,3102.57763,13,2000,USA,Gasoline,All-wheel drive,-2,14.69031598
240,3,156,3741.32644,14.2,2009,USA,Gasoline,Front-wheel drive,-1,11.87251156
140,6,,2581.292587,10.7,2011,USA,Gasoline,Front-wheel drive,0,16.85083159
110,6,150,3740.507036,15.4,2010,USA,Gasoline,All-wheel drive,0,11.15743881
260,4,100,3073.153323,17,2006,USA,Diesel,Front-wheel drive,,13.71281549
290,,135,2162.774987,,2015,Asia,Gasoline,All-wheel drive,1,18.75397386
250,2,159,2576.835536,13.3,2015,Europe,Diesel,Front-wheel drive,0,16.82258022
240,6,124,2560.128365,13.5,2023,Europe,Gasoline,Front-wheel drive,-1,17.17211167
280,,,2706.171172,15,2013,USA,Diesel,Front-wheel drive,-1,16.75877925
190,0,177,2771.693035,14.8,2001,Asia,Diesel,Front-wheel drive,-1,15.68721822
250,2,159,1865.547214,15.8,2006,Asia,Gasoline,All-wheel drive,-1,20.59179633
180,4,169,3186.021869,16.6,2000,Asia,Gasoline,Front-wheel drive,0,14.07560363
290,3,196,2787.818008,,2005,USA,Diesel,All-wheel drive,0,15.85093973
230,5,140,3596.825794,,2010,Europe,Diesel,All-wheel drive,1,12.0705988
220,5,151,2268.377597,13.6,2002,Europe,Diesel,All-wheel drive,0,18.38570491
250,,132,3114.371978,11.7,2001,Asia,Gasoline,All-wheel drive,1,14.47217187
270,5,220,3079.721449,15.9,2012,Europe,Diesel,Front-wheel drive,-1,14.97743292
210,3,136,2767.325395,20.5,2009,Europe,Diesel,Front-wheel drive,-1,15.61805209
170,5,161,2690.59252,16.9,2005,USA,Diesel,All-wheel drive,-1,16.73389425
170,3,185,3580.69927,17.5,2013,Europe,Diesel,All-wheel drive,-1,11.88606679
160,7,131,2579.229319,13.1,2004,Asia,Gasoline,Front-wheel drive,-1,17.20371671
210,5,119,3898.112718,13.1,2007,Europe,Diesel,All-wheel drive,0,10.28851856
280,7,196,3205.60292,17.1,2009,Europe,Gasoline,All-wheel drive,1,14.19290025
190,6,122,2161.464557,20.7,2022,Asia,Gasoline,Front-wheel drive,-1,18.2256877
300,4,147,2956.250575,15.3,2021,Europe,Gasoline,Front-wheel drive,0,15.16820813
250,,146,2778.425644,13.7,2009,Europe,Gasoline,All-wheel drive,0,16.60246945
170,2,,3381.629287,13.7,2016,Europe,Diesel,Front-wheel drive,-1,12.46441843
110,3,197,2331.081585,15,2017,Asia,Gasoline,Front-wheel drive,2,19.26799902
220,2,165,2632.917775,12.6,2011,Asia,Gasoline,Front-wheel drive,-2,17.43922166
220,5,199,2941.809914,17.1,2000,Europe,Diesel,All-wheel drive,-1,15.52397201
260,4,161,2741.323737,13,2001,Europe,Diesel,All-wheel drive,0,16.44214305
200,7,136,2889.564987,15.1,2006,Europe,Gasoline,All-wheel drive,0,15.41719414
140,5,83,2427.108417,15.4,2003,USA,Diesel,All-wheel drive,-1,17.10373285
250,7,149,3163.246212,13.3,2020,USA,Diesel,Front-wheel drive,0,14.46560031
190,2,174,3283.093797,16.9,2008,USA,Gasoline,Front-wheel drive,1,13.92884936
170,6,156,2862.878887,14.3,2020,Asia,Diesel,All-wheel drive,-2,15.82331087
190,3,157,2079.656559,18.7,2011,USA,Diesel,All-wheel drive,1,19.10035039
130,10,103,3505.858254,15.3,2009,USA,Diesel,All-wheel drive,1,11.84491794
210,4,195,2598.810429,18.3,2008,USA,Gasoline,Front-wheel drive,-1,16.03249828
200,5,142,2550.84045,,2022,Europe,Diesel,Front-wheel drive,0,16.77575906
230,1,132,2332.44687,15.3,2014,Asia,Diesel,All-wheel drive,1,18.51062153
90,5,213,2812.008988,18.2,2018,USA,Gasoline,Front-wheel drive,-1,15.63447
150,7,142,3292.727638,13.1,2012,USA,Diesel,Front-wheel drive,0,13.76614525
200,5,170,3201.191259,14,2022,Europe,Diesel,All-wheel drive,-1,14.04525883
230,3,188,2792.158174,,2010,Asia,Gasoline,Front-wheel drive,1,16.85289856
180,5,134,3128.096657,14.5,2022,USA,Gasoline,All-wheel drive,0,14.84796554
120,3,128,1936.668272,16.7,2007,USA,Diesel,Front-wheel drive,0,19.94994156
310,2,133,2373.948875,14.3,2017,Europe,Gasoline,All-wheel drive,1,18.10676459
200,3,166,3596.634354,,2018,Europe,Gasoline,Front-wheel drive,1,11.76273148
200,2,140,4005.907178,18.7,2015,Europe,Diesel,Front-wheel drive,0,9.474515349
250,5,160,3779.359532,12.1,2005,Asia,Gasoline,All-wheel drive,,11.62408551
250,5,154,2587.582571,15.5,2019,Asia,Diesel,Front-wheel drive,-1,16.57120337
170,9,108,3554.062737,19.1,2004,Asia,Gasoline,All-wheel drive,1,11.01474347
300,4,142,3699.698785,18.1,2002,Europe,Diesel,Front-wheel drive,0,11.02146455
280,4,119,3249.118872,13.2,2008,USA,Gasoline,Front-wheel drive,1,13.84936747
190,4,189,3507.537313,17.7,2020,USA,Gasoline,All-wheel drive,-1,12.59862768
170,6,130,2703.319482,14,2000,Asia,Diesel,Front-wheel drive,3,16.17444468
90,,112,2769.27002,17.8,2003,Asia,Gasoline,All-wheel drive,0,15.31512152
190,1,122,3319.01831,15.1,2007,Asia,Gasoline,Front-wheel drive,-1,13.60985383
270,4,136,2244.95823,20.5,2006,USA,Diesel,Front-wheel drive,0,18.86382758
140,6,160,3359.220056,,2003,USA,Diesel,All-wheel drive,0,13.09494521
300,,196,3396.490137,14.2,2019,USA,Gasoline,All-wheel drive,2,14.16350458
170,4,146,2291.579147,11.9,2021,USA,Diesel,Front-wheel drive,1,19.40895992
280,5,142,2681.49822,18.1,2003,Europe,Gasoline,Front-wheel drive,1,15.97166012
200,5,125,3116.56877,16.1,2018,USA,Gasoline,Front-wheel drive,1,14.7869885
190,2,133,3183.96965,15,2018,USA,Gasoline,Front-wheel drive,0,14.29925952
240,4,199,2930.924098,,2006,USA,Gasoline,Front-wheel drive,0,16.28064099
220,6,188,2967.761448,15.6,2018,USA,Gasoline,All-wheel drive,-1,14.46358627
210,5,140,3991.584305,13,2013,Europe,Gasoline,Front-wheel drive,-2,9.862837724
190,4,197,2235.172862,16.8,2010,Europe,Diesel,All-wheel drive,,19.95518731
240,,149,2990.984489,,2013,USA,Diesel,All-wheel drive,2,16.15240817
220,4,148,2936.496695,14.4,2010,USA,Diesel,Front-wheel drive,-1,15.31037973
160,3,157,2424.531883,,2011,Asia,Diesel,Front-wheel drive,0,17.84007304
170,3,151,2757.3433,,2015,Europe,Gasoline,All-wheel drive,1,15.9691331
180,4,87,2941.262497,,2009,USA,Gasoline,All-wheel drive,1,13.77514886
200,5,,2147.543054,11.2,2013,USA,Gasoline,Front-wheel drive,-1,19.25877503
170,3,166,3614.473928,16.6,2001,Europe,Diesel,All-wheel drive,0,11.62788174
190,6,183,2919.15297,14,2003,Asia,Gasoline,All-wheel drive,-1,15.65993179
170,3,152,2815.764382,15.3,2022,Europe,Gasoline,Front-wheel drive,1,15.91026851
170,5,,3258.493827,13.3,2004,Asia,Diesel,Front-wheel drive,-1,14.24558971
190,5,139,2318.180011,17.1,2022,USA,Gasoline,Front-wheel drive,0,17.9451274
210,3,156,2983.280837,16.6,2013,Europe,Gasoline,Front-wheel drive,1,14.59346827
220,4,,2109.873219,18,2011,Europe,Gasoline,All-wheel drive,1,19.39724915
160,4,175,2797.827405,14.2,2017,Europe,Gasoline,All-wheel drive,,15.72179571
200,2,186,3768.373067,15.9,2013,Europe,Gasoline,Front-wheel drive,0,11.54855618
150,,159,2334.129059,9.7,2003,Asia,Gasoline,All-wheel drive,-1,19.00609658
130,2,138,2626.030303,10.4,2014,Asia,Diesel,All-wheel drive,2,16.85283455
210,3,172,2849.374078,14.1,2008,USA,Gasoline,All-wheel drive,-1,16.8126722
210,1,137,3206.898944,12,2002,Europe,Diesel,Front-wheel drive,1,13.8446121
180,4,125,2945.939848,14.7,2021,USA,Gasoline,All-wheel drive,1,15.48230087
210,3,181,3378.196913,15.7,2019,USA,Diesel,Front-wheel drive,0,13.42727443
120,1,137,2152.422943,12.7,2009,Asia,Gasoline,All-wheel drive,0,19.42437591
230,4,119,3625.465359,18.6,2020,USA,Diesel,All-wheel drive,0,11.94118306
310,8,205,2499.185901,12.6,2007,USA,Gasoline,All-wheel drive,1,18.39826396
180,2,184,2630.943682,15,2016,Asia,Gasoline,All-wheel drive,1,16.87704805
170,3,159,2395.884667,10.9,2002,Asia,Gasoline,Front-wheel drive,0,19.2572779
210,4,111,3893.886339,11.9,2000,Asia,Gasoline,Front-wheel drive,1,10.74135178
250,7,,4064.882906,13.3,2010,USA,Diesel,All-wheel drive,0,10.53732573
190,11,129,3308.582707,16.4,2021,Asia,Gasoline,All-wheel drive,1,13.10604671
190,4,160,3372.844107,18.9,2018,USA,Diesel,All-wheel drive,0,13.54413207
170,5,181,3263.420015,13,2017,USA,Diesel,All-wheel drive,0,14.57813049
130,5,159,2819.354203,15.5,2017,USA,Diesel,Front-wheel drive,,16.22753992
190,3,115,3305.979205,17.5,2017,USA,Diesel,All-wheel drive,0,12.57270424
200,1,154,3786.670779,16,2012,USA,Diesel,Front-wheel drive,2,10.46569537
220,2,82,2900.301167,13.7,2001,USA,Diesel,All-wheel drive,-1,15.10856309
250,2,123,3116.479713,13.9,2008,Europe,Diesel,Front-wheel drive,-1,14.49168066
110,5,182,2705.698718,14.5,2007,USA,Gasoline,All-wheel drive,0,16.67044325
200,2,144,4095.864282,14,2014,USA,Gasoline,Front-wheel drive,-1,9.310513557
190,6,108,3067.506064,10.7,2019,Asia,Gasoline,Front-wheel drive,0,14.24028309
230,4,181,2995.775294,13.6,2019,USA,Diesel,All-wheel drive,0,15.83415202
170,2,129,2393.571089,15.6,2001,USA,Diesel,Front-wheel drive,0,17.69253616
190,,113,3301.26858,15.8,2019,USA,Gasoline,Front-wheel drive,0,12.91736913
80,,127,3239.658485,12.4,2023,USA,Gasoline,All-wheel drive,0,13.67559145
220,4,153,2982.220675,13.8,2012,USA,Gasoline,All-wheel drive,-1,15.46158309
170,2,196,2628.824005,17.6,2018,Europe,Diesel,Front-wheel drive,0,16.83018117
110,6,116,3333.324517,22.7,2018,Asia,Diesel,Front-wheel drive,0,12.06489631
160,6,140,2459.782849,12.9,2005,USA,Diesel,All-wheel drive,-1,17.76943034
200,10,155,2943.422106,,2007,USA,Diesel,All-wheel drive,,15.08914578
170,6,113,4211.281685,15.1,2017,USA,Gasoline,Front-wheel drive,1,9.418984946
200,2,176,3306.494027,16.3,2004,USA,Gasoline,Front-wheel drive,-1,14.00123339
250,4,171,3076.393992,14.2,2002,USA,Gasoline,All-wheel drive,,15.3787191
300,3,125,2744.263164,14.9,2016,Europe,Gasoline,Front-wheel drive,0,15.54892904
190,6,178,3449.050251,17.9,2022,Asia,Diesel,Front-wheel drive,1,12.58547004
310,6,120,1963.509597,16.3,2016,USA,Gasoline,All-wheel drive,,19.48867068
290,9,110,3489.440754,13.3,2012,Asia,Gasoline,All-wheel drive,-1,12.51576472
130,4,131,3690.96043,12.4,2019,Europe,Gasoline,Front-wheel drive,0,11.52939001
160,3,136,3086.675099,15.6,2006,USA,Gasoline,All-wheel drive,-1,14.50503003
240,4,142,2506.695803,14.5,2006,USA,Diesel,All-wheel drive,1,17.16226375
170,2,155,3076.185387,17,2019,Asia,Gasoline,Front-wheel drive,0,14.08631872
190,4,182,3179.591331,15.6,2018,USA,Diesel,All-wheel drive,0,13.92636251
150,4,148,2455.506523,12.7,2020,Europe,Diesel,Front-wheel drive,,17.78153549
190,10,130,2563.518021,16.9,2020,USA,Gasoline,All-wheel drive,0,17.04998451
170,5,174,3358.691825,18.9,2018,USA,Gasoline,All-wheel drive,,13.74696731
130,4,133,2937.713422,14.7,2003,Asia,Gasoline,Front-wheel drive,0,15.36205825
200,4,173,2897.077556,,2009,Europe,Gasoline,Front-wheel drive,,15.57250734
180,6,,3397.521981,16.9,2003,USA,Gasoline,Front-wheel drive,-2,12.64616829
280,,114,2942.762206,13.5,2015,USA,Gasoline,Front-wheel drive,0,14.91637611
140,6,133,3765.857518,14.5,2015,Asia,Diesel,Front-wheel drive,0,10.36330732
160,5,169,3751.996487,17.9,2000,USA,Diesel,Front-wheel drive,0,11.22383775
230,,149,3151.028222,14.8,2019,USA,Gasoline,All-wheel drive,-2,14.18358459
180,1,160,2712.101039,12.8,2002,USA,Gasoline,Front-wheel drive,0,16.80026458
190,3,151,3211.497461,13,2006,USA,Diesel,All-wheel drive,2,14.32793299
60,5,185,2844.185561,11.4,2020,Europe,Gasoline,Front-wheel drive,,16.64013152
120,2,168,2146.605837,15.1,2014,Asia,Diesel,Front-wheel drive,0,19.57955638
160,4,157,3181.622828,15.5,2007,Europe,Diesel,All-wheel drive,1,13.52949657
210,2,158,2744.291505,10.4,2010,Asia,Diesel,Front-wheel drive,2,16.69929263
120,4,193,2359.764708,13.6,2002,Asia,Diesel,Front-wheel drive,-2,18.94783995
190,2,134,3217.728483,16.4,2014,USA,Gasoline,Front-wheel drive,0,13.42266543
160,4,122,3778.904312,14.1,2006,Asia,Gasoline,Front-wheel drive,0,10.90896668
180,0,,3287.761416,14.6,2007,Europe,Diesel,Front-wheel drive,-1,13.13638005
180,10,133,3301.62897,13,2009,Europe,Diesel,All-wheel drive,,13.21065288
170,,161,2775.20892,16.8,2020,Asia,Gasoline,All-wheel drive,-1,16.51325795
180,3,141,3950.97615,10.5,2007,USA,Diesel,Front-wheel drive,-1,10.39808482
180,7,72,1833.154987,19.7,2001,Europe,Diesel,Front-wheel drive,1,20.13783814
220,4,133,3345.293462,14.3,2017,Europe,Gasoline,All-wheel drive,-1,12.96053408
130,7,124,3572.24942,14.1,2016,USA,Gasoline,Front-wheel drive,,12.43486857
210,6,93,4345.73251,18.9,2021,Asia,Diesel,All-wheel drive,0,6.886244727
170,,141,2561.275952,15.5,2014,USA,Diesel,Front-wheel drive,-1,17.08017502
200,2,86,2544.530014,17.7,2015,Europe,Diesel,All-wheel drive,0,16.04324452
230,8,163,3042.848001,,2016,Asia,Gasoline,All-wheel drive,-1,14.51174788
150,5,201,2925.864524,12.3,2017,Asia,Diesel,All-wheel drive,1,15.63666254
200,3,151,3023.224338,15.8,2013,Asia,Gasoline,Front-wheel drive,,14.8692148
130,3,189,2832.648479,12.9,2020,Asia,Gasoline,All-wheel drive,,16.82721483
260,3,119,3876.77698,13.9,2018,USA,Gasoline,Front-wheel drive,1,10.86334062
220,6,161,2544.17548,16.6,2021,Europe,Diesel,All-wheel drive,,17.55575244
280,4,,3395.753672,18.6,2011,Europe,Gasoline,All-wheel drive,-1,12.96341956
260,5,125,2642.32418,16.5,2012,Asia,Diesel,All-wheel drive,1,16.0799667
250,4,152,3285.451564,13.8,2020,Europe,Diesel,All-wheel drive,1,13.96240606
220,6,181,2570.665873,12.1,2018,USA,Gasoline,All-wheel drive,1,17.37862009
100,4,187,3175.498292,11.7,2008,Asia,Gasoline,Front-wheel drive,-1,15.52299015
150,,121,3031.921596,12.2,2002,USA,Gasoline,Front-wheel drive,,15.10989547
210,2,178,3158.584373,14.3,2015,Asia,Gasoline,Front-wheel drive,-1,15.03550452
250,2,127,3087.536758,15.9,2020,Asia,Gasoline,All-wheel drive,1,14.32813004
110,5,152,4176.803099,15.6,2012,Asia,Gasoline,Front-wheel drive,0,8.777723913
110,2,150,2769.35253,18.6,2017,Europe,Diesel,All-wheel drive,0,15.46638277
160,2,180,3086.304885,14.5,2020,USA,Gasoline,Front-wheel drive,0,15.01490814
170,1,170,2689.618999,10,2002,Asia,Diesel,All-wheel drive,-1,16.90063132
220,3,171,3350.482417,12.1,2010,Europe,Gasoline,Front-wheel drive,0,13.9382887
150,,165,3405.825642,10.4,2014,Asia,Gasoline,Front-wheel drive,1,13.09680155
140,7,189,1987.645935,19.1,2009,Europe,Gasoline,All-wheel drive,0,20.05779449
180,5,101,3731.473905,,2002,Asia,Gasoline,All-wheel drive,2,11.56724255
170,7,144,2965.212754,17.8,2001,Asia,Diesel,Front-wheel drive,-2,14.36786319
240,4,163,2926.751285,11.8,2022,Europe,Gasoline,All-wheel drive,0,15.40978105
200,7,111,3681.315222,13.8,2015,Europe,Gasoline,All-wheel drive,0,11.63775127
150,3,145,2505.613846,19.5,2014,Asia,Diesel,Front-wheel drive,-1,16.79973929
200,8,142,3397.805429,14.9,2003,Europe,Diesel,Front-wheel drive,1,13.77644494
220,6,217,2637.734996,16.5,2016,Europe,Diesel,All-wheel drive,0,17.91654133
190,8,137,2213.160299,18.8,2013,Asia,Gasoline,All-wheel drive,-2,18.11290362
200,7,100,2451.691904,18.2,2003,Asia,Diesel,Front-wheel drive,0,17.09082217
370,5,151,2630.888025,13,2017,USA,Gasoline,All-wheel drive,0,17.58607342
120,4,130,2767.606124,17.7,2013,USA,Gasoline,Front-wheel drive,0,15.69989989
290,0,137,3693.751926,15.6,2020,Europe,Diesel,All-wheel drive,-1,11.3306701
300,7,169,2338.904227,13.4,2005,Asia,Diesel,Front-wheel drive,1,18.81524936
260,4,142,3163.10148,14.9,2020,USA,Diesel,All-wheel drive,0,14.71181747
230,5,43,3467.135703,13.5,2002,Europe,Gasoline,Front-wheel drive,0,12.25837584
210,1,201,3162.214104,15,2001,Europe,Gasoline,All-wheel drive,-1,14.39001754
150,4,138,3920.79806,12.2,2002,Asia,Gasoline,Front-wheel drive,1,10.24042823
200,4,164,2379.938488,17,2004,Europe,Gasoline,All-wheel drive,1,18.11450381
120,3,,2669.277056,8,2007,Europe,Gasoline,Front-wheel drive,,17.41195007
210,1,209,2230.492576,17.4,2010,Europe,Gasoline,All-wheel drive,2,19.08998943
190,1,205,2113.609643,13.3,2006,USA,Gasoline,All-wheel drive,0,20.0803781
200,3,126,2900.617558,21.1,2001,USA,Diesel,Front-wheel drive,0,14.82442264
160,0,134,3468.514271,,2006,USA,Diesel,All-wheel drive,0,12.35316429
230,3,153,2147.49673,20.3,2002,Europe,Diesel,All-wheel drive,1,19.19444965
220,2,177,3344.564352,,2012,Asia,Diesel,Front-wheel drive,-1,13.55309243
150,2,124,3030.191677,18,2002,Europe,Gasoline,Front-wheel drive,-1,13.58093895
190,1,148,2515.859859,13.7,2021,Europe,Diesel,All-wheel drive,1,17.65361019
280,1,150,3281.793145,13.9,2014,USA,Diesel,All-wheel drive,-1,13.79436063
270,3,113,2952.280077,15.9,2020,USA,Diesel,Front-wheel drive,1,14.74894286
110,2,187,3434.821451,14.7,2008,Asia,Gasoline,All-wheel drive,0,13.26385516
270,4,194,3665.035011,19.2,2005,Europe,Gasoline,All-wheel drive,-1,11.74116062
200,7,170,3438.746124,14.6,2002,USA,Diesel,All-wheel drive,1,13.0396902
220,4,,2654.172497,12.5,2003,USA,Gasoline,All-wheel drive,0,17.98722276
160,3,172,2630.863406,,2008,USA,Gasoline,All-wheel drive,1,16.2464095
220,2,130,2448.547528,15.8,2000,Asia,Diesel,All-wheel drive,,18.13541937
190,2,151,2694.895372,15.6,2020,Asia,Diesel,All-wheel drive,0,16.1745514
110,4,132,3700.438657,,2004,Europe,Gasoline,Front-wheel drive,0,10.76173118
200,4,179,2273.570609,18.8,2007,Asia,Gasoline,Front-wheel drive,0,18.12887339
200,4,135,3590.896516,14.3,2005,Europe,Diesel,All-wheel drive,0,11.59516077
160,4,187,2713.554746,14.9,2004,Europe,Diesel,All-wheel drive,2,16.2240422
290,,125,3522.152081,19.6,2002,USA,Diesel,Front-wheel drive,1,11.20082168
260,11,164,3035.341175,15.9,2008,USA,Diesel,Front-wheel drive,0,14.14739865
140,2,136,2789.648944,17.4,2011,USA,Diesel,All-wheel drive,1,14.97457768
150,6,237,2983.692444,13.1,2012,USA,Diesel,Front-wheel drive,-1,15.84135869
200,3,,4200.146335,13.5,2005,Europe,Gasoline,Front-wheel drive,2,8.948718665
150,4,145,3194.589671,,2016,Asia,Diesel,Front-wheel drive,1,13.79508883
200,2,177,2521.770734,16.9,2008,Europe,Diesel,Front-wheel drive,-2,17.7917886
220,6,99,2627.119319,13.4,2002,Europe,Diesel,All-wheel drive,0,16.07723823
190,3,167,3213.086143,15.4,2021,USA,Gasoline,Front-wheel drive,0,13.85041771
170,4,,2696.045249,,2003,USA,Diesel,All-wheel drive,0,16.35203888
110,5,165,2704.534631,,2008,Asia,Diesel,Front-wheel drive,-1,16.89289488
170,4,133,3491.004033,16,2009,Europe,Gasoline,All-wheel drive,-1,12.07986033
200,5,207,3013.858266,9.3,2008,Asia,Gasoline,Front-wheel drive,0,15.66673449
220,2,87,2933.042837,14.3,2012,USA,Gasoline,Front-wheel drive,0,14.60007523
270,2,115,2781.294311,11.1,2017,Asia,Diesel,Front-wheel drive,0,16.88789428
160,2,168,2833.968644,15.7,2007,Europe,Diesel,All-wheel drive,1,15.66368077
150,3,112,3488.9117,9.2,2005,Europe,Gasoline,All-wheel drive,-1,12.29537342
180,2,186,3200.938966,15.8,2001,Asia,Gasoline,Front-wheel drive,2,14.0943587
210,6,158,2322.310018,,2001,Asia,Diesel,Front-wheel drive,0,18.06701159
220,5,187,2695.376003,11.1,2007,USA,Diesel,All-wheel drive,,17.37116714
250,9,168,3355.541762,,2012,USA,Diesel,All-wheel drive,-1,13.80270746
190,2,136,3634.500688,11,2007,USA,Gasoline,Front-wheel drive,-1,12.20575403
220,4,,2592.608482,17.1,2013,Europe,Gasoline,All-wheel drive,1,17.1697676
160,3,170,3235.175087,17.1,2000,Europe,Diesel,All-wheel drive,-1,14.18395505
160,3,166,2970.124759,12.1,2015,USA,Diesel,All-wheel drive,0,15.47362473
200,6,167,2597.685244,15,2017,USA,Diesel,Front-wheel drive,0,17.24403895
270,7,193,2677.230766,16.2,2004,USA,Diesel,All-wheel drive,1,17.35270131
260,3,163,3846.139033,16.2,2002,USA,Gasoline,All-wheel drive,-1,10.17428159
230,2,141,2378.583133,11.9,2015,Europe,Gasoline,All-wheel drive,-2,18.45041262
210,2,171,2893.122365,14.2,2009,Europe,Diesel,All-wheel drive,,15.70076618
290,1,192,2348.389614,17.1,2014,USA,Diesel,All-wheel drive,1,17.84292325
230,7,125,3662.509866,16.7,2001,Asia,Diesel,All-wheel drive,,11.38426514
220,4,165,2932.461817,15,2008,USA,Diesel,All-wheel drive,-1,15.09205214
200,10,,2646.219467,14.7,2015,USA,Diesel,All-wheel drive,0,17.31657688
270,4,176,3751.005987,14.7,2017,Europe,Gasoline,Front-wheel drive,-1,11.83102773
240,2,135,2545.114658,15.9,2020,Europe,Diesel,All-wheel drive,1,17.46961817
190,4,176,2840.955288,15,2020,Europe,Diesel,All-wheel drive,0,15.94578726
230,3,132,2494.224963,19,2011,Asia,Gasoline,All-wheel drive,0,16.73030975
210,3,123,3325.316213,19.4,2003,Asia,Gasoline,Front-wheel drive,-1,12.68098116
160,3,,3069.417821,18.1,2006,Asia,Gasoline,All-wheel drive,-2,14.54369506
230,2,151,3312.681491,15.1,2003,USA,Diesel,Front-wheel drive,1,13.25380028
170,7,184,2956.829574,16.4,2017,Asia,Gasoline,All-wheel drive,0,15.12685898
230,1,,2699.775933,17.3,2020,USA,Diesel,All-wheel drive,3,16.45783082
230,7,107,2877.197785,,2006,Europe,Diesel,Front-wheel drive,1,14.58559466
150,3,159,3049.06083,13.2,2019,USA,Diesel,All-wheel drive,-1,15.16106612
270,0,118,2401.821845,18.6,2000,USA,Gasoline,Front-wheel drive,-1,17.81865836
240,5,189,3528.143265,14.2,2021,Asia,Diesel,Front-wheel drive,-1,12.59419561
140,6,157,3310.439415,,2004,Asia,Gasoline,All-wheel drive,0,13.68906387
240,2,175,3279.856434,11.5,2016,Europe,Diesel,All-wheel drive,0,14.77594419
170,2,145,3178.552714,13,2006,Asia,Gasoline,All-wheel drive,1,13.89908308
280,8,145,2648.819278,18.2,2021,Asia,Gasoline,Front-wheel drive,0,16.27644336
190,3,159,3226.505427,14,2008,USA,Diesel,All-wheel drive,-1,14.40377258
160,5,,3078.300887,17.8,2011,Europe,Diesel,All-wheel drive,1,13.96174671
250,2,149,2622.742615,14,2013,Asia,Gasoline,All-wheel drive,0,16.55836354
270,3,143,3537.83156,13.6,2012,Asia,Diesel,Front-wheel drive,,11.97910583
220,3,190,4078.453157,,2012,Asia,Gasoline,All-wheel drive,-1,9.260943147
70,4,112,3207.373661,12.7,2011,Asia,Diesel,All-wheel drive,1,13.70599316
240,2,116,3691.198583,14.3,2006,USA,Diesel,Front-wheel drive,1,11.47483942
260,1,160,3464.33623,11.6,2022,Asia,Diesel,Front-wheel drive,1,13.02236419
240,4,194,3412.895295,,2010,USA,Diesel,All-wheel drive,1,13.97141916
170,3,192,3199.691633,,2013,Europe,Diesel,All-wheel drive,0,13.84747473
150,4,121,2989.125485,19.2,2004,Europe,Gasoline,Front-wheel drive,-1,14.47845892
260,6,192,3023.815174,19.2,2004,USA,Gasoline,All-wheel drive,-1,15.09253938
240,4,139,2699.519594,15.3,2008,Europe,Diesel,Front-wheel drive,-1,15.9355398
230,5,175,3041.958203,14.2,2011,USA,Gasoline,Front-wheel drive,1,14.32948199
240,7,,2866.341762,14,2007,USA,Diesel,All-wheel drive,-1,16.18475379
250,4,148,4033.578774,16.9,2013,Asia,Gasoline,Front-wheel drive,1,9.453003482
140,6,105,3809.535032,19.8,2018,Asia,Gasoline,All-wheel drive,-2,10.08133196
180,2,144,3434.849282,15.2,2014,Europe,Diesel,Front-wheel drive,3,12.48856559
210,,129,1976.301609,16.3,2014,Europe,Gasoline,All-wheel drive,1,20.18385701
220,8,160,3577.626462,17.2,2021,Europe,Diesel,Front-wheel drive,0,11.08586613
180,5,187,2532.68459,15.2,2010,Europe,Gasoline,All-wheel drive,0,17.25577518
110,2,154,2703.477863,15.5,2007,USA,Gasoline,All-wheel drive,,16.69880928
210,5,,2915.448787,16.8,2013,Asia,Diesel,All-wheel drive,0,16.4828532
190,4,113,3032.618634,14.9,2013,USA,Gasoline,Front-wheel drive,0,14.64899901
190,7,170,2811.618972,13.6,2008,Asia,Gasoline,Front-wheel drive,0,16.73607142
210,10,160,3407.71803,11.6,2007,Asia,Gasoline,Front-wheel drive,2,14.31410964
250,5,139,2322.999946,14.6,2002,Europe,Diesel,Front-wheel drive,2,18.74894107
270,0,149,4126.456787,13.1,2020,USA,Diesel,Front-wheel drive,-1,9.586202972
160,3,,2458.310193,17.3,2018,Asia,Gasoline,Front-wheel drive,,17.66086358
170,3,148,3425.290339,,2017,Europe,Gasoline,Front-wheel drive,0,13.23252387
240,4,132,4177.992846,15.5,2006,Europe,Gasoline,All-wheel drive,1,8.63412936
220,4,,3445.53517,14.1,2015,Europe,Gasoline,All-wheel drive,0,12.15283902
120,4,121,3635.482772,14,2007,Europe,Diesel,Front-wheel drive,0,11.48985974
250,4,183,3208.592341,,2020,Europe,Gasoline,All-wheel drive,1,14.10551359
260,6,187,3696.936626,18.7,2019,Asia,Diesel,Front-wheel drive,1,12.10358692
210,3,155,2914.731661,12.2,2009,Asia,Gasoline,Front-wheel drive,-1,15.58140806
160,2,117,3438.203562,17,2002,Asia,Gasoline,Front-wheel drive,0,12.30851374
170,4,128,3761.146626,17.2,2023,Asia,Diesel,Front-wheel drive,,10.67573592
190,,97,3021.461309,13.9,2011,USA,Gasoline,Front-wheel drive,0,14.51635974
290,5,137,2558.423808,14.8,2010,Europe,Gasoline,All-wheel drive,0,16.60730815
200,5,142,2081.33482,13.4,2022,USA,Gasoline,All-wheel drive,0,19.54019114
140,11,200,2850.884632,14.3,2016,Asia,Diesel,Front-wheel drive,1,16.51986643
240,2,143,3037.211798,10.8,2009,Asia,Gasoline,All-wheel drive,1,15.96953599
160,8,137,4185.518979,16.8,2022,Europe,Gasoline,All-wheel drive,0,8.766095164
220,2,121,2319.660728,16.1,2020,Europe,Diesel,All-wheel drive,1,17.98063889
290,2,151,2330.726579,18.1,2019,USA,Gasoline,Front-wheel drive,-2,18.48914063
170,5,154,2531.989499,16.5,2005,Europe,Gasoline,Front-wheel drive,0,17.13623493
310,0,123,2937.096564,11.9,2009,Asia,Diesel,All-wheel drive,-1,15.32319558
140,5,189,2851.6661,14.1,2011,USA,Diesel,Front-wheel drive,,16.1400155
220,3,209,3738.194543,15.4,2001,USA,Gasoline,All-wheel drive,0,12.1402989
250,2,152,2053.537218,13.7,2000,USA,Gasoline,Front-wheel drive,1,19.82574983
220,7,163,3131.877754,,2014,Europe,Diesel,Front-wheel drive,-1,14.03547456
140,7,132,2902.712511,13.5,2008,USA,Gasoline,All-wheel drive,0,15.68256305
150,8,119,2900.655342,19.2,2018,Europe,Diesel,Front-wheel drive,1,14.76201422
160,4,173,2932.192495,15,2004,Europe,Gasoline,All-wheel drive,-1,15.62744023
240,7,159,3071.857944,16.7,2014,USA,Gasoline,All-wheel drive,0,15.13655978
180,6,139,3188.545386,15.6,2011,USA,Gasoline,All-wheel drive,-1,14.75334979
140,1,145,2704.008367,15,2019,Europe,Diesel,Front-wheel drive,-1,16.31743384
130,2,152,2739.53026,14.6,2003,USA,Gasoline,Front-wheel drive,-2,15.69122391
150,7,169,2892.059619,16.6,2004,Asia,Gasoline,All-wheel drive,-1,15.64814186
230,6,92,3844.429476,14.1,2014,USA,Gasoline,All-wheel drive,0,10.69921974
160,1,106,1838.970983,14.8,2019,Asia,Gasoline,All-wheel drive,1,20.34192022
140,2,122,2770.393379,19.7,2013,USA,Diesel,All-wheel drive,1,14.82022239
280,5,133,3197.860822,16.1,2022,Europe,Gasoline,All-wheel drive,-1,13.72893569
160,3,203,2954.284797,12.8,2009,Europe,Gasoline,All-wheel drive,0,15.53495887
180,3,158,2685.399375,15,2007,Asia,Diesel,Front-wheel drive,-1,16.37331008
220,2,120,2675.310231,13.5,2021,USA,Gasoline,Front-wheel drive,0,16.29459295
140,3,100,2508.857443,14.8,2011,Asia,Gasoline,Front-wheel drive,-1,17.21119448
140,3,,2458.171507,16,2015,Europe,Gasoline,All-wheel drive,-1,17.04245606
200,3,118,2779.231055,19.1,2020,USA,Diesel,All-wheel drive,,15.33481484
150,3,187,3146.280862,17.1,2010,Asia,Diesel,All-wheel drive,1,14.17105007
180,8,148,3662.06983,13.8,2016,Asia,Diesel,Front-wheel drive,,11.59135316
250,2,85,2761.382402,15.5,2003,USA,Gasoline,Front-wheel drive,2,14.89669845
190,1,118,2807.705389,,2002,Europe,Diesel,Front-wheel drive,0,15.68698599
200,4,158,2732.528605,10.8,2011,Asia,Diesel,Front-wheel drive,-1,16.86114857
220,1,154,2856.198569,10.9,2022,USA,Gasoline,Front-wheel drive,1,16.32507542
260,6,133,2787.714816,17.9,2010,Asia,Diesel,All-wheel drive,-2,15.7066157
160,7,158,2503.191978,12,2008,Asia,Gasoline,All-wheel drive,0,18.10609856
190,5,203,3259.863049,17,2018,Asia,Gasoline,All-wheel drive,1,13.82303728
240,2,159,1825.737666,16.9,2011,USA,Diesel,Front-wheel drive,0,20.3662606
210,7,102,3643.164149,17.8,2013,Europe,Diesel,Front-wheel drive,0,11.6607828
180,2,150,2104.484703,15.7,2019,Europe,Gasoline,Front-wheel drive,1,19.41509561
200,3,150,2740.572096,,2016,Europe,Diesel,Front-wheel drive,,16.18796576
190,3,141,3836.518812,18.5,2010,Asia,Gasoline,All-wheel drive,-1,11.02970356
150,2,123,2020.761408,22.7,2008,Europe,Diesel,Front-wheel drive,0,18.36606903
210,3,215,2907.013476,18.9,2011,Asia,Diesel,Front-wheel drive,0,15.33649053
170,2,186,2292.55452,15.9,2006,USA,Gasoline,All-wheel drive,-2,19.01798569
230,2,173,2865.464712,12.8,2008,Asia,Diesel,Front-wheel drive,1,16.14799789
200,6,198,3161.754622,14,2001,Europe,Diesel,Front-wheel drive,-2,15.07484432
110,8,191,3334.947881,15.6,2010,Asia,Gasoline,All-wheel drive,1,13.4881281
140,3,117,3797.445344,15.4,2002,Asia,Gasoline,All-wheel drive,-3,10.32420509
200,6,141,4006.119644,14,2018,Europe,Diesel,All-wheel drive,-1,9.807934422
250,5,159,3488.986748,13.6,2008,USA,Diesel,Front-wheel drive,0,12.51149107
220,4,110,3813.742156,16,2008,Asia,Gasoline,Front-wheel drive,1,10.16313153
250,2,147,3177.059565,18.2,2012,Europe,Gasoline,Front-wheel drive,0,13.33553026
200,5,,2685.292945,16.2,2015,Europe,Diesel,All-wheel drive,0,15.9622337
180,6,,3369.151539,12.9,2015,Asia,Diesel,Front-wheel drive,-1,13.7122964
240,4,133,2971.120843,13.7,2021,USA,Diesel,All-wheel drive,-1,15.17274677
170,4,154,2945.386261,10.4,2011,Europe,Diesel,Front-wheel drive,-1,15.35897276
240,3,119,2986.829084,13.5,2004,USA,Gasoline,All-wheel drive,0,15.07052844
200,3,139,2605.200644,15.1,2006,USA,Diesel,All-wheel drive,-1,17.44065496
210,6,112,3006.411073,19.7,2001,Asia,Gasoline,All-wheel drive,2,14.13171872
260,4,121,2524.104995,14.1,2015,Europe,Gasoline,Front-wheel drive,0,17.61278685
220,5,109,2743.559177,11.3,2008,Asia,Diesel,Front-wheel drive,0,16.66749698
140,3,160,2976.561887,10.4,2019,Asia,Diesel,Front-wheel drive,2,15.72422448
180,3,179,2507.015622,11.1,2003,Asia,Gasoline,Front-wheel drive,0,18.22768716
120,8,168,3012.149941,16.5,2015,Europe,Gasoline,Front-wheel drive,-1,15.8212535
180,3,157,3064.593109,16.6,2006,USA,Diesel,All-wheel drive,0,14.90596745
170,3,193,2978.407457,17.5,2004,Europe,Diesel,All-wheel drive,-1,15.12057833
230,3,70,3202.772531,16.9,2004,Europe,Diesel,All-wheel drive,1,12.10567526
140,0,152,2948.543866,10.7,2003,Asia,Diesel,Front-wheel drive,1,16.17860997
220,6,147,2444.006976,14.9,2003,USA,Diesel,All-wheel drive,0,17.48282659
180,5,125,3824.871931,15.6,2010,Asia,Diesel,All-wheel drive,1,10.6435054
210,5,157,3227.699988,12.5,2012,USA,Gasoline,Front-wheel drive,0,14.20818192
120,5,167,3455.555395,16.4,2010,USA,Gasoline,All-wheel drive,0,13.18550229
230,3,148,3326.332127,18.5,2004,Europe,Diesel,Front-wheel drive,-1,12.42426605
220,2,148,2276.373247,15.7,2020,Europe,Gasoline,Front-wheel drive,-2,18.23299305
240,3,150,3456.548829,13.6,2007,USA,Gasoline,All-wheel drive,1,13.0797493
200,4,146,2623.98569,21.3,2017,Asia,Gasoline,Front-wheel drive,0,15.72102304
240,3,120,3301.167355,18.4,2000,USA,Gasoline,Front-wheel drive,0,13.13557419
210,4,157,3689.894799,14.9,2019,Asia,Gasoline,Front-wheel drive,-1,11.24297253
180,2,98,2876.696271,14.3,2016,Asia,Diesel,Front-wheel drive,0,14.81004751
110,7,151,2972.30872,14.1,2018,Europe,Gasoline,Front-wheel drive,0,15.19002321
230,3,157,3325.260899,14.9,2016,USA,Diesel,Front-wheel drive,-1,13.21394399
140,1,141,3319.236266,13.3,2021,Asia,Gasoline,All-wheel drive,-1,13.77768412
160,3,178,4319.211993,13.7,2010,USA,Gasoline,All-wheel drive,-1,8.911984266
220,6,133,3040.292716,13.9,2011,USA,Diesel,All-wheel drive,0,14.87560494
260,2,149,2290.0395,16.6,2013,Europe,Diesel,Front-wheel drive,-2,18.32495597
150,7,165,2745.637607,17.5,2013,Asia,Gasoline,All-wheel drive,1,15.31313644
200,7,131,3950.948816,16.6,2010,Asia,Gasoline,All-wheel drive,0,9.770691456
170,2,113,3256.363881,12.6,2015,Europe,Diesel,Front-wheel drive,-1,13.79776568
150,4,172,2800.211725,19.4,2002,Europe,Diesel,All-wheel drive,0,15.6574764
200,2,111,3078.868086,18.8,2007,Asia,Diesel,All-wheel drive,0,13.39019783
230,1,156,2505.939657,17.5,2005,Asia,Diesel,All-wheel drive,1,17.77970377
160,3,150,2495.394156,15.1,2009,USA,Diesel,Front-wheel drive,-2,17.34515082
210,3,192,2951.736643,11,2014,Europe,Gasoline,All-wheel drive,0,15.78123964
210,3,140,3339.813397,13.8,2013,USA,Diesel,All-wheel drive,0,13.45515629
210,3,205,4037.159426,15.9,2012,Europe,Gasoline,All-wheel drive,0,10.13214582
110,1,129,2818.707532,8.8,2006,USA,Gasoline,Front-wheel drive,2,16.03406285
180,4,142,3241.843938,16.6,2007,Europe,Diesel,Front-wheel drive,0,13.09034215
210,4,195,2198.49655,17,2018,Europe,Gasoline,Front-wheel drive,-1,19.63721765
280,5,131,2957.183691,,2008,Asia,Diesel,Front-wheel drive,-1,15.0353211
100,7,118,2547.038365,14.3,2009,Europe,Gasoline,All-wheel drive,2,16.84859353
150,5,176,3719.117064,14.7,2004,Europe,Diesel,Front-wheel drive,0,11.66300531
190,3,122,2782.022581,15.5,2013,USA,Gasoline,Front-wheel drive,-1,16.25540046
170,6,136,3403.20762,18.1,2003,Europe,Diesel,Front-wheel drive,0,12.20821319
240,4,99,3615.083588,16.2,2014,USA,Diesel,All-wheel drive,0,11.11950547
190,5,143,2564.786608,13.3,2011,Asia,Gasoline,All-wheel drive,-1,17.44367661
190,2,187,3543.875829,,2012,Europe,Diesel,All-wheel drive,1,13.23877091
270,4,159,2424.366038,10.3,2013,Asia,Gasoline,Front-wheel drive,-1,18.3751428
110,6,188,3549.004025,13.5,2010,Asia,Diesel,Front-wheel drive,1,12.80403256
230,2,196,3372.089008,13.5,2014,Europe,Gasoline,All-wheel drive,-1,14.56190108
180,3,135,3280.440762,16.4,2022,USA,Diesel,Front-wheel drive,0,13.23731169
230,4,154,2721.690689,,2010,Asia,Diesel,Front-wheel drive,0,16.63955755
150,5,152,2889.477845,16.3,2012,Europe,Gasoline,Front-wheel drive,1,15.52394813
190,5,143,2720.45719,10.6,2007,Europe,Gasoline,Front-wheel drive,-2,17.12646231
260,2,75,2531.997079,14.3,2005,Europe,Gasoline,Front-wheel drive,2,16.39989305
220,4,,2673.586846,15.3,2008,Asia,Diesel,All-wheel drive,1,16.34654141
260,0,190,2962.921971,13.3,2019,Asia,Diesel,All-wheel drive,1,16.0108591
130,2,123,3844.101086,,2021,Asia,Gasoline,Front-wheel drive,0,11.03014414
270,2,147,3203.818119,18.5,2021,USA,Gasoline,All-wheel drive,1,14.3338119
170,3,111,2842.300363,15.5,2004,Europe,Diesel,Front-wheel drive,0,15.24057899
250,2,112,2580.065446,14.1,2003,USA,Gasoline,All-wheel drive,1,16.88027601
210,,140,3806.875174,16,2010,Europe,Gasoline,All-wheel drive,0,11.04497803
220,2,46,2061.251171,13.4,2019,USA,Gasoline,All-wheel drive,0,19.49715835
170,5,163,2628.965387,18,2011,Asia,Gasoline,All-wheel drive,2,15.80082288
190,3,162,2761.422693,14.7,2016,Asia,Gasoline,Front-wheel drive,0,15.70609218
210,7,217,3219.685545,10.4,2002,USA,Gasoline,Front-wheel drive,-2,14.54282093
190,4,159,3437.162477,14.5,2022,USA,Diesel,Front-wheel drive,-1,12.91177771
140,,150,3193.98125,19.1,2004,USA,Gasoline,Front-wheel drive,0,13.77466831
210,3,92,3285.733184,17.4,2019,USA,Gasoline,Front-wheel drive,-1,12.71892443
60,2,193,2912.923476,14.4,2019,USA,Diesel,All-wheel drive,0,14.53080186
150,4,145,4187.447917,17,2013,Asia,Gasoline,All-wheel drive,1,9.005560178
160,3,172,2592.229874,12.4,2002,USA,Diesel,Front-wheel drive,1,17.71073752
200,,209,2957.530396,12.2,2011,Asia,Gasoline,Front-wheel drive,,16.13427996
130,5,69,3688.078726,17.7,2021,USA,Diesel,All-wheel drive,2,10.73948719
180,2,156,2545.023117,17,2008,USA,Gasoline,Front-wheel drive,0,16.63583518
80,4,134,3371.815558,17.3,2010,USA,Diesel,Front-wheel drive,-2,13.37787607
220,3,196,2129.741642,13.5,2003,Europe,Gasoline,All-wheel drive,1,19.85903362
150,2,192,1995.183311,14.9,2023,USA,Gasoline,Front-wheel drive,-2,20.71842994
180,4,128,2988.634933,14.8,2022,USA,Gasoline,All-wheel drive,3,15.16226652
160,7,159,3523.604071,14.2,2013,USA,Gasoline,Front-wheel drive,1,12.43993634
310,5,177,3158.089799,15.3,2003,USA,Diesel,Front-wheel drive,0,13.99444385
190,,118,3643.565889,15.9,2018,Asia,Gasoline,Front-wheel drive,0,10.87016116
230,7,166,2512.30875,16.7,2007,Asia,Diesel,Front-wheel drive,-1,16.99317525
140,5,201,3620.650984,16.2,2020,USA,Diesel,All-wheel drive,2,12.47466872
180,,143,3438.596111,19.8,2010,Europe,Diesel,All-wheel drive,0,12.56193979
130,3,159,2398.975499,17.5,2006,Europe,Diesel,Front-wheel drive,,18.16457778
220,6,125,2941.719839,15.7,2003,USA,Diesel,Front-wheel drive,1,14.59118179
210,3,169,2152.191712,15.3,2017,Europe,Gasoline,All-wheel drive,0,18.53437998
200,,166,2760.147662,14.4,2022,Europe,Diesel,Front-wheel drive,0,16.13270126
170,3,,4405.498702,,2001,Europe,Diesel,Front-wheel drive,0,8.832517288
210,3,164,2833.238587,18.9,2023,USA,Gasoline,Front-wheel drive,0,15.55240905
180,5,159,3320.71728,19.2,2010,USA,Diesel,Front-wheel drive,,12.2149432
140,4,175,2777.978603,15.1,2003,Asia,Gasoline,Front-wheel drive,1,15.43345594
170,8,146,3311.822009,15.8,2012,USA,Diesel,Front-wheel drive,1,13.2113999
190,1,109,2933.068779,16.3,2013,Asia,Gasoline,All-wheel drive,,14.76743276
210,6,207,2579.78003,,2004,Asia,Diesel,All-wheel drive,-2,17.28319284
290,3,119,3698.623974,13.7,2021,USA,Diesel,Front-wheel drive,-1,11.74500955
180,5,145,3342.065027,15,2004,Asia,Gasoline,All-wheel drive,-1,12.63172586
200,,,2965.797289,10.8,2001,USA,Gasoline,All-wheel drive,0,14.86379128
280,2,111,3206.194441,14.8,2016,Asia,Gasoline,All-wheel drive,0,13.40999113
220,8,,3056.946049,17.5,2016,Asia,Gasoline,Front-wheel drive,2,14.58637375
270,3,182,3563.776864,11.8,2018,USA,Gasoline,Front-wheel drive,-1,13.3203382
200,5,164,2982.014174,12.2,2021,Asia,Gasoline,All-wheel drive,-1,15.05969877
260,3,139,2649.506796,,2002,Asia,Gasoline,All-wheel drive,1,16.69934736
150,2,137,2607.688088,16.7,2010,Europe,Diesel,All-wheel drive,1,16.48443588
190,5,161,1801.478335,11.7,2022,USA,Diesel,Front-wheel drive,1,21.94707715
190,,199,2970.78558,16.1,2021,Europe,Diesel,Front-wheel drive,0,15.29500873
220,1,174,1922.036321,12.8,2023,Asia,Gasoline,All-wheel drive,0,21.61468885
240,3,179,3121.840278,,2002,Europe,Diesel,Front-wheel drive,-1,14.80547209
200,1,109,3517.336304,13,2023,Asia,Diesel,All-wheel drive,1,12.51388308
190,4,167,2650.430457,11.7,2006,USA,Diesel,Front-wheel drive,-1,16.60920854
110,6,,3200.726306,13,2007,Asia,Diesel,Front-wheel drive,0,14.34720405
190,3,157,3304.894567,17.5,2005,Europe,Diesel,Front-wheel drive,-1,12.56946154
190,,135,3346.051384,15.6,2015,Asia,Gasoline,Front-wheel drive,0,13.04634575
320,1,156,2748.545185,,2019,Europe,Gasoline,Front-wheel drive,0,16.58551011
210,6,,3607.968548,,2015,Europe,Diesel,All-wheel drive,-1,11.62478049
230,4,121,3332.848429,15.3,2016,Europe,Diesel,All-wheel drive,,13.10502198
210,0,114,2465.053304,14.2,2017,Asia,Gasoline,Front-wheel drive,-1,17.47831152
210,4,123,3223.926976,12.1,2009,Asia,Gasoline,All-wheel drive,1,13.86625968
180,8,136,2688.331142,14,2008,USA,Gasoline,Front-wheel drive,-1,16.1869687
160,4,179,3845.204498,14.9,2021,Asia,Diesel,All-wheel drive,1,10.88270071
270,2,145,2931.687818,12.5,2013,USA,Gasoline,All-wheel drive,-1,15.81043733
210,5,94,2416.322801,14.6,2013,Europe,Gasoline,All-wheel drive,-1,16.88662155
260,5,174,3159.733864,17.4,2006,Asia,Diesel,All-wheel drive,0,14.80210779
180,5,115,2039.442504,16.3,2011,Europe,Gasoline,All-wheel drive,0,18.7333114
130,1,92,2775.853363,14.1,2002,Europe,Diesel,Front-wheel drive,-2,15.52177938
210,1,122,3915.030381,12.1,2022,USA,Gasoline,All-wheel drive,-1,10.49532954
110,6,213,2284.677015,15.9,2005,Asia,Diesel,All-wheel drive,1,18.8677754
230,5,173,3333.824896,15.5,2003,USA,Diesel,Front-wheel drive,0,12.5657286
120,4,147,2633.647792,12.9,2004,Asia,Diesel,All-wheel drive,-1,17.28401117
170,4,177,2556.307711,10.6,2004,Europe,Diesel,All-wheel drive,,18.0899098
280,3,159,3337.543055,20.3,2020,Europe,Gasoline,All-wheel drive,0,12.43088882
260,2,174,2430.65388,14.2,2000,Asia,Diesel,All-wheel drive,0,18.51830063
230,3,144,3518.79332,12.7,2007,USA,Diesel,All-wheel drive,0,12.6912418
220,0,152,2733.538666,19.7,2009,Asia,Diesel,Front-wheel drive,-1,16.14052719
130,5,181,2678.166626,15.6,2017,Asia,Gasoline,All-wheel drive,-2,17.23531268
200,7,151,2156.550165,12.9,2007,Europe,Diesel,Front-wheel drive,0,18.80230084
180,6,143,2845.802793,13.6,2023,Europe,Gasoline,All-wheel drive,0,15.65002752
160,6,128,2697.272154,,2015,Asia,Diesel,All-wheel drive,2,16.93400174
150,1,172,3854.283354,15.9,2005,Europe,Gasoline,All-wheel drive,0,10.87397425
220,4,144,2360.350739,,2015,USA,Gasoline,All-wheel drive,0,18.81896826
160,5,,1915.776227,11.6,2002,Asia,Gasoline,All-wheel drive,2,20.88853771
130,5,138,3367.172351,13.7,2003,Asia,Gasoline,Front-wheel drive,-2,13.11034701
210,2,,3458.687709,11.3,2019,Europe,Diesel,Front-wheel drive,,13.10035232
120,5,168,2945.13966,13.8,2013,Asia,Diesel,Front-wheel drive,-2,15.39890291
220,5,145,2797.486067,,2001,USA,Diesel,Front-wheel drive,0,16.3900649
190,2,129,2895.43871,12.1,2013,USA,Diesel,Front-wheel drive,-1,15.94845711
140,4,,3543.885484,12.4,2019,Asia,Diesel,Front-wheel drive,1,12.28020497
250,2,163,3006.030135,13.3,2008,USA,Diesel,Front-wheel drive,1,14.85124026
210,5,150,2544.416527,15.5,2001,Europe,Diesel,Front-wheel drive,-1,17.35429874
160,9,153,2379.013451,12.5,2009,Asia,Gasoline,All-wheel drive,1,17.79220704
240,2,178,3420.509277,14.3,2007,Asia,Diesel,All-wheel drive,0,13.21774353
280,9,207,2113.222336,,2013,Asia,Diesel,Front-wheel drive,0,19.3628102
180,6,130,2478.090739,,2014,Asia,Diesel,Front-wheel drive,,17.56129116
230,2,175,3023.883103,11.4,2015,Europe,Gasoline,All-wheel drive,0,15.49811189
120,6,162,2511.708017,,2003,Asia,Gasoline,Front-wheel drive,1,17.69796665
60,5,111,3720.398329,19.4,2018,Europe,Diesel,Front-wheel drive,1,10.73288778
220,3,152,2869.567482,16,2012,Asia,Gasoline,All-wheel drive,1,15.58989476
190,5,,2712.715764,14.7,2002,Europe,Diesel,All-wheel drive,-1,16.56286394
320,1,127,3023.949947,15.3,2023,USA,Diesel,All-wheel drive,-2,14.81331392
110,,121,2509.155483,16.7,2008,Asia,Diesel,Front-wheel drive,1,17.32024846
240,1,123,2229.883876,13.7,2005,USA,Diesel,All-wheel drive,-1,18.61661144
180,5,107,3209.246503,12.4,2019,USA,Diesel,Front-wheel drive,1,13.13930878
300,2,129,2738.979046,15.5,2003,Asia,Gasoline,All-wheel drive,0,16.16612437
220,6,152,4166.102277,,2004,Europe,Gasoline,Front-wheel drive,0,8.972385056
330,6,144,2885.624512,10.3,2021,Asia,Diesel,Front-wheel drive,1,15.71146948
190,2,184,4013.021116,14.3,2014,Europe,Diesel,All-wheel drive,-1,10.21669779
200,3,103,2106.178694,15.9,2003,Asia,Diesel,All-wheel drive,0,19.17359673
240,3,136,3104.859688,16.7,2004,Asia,Gasoline,All-wheel drive,0,14.28899582
260,2,103,3903.689914,16.8,2021,Asia,Gasoline,All-wheel drive,0,10.10306706
110,9,139,2721.629903,12.7,2014,USA,Gasoline,All-wheel drive,1,16.74247193
170,3,156,2879.198143,11.1,2009,Europe,Diesel,All-wheel drive,1,15.96536482
210,4,,2793.704087,16.9,2006,Europe,Diesel,Front-wheel drive,1,15.94883576
210,4,120,3121.911207,15.8,2004,USA,Gasoline,Front-wheel drive,0,14.01360939
190,10,187,3529.353513,12.1,2009,USA,Diesel,Front-wheel drive,-1,13.07797249
190,6,97,3121.364798,14.5,2006,USA,Gasoline,All-wheel drive,1,14.24084462
180,2,,3039.790324,15.2,2005,USA,Gasoline,All-wheel drive,1,15.15392645
160,5,154,3416.248058,14.4,2003,Asia,Gasoline,Front-wheel drive,1,13.04984691
290,4,222,2431.327724,18.6,2023,Europe,Diesel,Front-wheel drive,,18.41880512
140,4,103,2606.685671,13,2004,Asia,Diesel,All-wheel drive,1,17.23527578
200,3,183,2666.166329,13.9,2017,USA,Gasoline,Front-wheel drive,,17.57150189
190,5,104,2844.736911,13.8,2011,Asia,Diesel,All-wheel drive,0,14.84118659
160,4,161,2581.177523,15.6,2012,Europe,Gasoline,All-wheel drive,-1,16.94343511
110,4,143,2771.630571,11.4,2021,Europe,Diesel,All-wheel drive,1,16.07152759
150,,,2554.129982,9.7,2008,Europe,Diesel,Front-wheel drive,1,17.69424534
190,4,130,3591.485508,13.3,2020,USA,Gasoline,Front-wheel drive,0,11.27705653
250,4,149,2952.898655,,2001,Asia,Diesel,All-wheel drive,1,15.25614832
190,2,193,3033.66729,14.8,2010,Europe,Diesel,All-wheel drive,0,15.09316258
130,7,169,3570.045231,13.7,2006,Europe,Gasoline,Front-wheel drive,0,12.84454906
280,3,144,3404.052487,19,2018,Asia,Diesel,Front-wheel drive,-1,12.20813343
160,10,156,2959.701944,12.7,2010,Asia,Gasoline,All-wheel drive,-1,14.55620213
130,2,186,3105.229354,15,2018,Asia,Gasoline,Front-wheel drive,-1,14.72652076
200,5,145,2906.459477,,2005,USA,Diesel,Front-wheel drive,1,15.5996933
220,5,205,2079.007509,15.2,2006,USA,Gasoline,Front-wheel drive,1,20.10591503
210,0,153,2494.956879,16.7,2001,USA,Diesel,Front-wheel drive,0,17.99675088
230,4,197,2866.571285,14.2,2023,Asia,Diesel,All-wheel drive,-2,16.43560133
210,2,137,2311.69451,12.7,2006,Asia,Diesel,Front-wheel drive,1,18.41278763
310,4,178,2589.977012,13.2,2005,USA,Gasoline,All-wheel drive,0,17.44410646
220,6,188,2114.407285,14.3,2003,Asia,Gasoline,All-wheel drive,0,19.30191568
270,2,194,2035.758169,16,2001,USA,Gasoline,Front-wheel drive,,20.06414219
230,3,143,2240.890299,14.1,2016,Asia,Diesel,All-wheel drive,-1,18.69035971
200,5,179,3699.814679,,2022,Asia,Gasoline,Front-wheel drive,0,11.81807004
160,3,189,3242.836127,18.1,2021,Europe,Diesel,Front-wheel drive,0,13.9343214
240,3,151,2331.180208,14.8,2018,USA,Diesel,All-wheel drive,-1,18.21409946
270,0,141,2970.854907,15.6,2005,Asia,Gasoline,Front-wheel drive,0,14.91454702
190,4,174,3207.558271,12.5,2002,USA,Gasoline,Front-wheel drive,0,14.38617049
130,1,118,2906.285766,13.5,2018,Asia,Diesel,All-wheel drive,0,14.75399455
250,8,142,3206.21966,16.6,2009,Asia,Gasoline,Front-wheel drive,2,13.88327974
290,3,110,3412.586833,,2022,Asia,Gasoline,Front-wheel drive,1,12.38486546
140,7,103,2105.908937,13.8,2017,Asia,Diesel,All-wheel drive,-1,19.12870873
210,4,156,3094.180258,14.8,2014,USA,Gasoline,All-wheel drive,1,14.71170033
190,5,199,3065.546837,13.9,2020,Asia,Diesel,All-wheel drive,0,15.1064988
210,4,200,2685.6222,19.1,2021,Asia,Gasoline,All-wheel drive,-1,16.20010223
260,2,140,2378.908514,11.2,2000,Asia,Gasoline,All-wheel drive,0,19.07377189
170,4,199,2451.465201,13.4,2021,USA,Diesel,All-wheel drive,0,18.09222157
220,2,136,3788.153102,14.9,2003,USA,Gasoline,Front-wheel drive,1,10.98492833
170,5,165,3237.096964,15.8,2021,Europe,Gasoline,Front-wheel drive,0,14.8653482
180,6,114,2934.119695,18,2008,Europe,Diesel,All-wheel drive,0,14.56531227
110,7,153,2476.276252,14.7,2022,USA,Diesel,All-wheel drive,0,17.5342959
190,2,194,3492.328487,16,2015,Asia,Diesel,Front-wheel drive,1,12.79347233
250,5,150,2905.066144,16.6,2016,Europe,Diesel,Front-wheel drive,0,14.56279554
200,2,167,2943.36081,16.6,2017,Asia,Gasoline,All-wheel drive,1,15.17437209
220,3,135,3525.839095,9.1,2005,USA,Diesel,All-wheel drive,0,12.24362855
280,3,129,3115.109512,13.7,2004,USA,Diesel,All-wheel drive,,14.43038688
200,5,109,2731.381363,17.8,2019,Europe,Gasoline,All-wheel drive,1,15.95799957
180,3,201,2851.971578,19.2,2020,Asia,Diesel,Front-wheel drive,0,16.08044758
180,5,162,2551.40183,15.3,2001,Europe,Diesel,Front-wheel drive,1,17.46049346
80,,156,2420.127003,11.7,2022,Asia,Gasoline,All-wheel drive,0,17.96730183
250,5,37,2828.244295,14.3,2016,USA,Gasoline,All-wheel drive,0,14.87308787
160,4,118,2872.645621,11.7,2019,Europe,Gasoline,Front-wheel drive,-1,15.18381286
270,1,170,2707.976912,,2008,Asia,Diesel,All-wheel drive,-1,16.48987176
220,5,191,3601.207032,15.3,2005,Asia,Gasoline,All-wheel drive,0,12.4733799
210,6,161,2741.572245,13.8,2015,Europe,Gasoline,All-wheel drive,0,16.6049778
190,5,200,3133.271293,,2006,USA,Diesel,Front-wheel drive,1,14.2590205
150,1,120,2403.195524,9.7,2021,Asia,Diesel,All-wheel drive,-1,18.36736239
200,9,125,2681.518453,14.9,2019,Asia,Diesel,Front-wheel drive,2,16.44202702
170,6,137,3113.757808,10.1,2001,USA,Diesel,Front-wheel drive,-1,14.73737681
150,4,145,2236.807868,13.8,2005,Asia,Diesel,Front-wheel drive,1,19.29293272
280,4,102,3014.443508,20.9,2020,USA,Gasoline,Front-wheel drive,0,13.55457564
120,4,145,3231.417467,12.7,2013,Europe,Gasoline,Front-wheel drive,1,14.69646027
140,,158,3679.933328,18.9,2016,Europe,Gasoline,Front-wheel drive,0,11.92950941
220,5,143,3480.663233,14.4,2015,Europe,Gasoline,All-wheel drive,0,12.56602967
180,6,189,1738.118931,16,2011,Asia,Diesel,Front-wheel drive,1,20.87801605
240,3,141,2466.556987,14.4,2009,Europe,Diesel,Front-wheel drive,1,17.98027595
190,3,112,4117.970474,15.6,2010,Asia,Gasoline,Front-wheel drive,0,8.758153805
120,4,128,2894.629313,15.5,2016,USA,Diesel,Front-wheel drive,-1,15.28371649
170,3,169,3222.073265,19.3,2009,USA,Gasoline,All-wheel drive,,13.40876676
230,7,159,3229.818144,,2023,Europe,Diesel,Front-wheel drive,0,13.0188929
130,9,150,2859.218686,18.2,2006,USA,Gasoline,Front-wheel drive,1,15.74395943
100,6,115,3033.370733,13.3,2022,Europe,Gasoline,All-wheel drive,0,15.08521349
110,3,136,3307.407159,15.9,2010,USA,Gasoline,All-wheel drive,-2,12.38506255
200,4,145,2837.081655,14.4,2006,USA,Gasoline,Front-wheel drive,0,15.31523199
130,4,114,2679.332402,14.1,2013,Europe,Gasoline,Front-wheel drive,0,16.04143078
170,5,132,3667.723127,15.6,2004,USA,Diesel,Front-wheel drive,1,11.99084487
240,5,112,2302.068384,9.7,2022,Asia,Gasoline,All-wheel drive,1,19.22133503
200,5,,3696.614013,16.8,2015,Europe,Gasoline,All-wheel drive,0,11.24849502
220,5,105,2757.337423,19.1,2019,Asia,Diesel,Front-wheel drive,1,14.99841468
160,3,176,3638.029636,16.6,2021,Europe,Diesel,All-wheel drive,0,11.09955482
130,7,211,2884.247589,15.9,2010,USA,Diesel,All-wheel drive,0,15.76908646
180,4,,3027.326728,,2015,Asia,Gasoline,All-wheel drive,-2,14.66872868
220,8,96,3280.770483,14.9,2000,USA,Gasoline,Front-wheel drive,-2,12.95115438
150,1,142,2808.776471,17,2003,Asia,Diesel,All-wheel drive,-1,15.72865501
190,1,149,3570.817137,13,2001,Europe,Diesel,Front-wheel drive,0,12.90124493
210,5,138,2695.220535,10.5,2006,USA,Diesel,Front-wheel drive,2,16.75398559
140,3,141,3840.040869,15.9,2021,Asia,Gasoline,All-wheel drive,3,10.43805313
220,4,169,3293.420251,13.2,2008,Asia,Diesel,All-wheel drive,1,13.73334321
230,7,147,3004.590195,13.9,2005,USA,Diesel,All-wheel drive,-1,14.69551064
210,3,,3024.632021,15.7,2019,Europe,Gasoline,Front-wheel drive,-1,15.32050986
220,3,156,3083.791826,16.2,2022,USA,Gasoline,All-wheel drive,1,14.84976663
200,4,,2895.391496,17.3,2023,Europe,Gasoline,Front-wheel drive,-1,15.14341019
160,1,159,3109.595227,15.5,2006,Asia,Gasoline,All-wheel drive,1,14.59640696
210,2,137,3675.097614,18,2022,Europe,Diesel,Front-wheel drive,-1,11.67564242
180,9,,3073.130825,16,2019,Asia,Gasoline,All-wheel drive,-1,13.39235073
250,3,140,2679.446017,14.3,2010,Europe,Gasoline,Front-wheel drive,1,16.92802907
260,3,157,3690.549756,13.4,2014,Asia,Gasoline,Front-wheel drive,,11.50624879
210,7,185,2403.796203,12.2,2019,Asia,Diesel,Front-wheel drive,0,17.57269829
280,4,135,3784.764385,12.5,2023,Europe,Diesel,All-wheel drive,0,11.44916786
160,5,122,3248.974471,14.1,2001,USA,Gasoline,Front-wheel drive,0,13.86163117
60,3,137,2465.385957,12.4,2021,Europe,Diesel,Front-wheel drive,0,17.90746202
200,5,101,2429.629797,11.9,2015,USA,Diesel,Front-wheel drive,1,17.9622191
230,4,156,3329.915906,16.1,2006,Asia,Gasoline,All-wheel drive,0,13.13532715
120,3,142,3287.932158,18.2,2018,Europe,Gasoline,All-wheel drive,2,12.95055167
190,4,210,2296.812559,14.3,2001,Asia,Diesel,All-wheel drive,-1,19.18279362
230,2,,3657.16933,14.6,2013,USA,Gasoline,All-wheel drive,1,11.54600482
110,2,160,1919.811354,15.3,2008,Europe,Diesel,All-wheel drive,-1,20.31392111
250,2,153,2681.343154,18.2,2023,Asia,Diesel,All-wheel drive,1,16.35779263
210,2,149,3040.694049,14.5,2022,Asia,Gasoline,Front-wheel drive,,15.50712182
190,3,118,2776.779879,18.9,2002,Europe,Gasoline,All-wheel drive,2,14.9657297
180,3,187,3414.263212,10.4,2014,Europe,Diesel,All-wheel drive,,13.42550722
230,6,144,2465.100298,10.4,2011,Europe,Gasoline,All-wheel drive,1,17.88519971
170,3,129,2800.246244,20.1,2015,Europe,Diesel,Front-wheel drive,0,15.14613274
260,2,160,2651.797255,14.6,2018,USA,Diesel,All-wheel drive,2,16.90880909
270,4,147,2669.81811,15.9,2004,USA,Diesel,All-wheel drive,-1,16.32332447
240,2,168,3706.642163,13,2015,Europe,Diesel,All-wheel drive,0,11.85171638
240,,137,2384.709754,12.7,2022,USA,Gasoline,All-wheel drive,1,18.47780329
250,1,152,3426.578782,16,2005,USA,Gasoline,All-wheel drive,0,13.00532209
160,1,168,2880.251445,14.2,2015,Europe,Gasoline,Front-wheel drive,0,16.39138018
210,4,92,3178.146079,14.7,2019,Asia,Gasoline,Front-wheel drive,-1,14.0809552
310,6,102,2661.844805,19,2012,USA,Diesel,All-wheel drive,0,16.17453702
160,3,130,3626.187544,14.2,2017,USA,Gasoline,Front-wheel drive,2,13.12557727
160,4,,2417.61065,17.4,2005,Europe,Diesel,Front-wheel drive,0,18.04456134
320,5,166,3559.479555,16.6,2019,USA,Gasoline,Front-wheel drive,0,12.0767446
120,2,98,2152.640871,9.6,2008,USA,Diesel,All-wheel drive,-1,18.83083293
250,2,125,3499.166928,13.7,2002,Europe,Diesel,All-wheel drive,0,12.71598369
260,2,216,2648.706336,,2017,Europe,Gasoline,Front-wheel drive,1,17.88184508
140,1,126,2438.076119,11.7,2009,Asia,Gasoline,Front-wheel drive,1,17.89655269
110,3,171,3506.468005,12.8,2010,Asia,Diesel,All-wheel drive,1,12.9139709
70,3,114,2986.237818,12.1,2000,Europe,Gasoline,All-wheel drive,1,14.15861943
220,6,154,2912.932062,14.1,2020,Asia,Diesel,All-wheel drive,-1,15.99679187
280,2,118,2300.005178,15.3,2017,Asia,Gasoline,Front-wheel drive,-2,17.22491899
220,4,127,3479.290304,17.2,2020,Asia,Diesel,Front-wheel drive,,12.13697351
190,6,160,3154.201604,13.9,2013,USA,Diesel,All-wheel drive,-2,13.75648754
230,6,,3844.8053,14.1,2011,Europe,Diesel,All-wheel drive,,10.8764943
180,7,126,3258.883868,16.3,2013,USA,Gasoline,All-wheel drive,0,13.70488003
210,4,173,2701.613608,18.1,2012,Europe,Gasoline,All-wheel drive,0,15.86804204
170,2,144,3858.655323,15.7,2018,Europe,Diesel,All-wheel drive,1,10.77829273
280,4,121,3526.774827,16.2,2004,Asia,Diesel,Front-wheel drive,0,12.28282943
190,8,118,3297.215831,16.4,2020,Europe,Gasoline,All-wheel drive,-2,13.3811737
160,1,,2347.585366,15.8,2009,Europe,Diesel,Front-wheel drive,0,17.62464558
160,6,,3255.300417,18.4,2008,Asia,Diesel,Front-wheel drive,0,13.85997998
220,4,150,2604.792235,15.8,2004,USA,Gasoline,All-wheel drive,-2,16.66848117
120,2,178,2981.181717,11.6,2002,Europe,Gasoline,Front-wheel drive,-2,15.5144585
300,4,146,3478.799729,14.4,2003,Asia,Diesel,Front-wheel drive,2,12.72245366
140,3,162,1839.804252,16.4,2015,Asia,Gasoline,All-wheel drive,1,20.60725187
200,5,84,2632.909222,12.4,2011,USA,Gasoline,All-wheel drive,1,17.21307186
170,4,158,2760.143413,10,2021,Europe,Diesel,All-wheel drive,0,16.72593396
230,6,194,2871.583507,14.6,2016,USA,Gasoline,Front-wheel drive,1,15.89571641
260,7,142,3199.00889,16.4,2006,Europe,Diesel,All-wheel drive,0,13.61934721
80,4,136,2996.645087,14.8,2012,Europe,Gasoline,All-wheel drive,0,14.90581027
250,6,174,2977.178532,14.6,2004,Asia,Diesel,All-wheel drive,0,15.57080946
190,4,121,3095.821113,15,2002,USA,Gasoline,All-wheel drive,-1,14.43550044
200,3,153,2366.102756,12.4,2012,USA,Diesel,All-wheel drive,-1,18.37393475
220,4,190,3039.761103,16.2,2022,Asia,Diesel,Front-wheel drive,1,15.68673038
210,3,186,2762.411125,13.6,2022,Europe,Gasoline,Front-wheel drive,1,16.72806072
150,5,141,2915.515024,13.5,2018,Europe,Diesel,Front-wheel drive,0,15.18680215
260,5,118,3133.740379,17.9,2018,USA,Gasoline,All-wheel drive,-1,13.79823832
260,6,113,2260.558949,13.5,2011,USA,Gasoline,All-wheel drive,2,18.40909746
270,2,179,2602.674718,15.6,2018,Asia,Gasoline,All-wheel drive,2,17.79905805
260,7,188,2786.539979,17.7,2009,Europe,Gasoline,Front-wheel drive,0,15.64021988
200,6,197,3926.249347,15.2,2009,Asia,Diesel,Front-wheel drive,0,10.79112152
150,3,163,3166.822551,11.4,2010,USA,Gasoline,Front-wheel drive,-2,14.49849694
180,4,128,2853.995917,16.1,2022,Europe,Gasoline,All-wheel drive,0,15.7986683
130,4,76,3790.40789,17.7,2018,Asia,Diesel,All-wheel drive,0,9.760188479
180,4,141,2535.987101,,2017,Europe,Diesel,All-wheel drive,1,17.56759115
140,2,115,2814.380372,13.4,2003,USA,Gasoline,Front-wheel drive,0,15.58222085
290,5,,3696.354086,15,2002,Europe,Diesel,All-wheel drive,0,11.72739349
220,4,231,3061.245449,17.2,2011,Asia,Diesel,All-wheel drive,2,15.21588954
190,5,111,2995.957001,14.1,2007,USA,Diesel,Front-wheel drive,1,14.72308564
210,4,109,3450.962377,,2009,Europe,Diesel,All-wheel drive,0,11.93781048
190,2,203,2199.405949,17.1,2006,USA,Diesel,All-wheel drive,0,19.33182106
220,3,143,3047.023773,14.6,2019,Asia,Diesel,Front-wheel drive,-1,14.62868974
180,6,132,2868.946942,,2018,Asia,Gasoline,All-wheel drive,0,15.36961281
290,5,190,2919.957707,8.9,2003,USA,Gasoline,All-wheel drive,-1,15.8866835
190,1,162,3628.859856,14,2007,Asia,Diesel,Front-wheel drive,2,12.60194991
190,2,121,3184.952238,17.5,2013,Europe,Gasoline,All-wheel drive,-2,14.02122666
210,5,152,2028.711672,17.9,2008,Asia,Gasoline,Front-wheel drive,-1,19.70238201
210,6,194,2996.33969,10.4,2001,Europe,Diesel,All-wheel drive,0,16.06684555
170,5,180,3009.254903,14.3,2007,Europe,Diesel,All-wheel drive,0,15.84568363
160,0,138,2792.779784,17.6,2002,Europe,Gasoline,All-wheel drive,-1,15.73849864
200,4,182,2983.474379,15,2003,USA,Gasoline,Front-wheel drive,1,15.50015399
210,4,124,3255.913823,12.1,2002,Europe,Gasoline,All-wheel drive,0,14.01631375
170,6,63,2722.527148,14.8,2018,USA,Diesel,Front-wheel drive,1,15.42314321
130,3,188,2584.186023,17.3,2018,Asia,Diesel,All-wheel drive,0,16.85554898
140,4,130,3572.683349,15.2,2008,Europe,Diesel,Front-wheel drive,2,11.64322216
200,7,170,2430.190498,12.8,2012,Asia,Gasoline,All-wheel drive,0,19.09719487
230,4,,3004.138387,17.7,2006,USA,Gasoline,Front-wheel drive,0,15.30308227
200,8,145,3126.358145,17.1,2005,Europe,Diesel,All-wheel drive,0,14.31895476
190,3,,3403.309755,10.5,2014,Asia,Gasoline,All-wheel drive,0,14.46586318
280,1,,3017.372589,12.8,2005,Asia,Gasoline,Front-wheel drive,1,15.00242241
190,,157,3251.226878,11.4,2015,USA,Gasoline,Front-wheel drive,0,14.2000985
210,2,211,1716.160765,14.9,2002,Europe,Diesel,All-wheel drive,0,21.28657687
300,7,162,2608.833768,14.4,2016,Asia,Diesel,All-wheel drive,-1,16.73841083
140,4,141,2164.854349,10.4,2000,USA,Diesel,Front-wheel drive,-2,19.62383037
110,2,180,3194.567689,12.2,2002,USA,Gasoline,Front-wheel drive,2,14.99734566
130,6,141,2312.342907,14.5,2004,Europe,Gasoline,Front-wheel drive,-1,18.05998397
180,5,181,2280.021116,,2004,Europe,Diesel,All-wheel drive,0,19.27737947
150,3,206,3748.164469,15.5,2015,USA,Gasoline,All-wheel drive,1,11.81884314
200,,174,2537.953621,15.1,2015,Europe,Gasoline,All-wheel drive,-1,16.95834001
200,3,,2822.137176,16.1,2022,Asia,Diesel,Front-wheel drive,-1,15.25851803
180,4,185,3020.21629,12.8,2021,Europe,Diesel,Front-wheel drive,-1,15.74346035
140,2,148,3880.696325,13.3,2021,Asia,Diesel,All-wheel drive,-1,10.93302252
160,5,221,2909.195683,12.1,2002,Europe,Gasoline,All-wheel drive,2,16.62322498
260,1,103,3186.870021,15.3,2004,Asia,Diesel,All-wheel drive,0,13.70370174
240,,138,2676.853433,16.6,2002,Europe,Gasoline,All-wheel drive,0,16.18697971
260,5,139,2606.972984,15.9,2009,USA,Gasoline,All-wheel drive,-1,16.96405425
170,6,179,3099.580417,10,2015,USA,Gasoline,Front-wheel drive,0,14.90526323
180,3,165,2939.904967,16.4,2009,Europe,Gasoline,All-wheel drive,0,15.47935585
150,6,152,3482.439258,13.1,2006,USA,Diesel,All-wheel drive,-2,12.35154345
260,3,176,2767.106886,16.2,2008,Asia,Diesel,All-wheel drive,0,16.68407616
180,2,187,2700.407919,16.8,2015,Asia,Gasoline,Front-wheel drive,0,16.54869606
260,5,93,3164.330222,20.1,2009,USA,Diesel,All-wheel drive,2,13.60635638
200,5,121,3459.522917,17.8,2006,Asia,Gasoline,All-wheel drive,-1,12.08560202
200,2,,2037.911764,17.7,2018,USA,Diesel,Front-wheel drive,-1,19.73103573
290,8,128,3451.150102,14.2,2014,Europe,Gasoline,All-wheel drive,-1,12.90350115
160,4,155,2773.265064,15.1,2015,Europe,Diesel,Front-wheel drive,1,16.05735604
180,8,132,3917.501941,13.6,2005,Asia,Gasoline,Front-wheel drive,1,10.9804047
190,2,143,2269.19151,15.4,2016,Europe,Gasoline,Front-wheel drive,0,17.99141714
200,5,149,2641.372848,17.2,2018,Europe,Gasoline,All-wheel drive,0,16.29888074
180,3,206,3199.521747,13.9,2008,Europe,Diesel,Front-wheel drive,1,14.06427614
220,6,166,2498.925335,12.8,2022,Asia,Gasoline,Front-wheel drive,0,17.38266318
160,3,,3776.532215,18.3,2018,Asia,Diesel,Front-wheel drive,1,10.27835433
190,3,113,2836.903078,16.6,2000,Asia,Gasoline,Front-wheel drive,1,15.22617857
200,4,166,2560.218739,15,2007,Asia,Gasoline,Front-wheel drive,0,17.44188557
210,2,226,3916.64148,21.5,2005,Europe,Gasoline,Front-wheel drive,1,10.1275717
130,3,78,3005.541178,,2021,USA,Gasoline,Front-wheel drive,,14.12931772
170,6,136,2971.810539,15.7,2018,Asia,Gasoline,Front-wheel drive,1,15.13607532
200,2,122,3068.643956,11.4,2018,Asia,Diesel,All-wheel drive,0,14.245128
250,3,,2748.352364,10.8,2018,Europe,Diesel,All-wheel drive,1,16.46374683
230,1,141,3110.729313,17.3,2022,USA,Diesel,Front-wheel drive,-2,14.08830961
240,3,216,3386.35588,16,2001,USA,Gasoline,Front-wheel drive,1,13.85896869
180,4,183,3209.332287,15,2016,Europe,Gasoline,All-wheel drive,0,14.5869013
250,2,149,3357.951306,,2020,USA,Diesel,All-wheel drive,0,13.17358189
130,6,124,2410.061293,18,2011,Asia,Gasoline,Front-wheel drive,0,17.67705348
160,6,185,2456.603111,14.5,2011,Asia,Diesel,Front-wheel drive,-1,17.7812881
230,9,143,3109.216462,11.3,2003,Europe,Diesel,Front-wheel drive,0,14.71475502
250,2,,2882.884834,16.2,2002,USA,Diesel,Front-wheel drive,1,15.49657575
220,0,157,3757.319502,13.9,2014,USA,Diesel,All-wheel drive,0,11.55438593
180,6,190,2394.486961,11.6,2012,Europe,Gasoline,All-wheel drive,0,19.07892888
110,4,156,3211.982754,12.5,2020,Asia,Diesel,Front-wheel drive,0,14.19665989
180,5,136,2951.289217,15,2012,Asia,Gasoline,Front-wheel drive,1,15.58384104
200,7,216,2223.666556,13,2021,USA,Gasoline,All-wheel drive,0,20.13138679
170,2,216,3253.855316,15.6,2012,Europe,Diesel,Front-wheel drive,1,14.46248531
180,6,127,2848.377793,11.3,2023,Europe,Gasoline,Front-wheel drive,1,16.12272098
260,6,173,2166.27622,16.5,2016,USA,Gasoline,Front-wheel drive,0,19.39381878
170,7,131,2928.97851,13.2,2005,Asia,Gasoline,All-wheel drive,,15.8389646
180,4,192,3337.690887,14.3,2011,USA,Gasoline,Front-wheel drive,0,13.48678523
210,4,168,2795.110289,12.8,2023,Asia,Diesel,Front-wheel drive,-1,16.47405755
120,5,151,3938.519631,13.6,2022,Asia,Gasoline,All-wheel drive,1,10.80079641
160,5,166,4052.057446,13.6,2001,Europe,Gasoline,Front-wheel drive,-1,9.90060039
200,1,122,2610.926774,12.6,2004,Europe,Diesel,All-wheel drive,-1,17.00281215
180,3,137,4023.227234,14.1,2010,Asia,Gasoline,Front-wheel drive,0,9.729600434
220,2,102,2843.124392,15.3,2018,Europe,Diesel,All-wheel drive,0,15.30435479
220,6,159,2882.10019,11.3,2012,Asia,Diesel,Front-wheel drive,0,16.15843764
160,5,140,4107.105555,16.2,2013,Asia,Gasoline,Front-wheel drive,,9.622892832
230,6,178,2753.209445,18,2022,Asia,Gasoline,Front-wheel drive,0,16.47963672
220,2,212,3277.229323,17,2001,Asia,Gasoline,All-wheel drive,0,14.01640016
260,5,157,3716.421056,16.6,2010,Europe,Gasoline,Front-wheel drive,0,11.78869581
160,2,120,3245.093025,14.1,2003,USA,Diesel,Front-wheel drive,0,14.28799671
220,5,164,3351.317284,14.6,2012,Asia,Gasoline,Front-wheel drive,1,13.32523087
220,4,183,3706.505335,17.9,2001,Asia,Gasoline,All-wheel drive,0,11.40844083
260,5,153,3657.16778,12.8,2007,Europe,Diesel,Front-wheel drive,0,11.12299628
280,4,138,1985.465758,10.3,2023,USA,Diesel,All-wheel drive,0,20.76120369
120,7,229,2484.526171,17.4,2018,USA,Diesel,Front-wheel drive,0,18.41672192
170,5,174,3945.589082,13.6,2002,Europe,Gasoline,Front-wheel drive,-2,10.70078268
190,1,155,2334.855708,,2004,Europe,Gasoline,All-wheel drive,-1,18.31309336
120,5,138,2928.952915,14.7,2008,Europe,Gasoline,All-wheel drive,-2,15.30114928
370,4,129,2609.375254,15,2005,Asia,Diesel,Front-wheel drive,0,17.16874411
300,5,139,2994.361885,14.5,2011,USA,Diesel,All-wheel drive,0,15.14416133
130,6,136,3029.585105,16.2,2015,Asia,Diesel,Front-wheel drive,-1,14.45841703
230,4,197,1855.781452,16.3,2021,Asia,Diesel,All-wheel drive,0,21.26683675
210,2,148,2671.536749,15.5,2017,USA,Diesel,Front-wheel drive,0,17.13915
150,2,163,2564.488443,19.2,2012,Asia,Diesel,Front-wheel drive,-1,16.87675066
190,,189,2583.248158,12.3,2017,Europe,Diesel,Front-wheel drive,0,17.41624035
230,1,144,3300.574833,15.9,2002,Asia,Gasoline,Front-wheel drive,1,13.49459613
150,3,192,2556.857289,,2015,Asia,Diesel,Front-wheel drive,-1,17.10251336
200,8,112,2279.563966,15.6,2005,USA,Diesel,All-wheel drive,1,17.61103289
230,6,116,2977.261552,12.4,2016,Asia,Gasoline,All-wheel drive,-2,15.30523415
200,2,157,2927.035441,16.3,2016,USA,Diesel,Front-wheel drive,,15.04348665
130,2,121,2779.805228,9.7,2020,Europe,Gasoline,Front-wheel drive,0,16.2829043
180,4,137,2700.691158,13.1,2019,Europe,Diesel,All-wheel drive,0,16.26059895
250,2,163,2994.377427,,2005,USA,Gasoline,Front-wheel drive,-1,15.88354903
140,6,127,3677.267017,17,2017,USA,Gasoline,All-wheel drive,1,11.26225186
290,6,,4123.470566,15.9,2019,Europe,Diesel,All-wheel drive,0,9.199189255
170,8,192,2180.152805,,2002,Europe,Diesel,All-wheel drive,-1,20.44208902
210,11,152,2435.203606,14.7,2004,Europe,Diesel,Front-wheel drive,-1,17.96528447
100,3,,3420.297477,15.8,2009,Asia,Gasoline,All-wheel drive,1,13.22872849
180,,232,2461.302682,16.4,2016,Europe,Gasoline,All-wheel drive,-2,17.78492926
240,3,160,2836.52982,11.4,2016,Europe,Diesel,All-wheel drive,1,16.39464569
210,4,113,2951.724606,18.9,2004,Asia,Gasoline,Front-wheel drive,1,14.71683899
160,4,216,3540.468858,,2023,Asia,Gasoline,All-wheel drive,2,12.79701629
210,3,82,2371.95669,13.3,2008,Asia,Gasoline,All-wheel drive,0,17.54381451
170,3,146,3163.245012,14.7,2013,USA,Gasoline,Front-wheel drive,0,15.06186484
210,1,178,3239.867622,16.5,2010,Asia,Diesel,Front-wheel drive,1,13.97246764
290,,101,2441.50951,14,2017,USA,Gasoline,Front-wheel drive,-1,16.62098723
230,1,217,4074.277304,19.8,2010,Asia,Gasoline,Front-wheel drive,0,10.38215887
190,6,143,3354.122607,13.1,2001,Europe,Gasoline,All-wheel drive,0,12.81856506
200,4,163,2914.015369,13.1,2023,Asia,Diesel,Front-wheel drive,0,15.88368706
190,1,123,3822.291908,,2006,Asia,Diesel,All-wheel drive,-1,10.9382354
170,2,107,3070.337284,15.2,2016,Asia,Diesel,Front-wheel drive,-1,13.55172184
230,5,205,2707.280479,12.9,2004,Europe,Diesel,Front-wheel drive,-1,17.4963069
240,1,202,3351.203324,18.4,2010,Europe,Gasoline,Front-wheel drive,0,13.82604237
170,2,167,3735.599543,,2010,Europe,Diesel,Front-wheel drive,2,11.52093686
170,2,144,2361.579696,14,2001,Europe,Diesel,Front-wheel drive,0,18.64360771
150,5,133,3566.001002,16.1,2003,USA,Diesel,Front-wheel drive,0,11.3569938
160,3,138,3250.351751,18.5,2005,USA,Diesel,All-wheel drive,0,13.06251874
160,3,,2337.607992,8,2018,Asia,Gasoline,Front-wheel drive,0,18.94742507
130,5,152,3329.544179,14.9,2000,Europe,Diesel,All-wheel drive,1,13.13551119
180,4,133,2540.965832,14.9,2019,USA,Gasoline,All-wheel drive,1,18.22733977
230,3,168,3621.539524,17.6,2011,Asia,Diesel,All-wheel drive,0,12.08437564
230,4,104,4289.010726,17.9,2003,USA,Gasoline,Front-wheel drive,-1,7.662784442
120,6,154,2779.934213,12.4,2016,Asia,Gasoline,Front-wheel drive,1,16.95707708
130,3,115,3619.374147,13,2018,USA,Gasoline,Front-wheel drive,-1,11.86005214
160,4,168,2684.978439,19.7,2006,Europe,Diesel,Front-wheel drive,0,16.46123432
220,5,152,3654.121078,15.1,2015,Asia,Gasoline,Front-wheel drive,0,11.78253372
270,3,178,3981.352493,15.8,2019,Asia,Gasoline,Front-wheel drive,2,10.68093762
170,6,169,2281.895719,12.6,2018,USA,Gasoline,All-wheel drive,0,18.76217491
230,2,110,2983.481527,15.7,2008,Asia,Diesel,All-wheel drive,-1,14.50976603
140,6,155,2931.414151,17.1,2021,USA,Gasoline,Front-wheel drive,0,15.38655395
260,4,138,2326.61421,21.8,2022,USA,Gasoline,Front-wheel drive,1,18.20795666
190,1,180,3023.387372,19.3,2017,Europe,Gasoline,Front-wheel drive,1,14.85631229
190,4,155,3445.680538,13.8,2007,USA,Gasoline,Front-wheel drive,1,13.07920814
280,6,170,2801.287583,14.1,2011,USA,Gasoline,Front-wheel drive,0,16.49823559
190,2,131,2994.919291,15,2005,USA,Gasoline,Front-wheel drive,0,14.71023242
220,5,151,3569.142798,12.8,2012,Asia,Diesel,All-wheel drive,0,12.09279233
190,3,197,3166.409042,19.5,2019,USA,Gasoline,Front-wheel drive,0,13.87493638
180,3,,3450.08322,11.2,2003,Europe,Gasoline,All-wheel drive,1,12.7317893
210,2,201,3327.83121,17.5,2011,USA,Gasoline,Front-wheel drive,1,13.41729233
130,2,119,2279.114841,12.4,2021,USA,Gasoline,Front-wheel drive,0,18.28543156
270,3,124,3441.00333,9.7,2008,Asia,Gasoline,All-wheel drive,,13.588242
160,2,140,2535.375988,14.9,2016,Europe,Diesel,All-wheel drive,-1,16.9292922
210,3,99,3118.182858,15.2,2002,Asia,Diesel,All-wheel drive,0,14.12905519
80,1,,3080.15628,14.2,2020,Asia,Gasoline,All-wheel drive,0,14.39070958
270,3,165,2709.44699,,2002,Asia,Diesel,All-wheel drive,0,17.34225572
240,4,,3629.912976,20.1,2003,USA,Diesel,All-wheel drive,-1,11.67579118
180,2,148,2443.468464,20.4,2000,USA,Gasoline,All-wheel drive,0,17.24358355
270,5,126,2437.937962,14.9,2007,USA,Diesel,All-wheel drive,-1,17.77798337
90,4,203,2797.557438,12.2,2017,Europe,Gasoline,Front-wheel drive,0,16.98247203
260,2,178,4057.703133,15.2,2006,Asia,Diesel,All-wheel drive,0,10.34249492
230,3,139,2884.703189,14.6,2001,Europe,Diesel,Front-wheel drive,,15.36186746
190,4,149,2881.15307,15.8,2020,Asia,Diesel,All-wheel drive,-4,16.00392631
140,9,168,3471.692191,12.4,2016,USA,Diesel,Front-wheel drive,2,13.8009043
220,,156,2775.3571,13.1,2022,Asia,Diesel,Front-wheel drive,1,17.07371957
200,6,,2412.665105,16.2,2020,USA,Gasoline,All-wheel drive,0,17.99891022
250,4,132,2705.913873,12.6,2003,Europe,Gasoline,All-wheel drive,-1,15.7459426
310,3,133,3624.27345,10.2,2001,Asia,Gasoline,All-wheel drive,-1,11.69677162
180,3,,3314.837359,16.1,2021,USA,Diesel,All-wheel drive,-1,12.93036777
240,2,,3307.491184,18.8,2022,Asia,Diesel,Front-wheel drive,0,13.28320392
260,7,125,3029.325314,11.6,2011,USA,Diesel,All-wheel drive,-1,14.43883979
190,2,176,2210.44771,13.7,2012,USA,Gasoline,All-wheel drive,1,19.1645732
180,6,117,3520.223797,16.1,2000,Asia,Gasoline,Front-wheel drive,1,11.76030706
100,,166,2616.861293,19.6,2000,USA,Diesel,Front-wheel drive,-1,16.63197948
250,1,175,2875.447173,13.4,2023,Europe,Diesel,Front-wheel drive,-2,15.98786387
140,1,161,2926.426994,13.4,2001,USA,Diesel,All-wheel drive,,16.0560602
160,3,133,2936.090896,14,2016,Europe,Diesel,Front-wheel drive,0,14.66774712
220,2,150,3080.6787,14.5,2008,USA,Diesel,Front-wheel drive,-1,14.60721221
230,4,163,2513.84263,15.5,2013,Europe,Gasoline,Front-wheel drive,2,17.33744521
140,6,128,2105.547125,18.9,2012,USA,Gasoline,All-wheel drive,-3,18.97418422
140,2,132,3534.79363,17.8,2014,Europe,Diesel,Front-wheel drive,0,11.48244866
280,4,148,2611.17297,17.2,2007,USA,Gasoline,Front-wheel drive,1,16.96347645
120,3,127,3182.330369,17,2003,USA,Gasoline,All-wheel drive,0,13.19361779
180,3,179,2965.159915,,2000,USA,Diesel,Front-wheel drive,0,15.26379652
260,4,93,2714.417454,18,2010,USA,Diesel,All-wheel drive,1,15.34963439
170,4,144,1425.931367,19.3,2012,Asia,Gasoline,Front-wheel drive,0,22.59278487
210,2,125,3312.837195,,2002,Europe,Diesel,All-wheel drive,0,12.61549246
270,7,114,2915.753458,16.6,2021,USA,Diesel,All-wheel drive,0,14.45673973
200,1,88,2998.733991,10.5,2004,USA,Gasoline,Front-wheel drive,-1,14.82024029
100,3,133,3010.342487,14.8,2020,Asia,Diesel,Front-wheel drive,0,15.2401526
210,4,162,2240.055898,10.3,2002,USA,Diesel,All-wheel drive,-1,19.15386327
150,9,203,3497.714763,12.3,2021,USA,Gasoline,All-wheel drive,1,13.55571705
120,4,156,2890.686408,,2003,Europe,Diesel,All-wheel drive,-1,15.5931259
190,2,151,3100.970162,14.3,2002,Asia,Gasoline,All-wheel drive,0,14.74299481
230,6,113,3345.102167,19.7,2005,Asia,Gasoline,Front-wheel drive,0,12.05714788
230,4,138,3070.415965,,2023,Asia,Gasoline,All-wheel drive,,14.80742631
170,3,187,3621.745214,10.6,2017,Asia,Gasoline,Front-wheel drive,1,13.04304397
230,5,151,2882.01995,12.8,2019,Asia,Diesel,All-wheel drive,-1,15.87307742
280,6,99,2342.771974,,2007,USA,Gasoline,All-wheel drive,-1,17.39708434
180,7,182,3267.221529,12.8,2011,USA,Gasoline,All-wheel drive,0,14.197312
250,4,140,2933.662184,13.1,2016,Asia,Diesel,Front-wheel drive,-2,15.16194404
190,5,103,3399.886883,17.6,2013,USA,Gasoline,Front-wheel drive,0,12.30631928
190,5,181,3076.126144,15.7,2007,Asia,Diesel,All-wheel drive,-2,15.00302953
140,3,190,3450.70439,14.8,2006,Asia,Gasoline,Front-wheel drive,2,13.90149332
240,0,209,3535.055348,14.8,2016,Europe,Diesel,Front-wheel drive,-2,12.59915739
220,3,95,2497.440696,14.2,2018,Asia,Diesel,Front-wheel drive,0,16.43118353
250,5,128,3112.852028,15.4,2015,Europe,Gasoline,Front-wheel drive,1,13.91488383
220,3,116,2871.158545,15.3,2019,USA,Gasoline,All-wheel drive,0,15.68349212
90,9,144,3258.76544,14.7,2021,USA,Diesel,All-wheel drive,2,13.8436682
140,1,198,2680.353999,10.1,2009,USA,Diesel,All-wheel drive,0,17.65225794
220,2,132,3137.620938,14.2,2011,Asia,Gasoline,All-wheel drive,1,14.69538309
160,4,150,3529.887898,15.8,2008,USA,Diesel,All-wheel drive,1,11.75744335
110,7,144,2664.104434,16.7,2018,Europe,Gasoline,Front-wheel drive,-1,16.67095298
300,3,159,3025.561115,17.7,2011,USA,Gasoline,All-wheel drive,0,14.80061894
210,3,103,3072.535742,13.6,2019,Asia,Diesel,All-wheel drive,0,14.07933354
160,3,148,3284.870748,14.5,2020,Europe,Diesel,All-wheel drive,0,13.75004809
200,8,146,2133.834085,20.8,2013,Europe,Gasoline,Front-wheel drive,1,19.23565212
180,5,160,3166.887734,13.8,2013,USA,Gasoline,All-wheel drive,1,14.36200475
320,5,192,3161.987675,14,2013,Asia,Diesel,All-wheel drive,0,15.38205351
140,1,120,2982.810144,13.7,2011,Europe,Diesel,Front-wheel drive,0,14.67747856
230,5,133,3021.491175,16.4,2006,Asia,Gasoline,All-wheel drive,-1,13.94672829
80,5,128,3403.373052,17.3,2019,USA,Gasoline,All-wheel drive,-1,12.11518294
170,3,127,2945.706959,16.5,2002,Asia,Gasoline,Front-wheel drive,0,15.30860961
210,3,,3234.610679,11.3,2021,Asia,Diesel,All-wheel drive,-1,14.28944481
170,,160,2398.886676,19.4,2000,Asia,Gasoline,All-wheel drive,0,18.15693469
160,2,182,3145.20369,11.1,2006,Asia,Diesel,Front-wheel drive,1,15.04466271
150,,120,3427.624748,13.9,2012,USA,Gasoline,All-wheel drive,-2,12.18513756
220,3,158,2718.855384,13.2,2008,Europe,Gasoline,All-wheel drive,0,16.53022923
190,4,179,2211.303892,19.7,2016,USA,Diesel,All-wheel drive,0,19.50248926
110,2,,2418.265353,15.6,2008,USA,Diesel,Front-wheel drive,0,17.56179153
210,6,140,2940.75392,11,2016,USA,Diesel,All-wheel drive,-2,15.69913872
110,7,140,2744.174838,14.3,2011,Asia,Diesel,All-wheel drive,-1,16.48740784
190,4,114,3157.459415,15.8,2009,USA,Gasoline,All-wheel drive,-1,13.79731558
190,3,168,2829.713365,19.1,2012,Europe,Gasoline,Front-wheel drive,0,15.13405181
300,4,126,2566.15264,13.8,2005,Europe,Gasoline,Front-wheel drive,1,17.21228166
140,6,169,3445.036942,13.9,2006,Europe,Gasoline,All-wheel drive,2,13.26388464
170,7,175,2709.334853,12.8,2016,Asia,Gasoline,Front-wheel drive,1,17.2613004
110,3,170,2527.983981,16.7,2006,Europe,Gasoline,All-wheel drive,-2,16.96354284
230,,184,3171.264796,16.7,2014,Asia,Diesel,All-wheel drive,0,13.97222584
180,,117,3477.545137,12,2004,Asia,Diesel,Front-wheel drive,1,12.11649351
170,5,155,3180.734451,15.9,2001,Europe,Gasoline,Front-wheel drive,-1,13.68598827
230,3,163,3757.27325,14.2,2001,USA,Gasoline,Front-wheel drive,2,11.34943228
200,7,155,2458.887568,15.9,2003,Asia,Gasoline,All-wheel drive,0,17.82732126
240,7,152,3770.511486,14.3,2016,USA,Diesel,Front-wheel drive,0,11.21542145
210,4,169,3641.16848,13.9,2020,Asia,Diesel,Front-wheel drive,0,12.45643909
200,,152,2510.103308,13.3,2019,Europe,Diesel,All-wheel drive,0,17.90928236
190,4,186,3463.731821,16.4,2005,Europe,Gasoline,Front-wheel drive,0,13.18797139
180,7,110,2990.180944,12.2,2020,Asia,Diesel,Front-wheel drive,1,14.94229445
190,4,150,2779.879026,17.8,2003,USA,Gasoline,Front-wheel drive,2,16.740811
190,6,187,2768.306125,18.6,2011,USA,Diesel,All-wheel drive,0,16.73957538
240,5,125,3102.032911,12.4,2001,Asia,Diesel,Front-wheel drive,0,14.93120948
280,0,138,3752.382926,10.2,2018,Asia,Diesel,All-wheel drive,0,11.80214817
190,6,169,2561.101309,13.2,2005,USA,Gasoline,Front-wheel drive,1,17.88676604
190,2,89,2763.86903,15.9,2000,Asia,Gasoline,Front-wheel drive,0,15.34941348
230,4,156,3803.844226,15.9,2015,Asia,Gasoline,All-wheel drive,-1,10.81291733
100,5,163,4030.529994,17.1,2016,Asia,Gasoline,Front-wheel drive,-1,9.41316024
260,0,190,3323.628147,19.3,2019,Europe,Diesel,All-wheel drive,0,13.54835369
200,5,186,1991.158101,12.9,2001,Europe,Diesel,All-wheel drive,-1,19.96585308
200,4,142,3126.513375,17.3,2019,Asia,Diesel,All-wheel drive,0,14.28490115
190,3,129,4195.369109,13.2,2000,USA,Diesel,Front-wheel drive,1,8.737506582
230,,,2740.450623,17.3,2003,Europe,Diesel,Front-wheel drive,-1,16.53345185
180,3,173,2728.875219,14,2019,Asia,Diesel,All-wheel drive,1,16.7279328
180,5,179,2829.862731,14.5,2014,Asia,Gasoline,Front-wheel drive,1,15.87144657
210,4,107,2551.340231,15.6,2008,USA,Diesel,All-wheel drive,0,16.28318476
260,4,212,3293.054291,16.1,2023,USA,Diesel,Front-wheel drive,0,14.07292994
210,4,200,2586.571976,13.7,2006,USA,Gasoline,All-wheel drive,-1,17.06295607
160,5,129,3157.084047,17.8,2010,USA,Diesel,Front-wheel drive,-2,14.28775662
200,6,120,2409.8052,13.2,2023,Europe,Gasoline,Front-wheel drive,-1,17.29154853
190,4,,2953.04752,13.8,2002,Europe,Diesel,Front-wheel drive,1,15.46892332
210,2,168,3147.90727,15.5,2005,USA,Diesel,Front-wheel drive,1,14.31512524
160,7,127,2538.943652,11,2013,Asia,Diesel,All-wheel drive,1,17.56223805
210,3,171,3399.802053,13.7,2020,Europe,Gasoline,All-wheel drive,0,12.943405
190,8,130,2842.855987,14.1,2021,Asia,Diesel,Front-wheel drive,,15.58650055
210,3,138,2876.923407,18.5,2001,Europe,Diesel,Front-wheel drive,-1,14.58798781
250,0,150,3348.714813,14.1,2014,USA,Gasoline,All-wheel drive,0,12.90545234
130,4,151,2479.816512,,2009,USA,Gasoline,All-wheel drive,-1,17.47519763
200,1,171,3153.197854,16.1,2006,USA,Diesel,Front-wheel drive,1,14.31026252
230,1,98,3161.933983,,2022,Asia,Gasoline,Front-wheel drive,-1,14.77798288
150,6,141,2776.015125,12.6,2020,USA,Gasoline,Front-wheel drive,0,16.0951099
270,2,171,3631.575494,17.4,2007,Europe,Diesel,Front-wheel drive,0,11.5346039
160,5,163,3213.439253,10.9,2017,USA,Diesel,All-wheel drive,0,14.7155412
210,3,192,2771.834825,,2021,USA,Gasoline,Front-wheel drive,-1,16.31197681
240,3,167,2234.33413,,2015,Asia,Gasoline,All-wheel drive,0,19.65831832
210,6,164,2674.472734,16.7,2003,Asia,Gasoline,All-wheel drive,-1,16.80911673
260,2,139,2857.651185,15.1,2018,Europe,Gasoline,All-wheel drive,0,15.5867089
270,9,121,3110.175798,16.4,2003,Asia,Gasoline,Front-wheel drive,-2,13.52528402
250,3,182,2271.823395,14.6,2003,Asia,Gasoline,All-wheel drive,1,19.15056339
170,4,171,2725.537884,18.7,2015,USA,Gasoline,Front-wheel drive,0,16.64626044
180,2,87,3408.193555,,2022,Europe,Diesel,Front-wheel drive,0,12.29452046
240,5,,2824.497428,20.8,2022,Asia,Gasoline,All-wheel drive,1,15.55651628
160,2,113,1914.164822,12.7,2013,Asia,Gasoline,Front-wheel drive,,20.44998235
330,3,111,3321.489494,16,2023,USA,Diesel,All-wheel drive,2,12.86372865
230,4,91,2809.279465,13,2004,Asia,Diesel,All-wheel drive,0,16.33912402
190,4,,3560.027971,14,2021,Europe,Gasoline,All-wheel drive,-1,12.87307074
120,1,142,3587.306175,16.5,2001,Europe,Diesel,Front-wheel drive,0,12.02130051
220,2,84,4089.361578,12.4,2015,USA,Gasoline,Front-wheel drive,0,8.875601749
220,1,176,2545.12847,13.3,2004,Asia,Gasoline,Front-wheel drive,0,17.16227329
210,5,176,2655.092533,11.9,2007,USA,Gasoline,Front-wheel drive,0,16.87182744
170,4,151,3212.390708,13.8,2008,Asia,Gasoline,All-wheel drive,-1,14.48129155
120,,163,3301.073633,16.1,2002,Asia,Gasoline,Front-wheel drive,0,13.89783159
150,5,97,2815.239766,14.9,2011,Europe,Gasoline,Front-wheel drive,2,15.75744666
190,9,,2940.622798,10.6,2007,USA,Diesel,All-wheel drive,-2,15.18046961
330,6,,3606.484947,17.3,2002,USA,Diesel,All-wheel drive,0,12.60966475
190,4,132,3342.522908,14,2023,Europe,Diesel,All-wheel drive,,13.38721566
120,,147,2816.350712,11.4,2010,Asia,Gasoline,All-wheel drive,-2,15.88474884
190,3,153,2419.432443,13.7,2010,Asia,Diesel,Front-wheel drive,2,18.24310214
200,7,126,2597.439198,20.2,2015,Asia,Gasoline,All-wheel drive,0,16.04096631
230,3,187,3152.774693,15.2,2004,USA,Diesel,All-wheel drive,-1,14.22070464
220,4,135,3217.555637,,2021,Europe,Gasoline,Front-wheel drive,1,14.40624781
120,1,146,2530.386351,14.6,2006,Europe,Gasoline,All-wheel drive,-2,16.61354343
220,4,147,2570.414066,14.5,2010,Europe,Diesel,Front-wheel drive,0,17.0000412
160,2,184,2715.262143,15.1,2015,Europe,Gasoline,Front-wheel drive,0,16.72741638
230,5,123,3131.714593,18.1,2016,USA,Diesel,All-wheel drive,1,13.71207481
180,3,149,2971.442785,,2023,Asia,Diesel,Front-wheel drive,-1,14.48018436
300,1,,3236.593795,15.7,2011,Asia,Diesel,Front-wheel drive,-1,13.94238153
200,2,134,3266.042539,14.8,2004,Asia,Gasoline,All-wheel drive,0,13.55040559
210,4,,1552.15091,,2021,Europe,Gasoline,All-wheel drive,1,21.85666518
250,4,,3379.245731,,2019,Asia,Gasoline,Front-wheel drive,1,12.90676575
200,4,145,3138.532504,19.9,2016,USA,Diesel,All-wheel drive,0,13.64790942
180,9,156,2267.748757,17.7,2008,Asia,Gasoline,Front-wheel drive,0,18.2424626
220,1,117,3311.238969,12.2,2017,USA,Diesel,Front-wheel drive,1,13.84760032
220,2,148,2881.927729,14.9,2008,Asia,Diesel,Front-wheel drive,-1,15.53204934
200,8,121,2613.251859,11.9,2004,USA,Gasoline,Front-wheel drive,0,16.6744814
190,1,184,3117.498091,14.7,2013,Asia,Gasoline,All-wheel drive,0,14.68035131
230,6,150,2788.867548,11.7,2003,Asia,Diesel,All-wheel drive,0,16.13308169
180,2,95,3184.111343,16,2001,Europe,Diesel,Front-wheel drive,1,13.28434188
190,3,117,3490.265129,17.3,2009,Asia,Gasoline,Front-wheel drive,1,11.72707812
180,3,,2708.989688,16.2,2008,Asia,Gasoline,All-wheel drive,-2,16.61182099
250,8,151,3516.52232,14.8,2010,USA,Diesel,All-wheel drive,1,12.48968602
280,5,147,3175.722098,14.9,2023,Asia,Gasoline,Front-wheel drive,0,14.19346488
210,4,205,2327.97766,14.9,2017,Asia,Gasoline,All-wheel drive,2,19.53628544
230,6,207,2873.30741,15,2002,Europe,Gasoline,All-wheel drive,-1,16.10913705
220,7,130,2586.399876,15.7,2018,Europe,Gasoline,All-wheel drive,0,17.13578184
230,6,146,2219.375281,13.8,2019,USA,Gasoline,Front-wheel drive,-1,18.53642514
180,3,124,3157.380547,14.3,2005,Asia,Diesel,All-wheel drive,1,14.18843044
160,3,163,2747.93859,11.8,2012,USA,Diesel,All-wheel drive,0,16.68587082
180,2,122,2537.312131,18.3,2003,USA,Diesel,Front-wheel drive,2,16.95700229
130,6,108,3340.106678,16,2016,USA,Gasoline,All-wheel drive,0,12.01150686
230,5,234,2874.939093,15.7,2023,Europe,Gasoline,Front-wheel drive,1,16.65560473
240,3,139,3079.76368,15.4,2014,Asia,Gasoline,Front-wheel drive,1,13.44791824
170,3,179,3052.947022,18,2010,Europe,Gasoline,Front-wheel drive,-2,14.39735237
210,5,143,2632.704376,18.3,2006,Europe,Diesel,Front-wheel drive,0,16.5729114
130,4,122,2171.735284,16.4,2023,Europe,Diesel,Front-wheel drive,0,18.18260152
240,3,145,3132.945835,11.9,2011,USA,Diesel,All-wheel drive,-2,14.77701695
150,6,154,2787.560018,19.9,2018,USA,Gasoline,All-wheel drive,-2,15.63256126
80,12,134,2685.437736,14.4,2018,Europe,Diesel,All-wheel drive,0,16.15875828
240,1,103,2076.350985,14.3,2002,USA,Diesel,Front-wheel drive,0,19.24242509
190,4,206,2267.473807,14.3,2010,Europe,Diesel,All-wheel drive,-1,18.82521081
200,4,135,2643.945624,17.4,2000,Asia,Gasoline,Front-wheel drive,1,16.16028022
180,8,177,2328.016597,16.3,2006,Asia,Gasoline,Front-wheel drive,0,17.92657916
140,9,108,2865.841265,12.1,2005,Asia,Gasoline,Front-wheel drive,-2,15.48823615
230,4,152,4170.475049,12.8,2007,Europe,Diesel,All-wheel drive,0,9.736835542
160,5,157,2931.031292,15.9,2017,Asia,Gasoline,All-wheel drive,-1,15.03014746
240,6,102,3070.136479,,2001,Asia,Diesel,All-wheel drive,-1,14.04235992
160,3,134,2781.035129,15.3,2008,USA,Gasoline,Front-wheel drive,1,16.52971723
290,4,154,3666.306797,12.4,2011,Asia,Gasoline,All-wheel drive,0,12.09468655
110,2,176,2761.995851,14.9,2016,USA,Diesel,Front-wheel drive,0,16.77306713
230,3,193,3423.652296,14.4,2006,Europe,Diesel,Front-wheel drive,-1,13.03235632
120,6,145,3265.754939,14.5,2018,USA,Diesel,All-wheel drive,1,13.89073773
210,3,165,3026.346463,20.4,2012,Asia,Gasoline,Front-wheel drive,1,14.55154551
270,4,124,3384.98448,15.1,2008,Asia,Gasoline,All-wheel drive,-2,12.94274218
150,3,107,3382.521766,12.3,2006,Asia,Diesel,Front-wheel drive,-1,12.54857298
200,5,138,2776.921364,14.1,2013,Asia,Diesel,All-wheel drive,0,15.96417519
190,3,162,3565.236879,14.5,2014,Europe,Diesel,All-wheel drive,-1,12.65887679
210,4,169,2465.642047,12.6,2018,USA,Gasoline,All-wheel drive,0,18.19381149
130,1,193,3426.109624,15.3,2012,Europe,Diesel,All-wheel drive,0,13.43957792
270,3,204,2562.873158,14.4,2006,Europe,Gasoline,All-wheel drive,0,17.77020605
70,3,138,2533.524479,16.4,2019,Europe,Gasoline,All-wheel drive,0,16.79889684
290,6,97,2900.562277,13.7,2016,Asia,Gasoline,All-wheel drive,0,15.06431589
150,5,156,3508.514335,11.9,2008,USA,Gasoline,Front-wheel drive,0,12.7927043
140,6,154,2123.692249,15.9,2008,USA,Diesel,All-wheel drive,0,18.65866261
220,5,153,3254.821849,10.4,2011,USA,Diesel,All-wheel drive,2,14.5670241
180,5,184,2363.494302,14.5,2009,Asia,Gasoline,All-wheel drive,-1,18.41664287
140,4,121,2773.447635,14.4,2014,Europe,Diesel,Front-wheel drive,-2,16.24611197
130,4,,2113.949679,14,2011,USA,Diesel,All-wheel drive,-2,19.74384951
140,2,,3169.434557,11.3,2003,USA,Diesel,Front-wheel drive,0,13.98277463
240,2,130,3687.57159,13,2020,Asia,Gasoline,All-wheel drive,0,11.35964287
200,4,108,2380.011373,14.8,2007,USA,Diesel,All-wheel drive,1,17.16372659
130,5,146,3090.692479,18.5,2004,Europe,Diesel,Front-wheel drive,,13.43345626
210,5,155,3496.613342,12.7,2007,Asia,Gasoline,All-wheel drive,-1,12.31458954
240,3,179,2990.37755,15.2,2010,Europe,Gasoline,Front-wheel drive,2,15.50506685
210,4,159,3374.958117,11.3,2010,USA,Gasoline,All-wheel drive,0,13.86271919
170,3,180,1771.554898,11.6,2012,USA,Gasoline,All-wheel drive,-2,22.13330733
250,6,154,2254.313245,13.3,2002,Asia,Gasoline,Front-wheel drive,2,18.92574819
220,3,162,2960.473837,15.7,2019,Europe,Diesel,Front-wheel drive,-2,14.39259116
130,7,124,3125.851011,11.2,2014,USA,Gasoline,All-wheel drive,-2,14.96750438
230,2,154,2986.507792,,2003,Asia,Gasoline,All-wheel drive,-1,15.11329042
180,,106,3101.906963,14.3,2005,USA,Gasoline,Front-wheel drive,0,13.98368717
130,0,193,2467.383395,16.7,2013,Asia,Gasoline,Front-wheel drive,0,18.58078072
180,3,106,2653.603935,17.3,2018,Europe,Diesel,All-wheel drive,2,16.63176036
210,6,139,2060.951067,15.3,2008,Asia,Gasoline,All-wheel drive,1,19.559394
220,4,153,2941.639773,,2003,Europe,Diesel,All-wheel drive,0,15.69280241
150,5,187,3404.925892,15,2020,Asia,Diesel,Front-wheel drive,0,13.2960185
170,5,169,2585.998702,17.7,2013,Asia,Diesel,All-wheel drive,-1,17.14210451
210,5,138,2263.869647,,2020,USA,Gasoline,All-wheel drive,0,18.49483956
220,0,188,2754.352343,12.9,2015,Europe,Gasoline,Front-wheel drive,-1,17.54355844
150,4,154,2958.611371,14.9,2023,USA,Gasoline,All-wheel drive,1,15.83609976
230,3,159,3377.466962,15.3,2008,USA,Gasoline,Front-wheel drive,1,13.98674875
180,4,163,2931.696735,16.3,2018,Asia,Diesel,Front-wheel drive,-1,15.05195857
180,4,,2583.695999,14.9,2009,Asia,Diesel,Front-wheel drive,,17.26087164
200,2,104,2814.876411,14.4,2015,Europe,Diesel,All-wheel drive,0,16.23736339
180,8,181,2868.015826,19.4,2011,Asia,Gasoline,Front-wheel drive,0,15.20445522
220,3,,2937.835124,11.8,2011,USA,Gasoline,Front-wheel drive,0,15.55055909
200,2,152,3500.160775,12.8,2017,Asia,Gasoline,Front-wheel drive,1,12.61885122
160,7,99,2959.178709,9.4,2005,USA,Diesel,Front-wheel drive,-1,15.2389727
250,2,97,2375.40888,13.9,2010,USA,Diesel,All-wheel drive,-3,17.27411521
210,,160,1964.561469,16.5,2013,USA,Diesel,All-wheel drive,0,20.3224158
220,4,133,3056.722025,14.8,2009,Asia,Diesel,All-wheel drive,-1,14.03834875
190,3,149,2607.152473,16.5,2019,Asia,Diesel,Front-wheel drive,0,16.49085401
180,4,174,2553.201148,14.5,2015,Europe,Gasoline,Front-wheel drive,2,16.59669121
180,3,212,2228.570513,15.9,2018,Europe,Gasoline,All-wheel drive,0,19.42406556
170,3,156,4131.218985,15.2,2013,USA,Gasoline,Front-wheel drive,-1,9.218397341
90,4,201,3406.406591,17.6,2010,USA,Gasoline,All-wheel drive,,14.01222545
200,3,137,3106.992141,17.5,2016,Europe,Gasoline,All-wheel drive,-1,13.71988711
200,5,121,2083.417202,13,2011,Asia,Diesel,All-wheel drive,0,19.86248898
210,3,,2535.117764,,2013,USA,Gasoline,All-wheel drive,,17.94658388
220,3,144,2920.910306,14.7,2005,USA,Diesel,Front-wheel drive,1,14.90794671
180,9,90,2377.649154,15.8,2017,USA,Diesel,All-wheel drive,0,18.5761587
200,5,152,1991.12041,13.3,2007,Europe,Diesel,Front-wheel drive,0,20.5544572
140,8,145,3328.747702,14.7,2014,Europe,Gasoline,Front-wheel drive,0,13.64559601
170,5,128,2902.594728,11.3,2001,USA,Diesel,Front-wheel drive,1,15.7266377
160,6,151,3826.803486,16.2,2021,Asia,Gasoline,All-wheel drive,0,10.96591734
210,4,103,2296.110197,13.3,2007,Europe,Gasoline,Front-wheel drive,1,17.90604188
180,4,137,2637.094763,19.6,2014,Asia,Gasoline,All-wheel drive,0,15.92237917
250,3,154,2823.957907,16.9,2005,USA,Gasoline,All-wheel drive,0,15.50662582
230,2,146,3240.933354,16.7,2009,Europe,Diesel,All-wheel drive,1,13.39477197
160,8,197,2873.763945,15.8,2008,Asia,Diesel,Front-wheel drive,1,15.87863424
170,0,131,3152.203858,12.5,2016,Asia,Gasoline,Front-wheel drive,0,14.74089666
260,3,92,2763.024513,14,2020,USA,Diesel,All-wheel drive,0,15.87569849
210,6,148,3664.125199,14.2,2000,USA,Gasoline,All-wheel drive,1,11.73758188
220,4,,2337.477105,16,2002,Asia,Gasoline,Front-wheel drive,0,17.63248335
230,5,215,2894.732985,14.5,2016,Europe,Diesel,All-wheel drive,-2,16.09646768
240,3,134,3476.935469,10.2,2005,Europe,Gasoline,All-wheel drive,0,13.17469941
120,3,160,2738.705023,18.4,2021,Europe,Diesel,All-wheel drive,1,16.25990614
140,1,142,2694.67839,15.7,2011,Asia,Gasoline,Front-wheel drive,2,16.24169231
240,7,116,2983.14032,15,2007,Asia,Diesel,All-wheel drive,0,14.37411832
250,4,165,2784.379538,17.7,2018,USA,Diesel,All-wheel drive,1,15.36188213
220,1,160,3185.602472,15.7,2009,USA,Diesel,Front-wheel drive,1,14.43776912
110,5,185,2815.838005,16.2,2001,USA,Gasoline,Front-wheel drive,0,16.35374411
230,,154,2992.193771,12.8,2011,USA,Diesel,Front-wheel drive,2,15.69920044
270,,137,3163.371583,13,2000,Europe,Gasoline,Front-wheel drive,0,13.95984044
190,,172,2228.427459,10,2002,USA,Gasoline,All-wheel drive,2,20.02759289
170,3,201,2793.135307,18.1,2010,USA,Diesel,All-wheel drive,-2,16.05140106
170,7,130,2791.617872,15.9,2018,Europe,Gasoline,Front-wheel drive,1,15.98328134
190,3,153,2449.819674,14.8,2007,Europe,Diesel,All-wheel drive,3,17.70807853
160,7,169,2946.608041,17,2000,Asia,Gasoline,All-wheel drive,0,14.98965369
200,6,163,2812.94169,21.7,2004,Asia,Gasoline,Front-wheel drive,0,14.6951024
280,4,155,2745.321644,12.2,2021,USA,Gasoline,All-wheel drive,0,16.32360885
200,2,126,3477.101576,16.6,2020,Europe,Gasoline,Front-wheel drive,1,12.2912215
160,3,140,4351.676236,20.2,2009,Europe,Diesel,All-wheel drive,0,7.510445152
240,8,188,3448.803864,7.9,2012,USA,Gasoline,Front-wheel drive,1,14.07006208
160,5,144,4181.683585,9.8,2006,Europe,Gasoline,All-wheel drive,0,9.597227557
180,4,151,2356.592278,16.1,2017,USA,Diesel,All-wheel drive,0,18.33665746
190,2,128,3758.809994,18.3,2002,Europe,Gasoline,All-wheel drive,1,10.08062656
210,,174,2394.660431,12.6,2007,Europe,Gasoline,All-wheel drive,0,18.54230142
200,7,155,3163.134379,14.5,2014,USA,Gasoline,Front-wheel drive,-1,14.28141047
160,1,117,2566.053214,16.3,2018,Asia,Diesel,Front-wheel drive,-1,17.17952656
220,7,181,2563.027777,17,2014,USA,Diesel,Front-wheel drive,0,17.41181871
220,4,96,2714.413491,14.3,2017,Europe,Diesel,All-wheel drive,-1,16.78087859
170,3,189,2944.314666,19,2021,Europe,Gasoline,Front-wheel drive,2,15.02674149
210,0,116,2684.925171,12,2020,Asia,Diesel,Front-wheel drive,0,15.98698268
180,1,138,3371.89617,12.3,2021,USA,Gasoline,Front-wheel drive,,13.79227214
210,,167,3782.669957,11.8,2001,Asia,Diesel,All-wheel drive,1,10.95802792
260,3,181,2813.528291,16.8,2014,USA,Diesel,All-wheel drive,1,16.33326107
280,,173,3273.406608,16.4,2017,Europe,Gasoline,Front-wheel drive,-2,13.585528
260,3,130,1973.823046,,2017,Asia,Gasoline,Front-wheel drive,2,20.13576233
110,5,109,3035.500397,15.7,2005,Europe,Diesel,Front-wheel drive,1,14.38073821
140,7,168,2512.488307,9.7,2013,USA,Diesel,Front-wheel drive,1,17.85869008
190,6,175,4069.895251,13.1,2013,Europe,Gasoline,All-wheel drive,-1,10.01180616
220,3,181,2904.209438,9.4,2003,Europe,Gasoline,Front-wheel drive,0,16.3476972
260,3,166,3155.408034,12.4,2019,Europe,Diesel,Front-wheel drive,0,14.42839523
220,4,153,2927.472647,,2008,Europe,Gasoline,All-wheel drive,-1,14.83505977
190,3,172,2913.149867,11.1,2016,USA,Diesel,Front-wheel drive,0,16.08313587
230,5,,3341.240414,9.5,2003,Asia,Diesel,Front-wheel drive,2,13.05547206
170,4,183,3344.698271,12.8,2003,Asia,Diesel,All-wheel drive,-1,13.96174691
220,3,,3698.050459,16.6,2023,USA,Diesel,Front-wheel drive,-1,12.2253955
200,2,105,2850.760653,11.5,2008,USA,Gasoline,Front-wheel drive,2,16.29434487
280,3,213,2537.557036,,2002,Asia,Diesel,Front-wheel drive,0,18.03181185
220,1,,2854.395826,14.5,2017,USA,Diesel,All-wheel drive,0,15.95090523
250,1,183,2468.444227,9.1,2005,USA,Gasoline,All-wheel drive,,18.7410818
190,4,,3160.841989,14.6,2020,Europe,Diesel,Front-wheel drive,0,13.94740432
160,8,163,4357.404322,15.1,2012,Europe,Diesel,Front-wheel drive,-1,8.020977909
200,2,162,3360.377961,14.1,2014,USA,Diesel,Front-wheel drive,1,12.92704565
150,4,186,2630.160475,11.1,2016,Asia,Gasoline,Front-wheel drive,1,18.26158152
180,4,105,2650.284666,12.5,2000,USA,Diesel,All-wheel drive,1,16.42327914
230,3,167,3437.415268,11.1,2018,Asia,Gasoline,All-wheel drive,-1,14.05332062
240,4,137,2471.172629,14.9,2010,Asia,Diesel,Front-wheel drive,0,17.69746015
250,5,175,3366.268015,9.8,2011,USA,Gasoline,Front-wheel drive,2,13.40113217
210,4,141,3299.878344,11.3,2007,Asia,Diesel,All-wheel drive,0,14.34595051
240,4,143,1920.80391,17.6,2001,Asia,Gasoline,All-wheel drive,-2,20.03522747
250,7,162,3548.163581,13.6,2004,Europe,Gasoline,All-wheel drive,0,12.904295
200,9,176,2963.20239,15.9,2004,USA,Diesel,All-wheel drive,-1,15.65431226
190,4,218,3085.901821,16.5,2013,Europe,Diesel,Front-wheel drive,0,14.83104812
230,1,150,3102.741346,,2018,Europe,Gasoline,All-wheel drive,1,14.79382722
220,3,148,3241.43994,14,2005,Asia,Gasoline,All-wheel drive,-2,14.01717181
220,3,97,2949.178295,,2001,Asia,Diesel,All-wheel drive,2,14.53449371
240,4,131,2746.167444,16.5,2007,USA,Diesel,Front-wheel drive,,15.82922111
170,4,176,2511.995127,17.9,2005,USA,Gasoline,Front-wheel drive,-1,17.30713826
190,,69,2969.201048,13.4,2021,Europe,Diesel,Front-wheel drive,1,14.60409669
210,7,134,3602.486531,17.5,2004,Europe,Diesel,All-wheel drive,1,11.31458917
180,2,161,3230.59956,15.4,2000,USA,Diesel,All-wheel drive,-1,14.03811845
190,0,228,3285.796785,,2012,USA,Diesel,All-wheel drive,1,14.34787
280,5,161,3162.884184,14.1,2018,Europe,Gasoline,Front-wheel drive,0,14.10003828
270,5,89,3444.969727,16.2,2019,Asia,Gasoline,Front-wheel drive,0,12.06623571
290,5,139,2838.00818,17.8,2008,USA,Gasoline,All-wheel drive,-1,15.96616961
150,2,172,2948.109771,14.3,2016,Europe,Diesel,Front-wheel drive,-1,16.17895868
310,2,121,2227.721051,14.6,2015,Asia,Gasoline,All-wheel drive,0,18.85436624
240,4,173,2656.996186,,2007,Asia,Diesel,Front-wheel drive,-2,16.5454127
260,5,149,3195.081803,16.3,2015,USA,Diesel,All-wheel drive,-2,14.00427408
240,5,151,3535.451418,11,2010,USA,Diesel,All-wheel drive,1,13.21588914
230,5,146,2458.444895,,2000,USA,Diesel,All-wheel drive,0,18.07351883
280,7,120,2650.091888,15.8,2018,USA,Diesel,All-wheel drive,,16.13487183
230,6,127,2955.243261,14.9,2017,Europe,Diesel,All-wheel drive,,14.56090991
250,6,94,2109.06337,12.9,2021,Europe,Diesel,Front-wheel drive,0,18.66341347
160,2,183,2825.568957,14.9,2012,USA,Diesel,All-wheel drive,0,16.90322579
220,5,101,2830.40586,18,2006,USA,Diesel,All-wheel drive,-1,14.76797435
250,4,140,3898.645435,18.8,2020,USA,Gasoline,All-wheel drive,-2,9.74893251
200,1,134,3837.158421,12.9,2017,Asia,Diesel,Front-wheel drive,-2,11.18262411
180,7,139,2955.935166,,2002,USA,Gasoline,All-wheel drive,0,14.52023223
250,4,120,2769.197389,16,2021,USA,Gasoline,Front-wheel drive,0,15.30768706
180,4,143,2736.54045,19.7,2015,Europe,Diesel,Front-wheel drive,0,16.22064293
170,4,169,3439.55861,13.9,2013,USA,Gasoline,All-wheel drive,,12.97221453
200,6,145,2921.328272,15.4,2008,USA,Diesel,Front-wheel drive,0,15.34314122
150,4,110,3026.689176,,2006,Europe,Gasoline,Front-wheel drive,1,14.50401649
230,,129,3293.645412,15.9,2018,USA,Diesel,All-wheel drive,0,13.38906765
200,3,125,2698.148174,13.9,2004,Europe,Diesel,All-wheel drive,1,16.21830081
270,2,126,3306.596965,16.5,2018,Asia,Gasoline,All-wheel drive,0,12.78578002
180,5,160,3505.738588,14.9,2021,USA,Gasoline,Front-wheel drive,0,12.76392923
190,5,146,3323.57067,13.4,2015,USA,Gasoline,All-wheel drive,0,13.70561081
180,3,220,2328.940771,17.8,2005,Asia,Gasoline,All-wheel drive,0,18.67784225
310,5,100,2121.717737,13.7,2002,Europe,Gasoline,All-wheel drive,-1,19.08220064
160,1,219,3214.82393,20.2,2008,USA,Diesel,All-wheel drive,-1,14.21502612
230,7,209,3160.194262,14.7,2002,USA,Gasoline,Front-wheel drive,1,14.83405261
120,2,167,3251.982797,17.8,2020,USA,Diesel,Front-wheel drive,-1,13.44442707
100,4,161,3959.2473,,2001,USA,Gasoline,Front-wheel drive,-3,10.03606118
110,1,159,3095.928315,12.2,2005,Europe,Gasoline,All-wheel drive,1,15.16245011
210,3,164,2955.55733,13.2,2010,USA,Gasoline,All-wheel drive,1,15.17599897
170,0,125,3119.426064,15.8,2011,USA,Diesel,Front-wheel drive,2,14.296544
190,2,149,3018.200501,12.4,2017,USA,Diesel,Front-wheel drive,0,15.27949509
230,6,210,2730.459701,16.8,2005,USA,Diesel,All-wheel drive,-1,15.90276907
250,,138,2409.482666,10.8,2001,Asia,Diesel,All-wheel drive,-1,18.66018241
260,4,153,3183.664285,19,2016,Europe,Diesel,All-wheel drive,1,13.60347892
160,,130,2827.592115,12.9,2011,Europe,Diesel,All-wheel drive,0,15.88373682
180,6,,3363.510793,11.5,2000,Asia,Diesel,All-wheel drive,2,13.56728569
280,7,122,2727.565253,15.6,2000,Asia,Gasoline,Front-wheel drive,1,16.02475741
280,3,145,3278.181147,12.6,2020,Asia,Diesel,All-wheel drive,0,13.72999374
160,7,197,3077.740148,16.5,2016,Asia,Diesel,Front-wheel drive,,15.03313248
260,10,151,3152.347991,10.7,2017,Europe,Gasoline,Front-wheel drive,0,15.00935953
170,4,156,3425.560812,16.6,2009,USA,Diesel,All-wheel drive,0,12.75892873
230,3,155,3300.109956,12.3,2012,Asia,Diesel,Front-wheel drive,0,14.01464457
230,3,179,3080.869783,13,2013,Europe,Diesel,All-wheel drive,0,15.21519466
220,3,144,2748.48488,12.9,2022,Europe,Gasoline,All-wheel drive,-1,16.08068808
200,3,185,2923.222687,13.9,2017,Asia,Diesel,Front-wheel drive,-2,16.05314887
240,3,134,2215.420072,15.7,2010,USA,Gasoline,Front-wheel drive,1,18.86428079
270,4,,3036.860729,12.1,2014,USA,Gasoline,Front-wheel drive,,13.51242585
240,,190,3092.000383,16.7,2020,Asia,Gasoline,All-wheel drive,1,14.41311794
280,3,144,3031.43613,11.2,2014,USA,Gasoline,All-wheel drive,1,15.07000067
190,3,174,2648.925521,11.7,2020,USA,Gasoline,Front-wheel drive,0,17.84813986
110,2,144,2915.183706,13.2,2013,USA,Gasoline,All-wheel drive,-1,15.34600195
210,2,209,3760.420887,16.4,2019,Europe,Diesel,All-wheel drive,-1,11.24595006
190,8,160,2588.637545,10.6,2014,Asia,Diesel,All-wheel drive,2,17.50791401
140,4,,2935.544277,16.1,2004,Asia,Diesel,All-wheel drive,-1,15.46648845
120,2,162,3612.558169,15.5,2004,Europe,Gasoline,Front-wheel drive,-2,11.71144826
200,,140,2696.921739,11.2,2010,Asia,Diesel,Front-wheel drive,1,16.85092614
180,2,181,3378.930806,16.9,2008,Asia,Diesel,Front-wheel drive,1,13.53376406
190,4,141,2994.284451,18.7,2012,Asia,Gasoline,Front-wheel drive,-1,14.43843979
230,3,169,3176.451563,11,2010,Asia,Gasoline,All-wheel drive,-1,15.22803164
150,5,198,3690.5881,12.2,2014,USA,Diesel,All-wheel drive,1,11.69376071
210,4,138,2856.591009,15.1,2002,Europe,Gasoline,All-wheel drive,,15.49340868
170,3,124,2769.029622,12.6,2007,USA,Gasoline,All-wheel drive,2,16.18337202
250,2,178,2932.776214,13,2020,Europe,Gasoline,All-wheel drive,0,15.72038379
240,3,164,2095.452033,18,2012,Europe,Diesel,Front-wheel drive,0,18.93519727
240,4,140,1831.6216,19.3,2010,Europe,Gasoline,Front-wheel drive,0,19.84521989
170,1,179,2526.869588,14.3,2005,Europe,Gasoline,Front-wheel drive,-1,17.92797922
200,2,161,2522.302876,9.9,2016,Europe,Diesel,All-wheel drive,1,17.77297717
230,3,180,2585.054304,,2021,Europe,Diesel,All-wheel drive,0,16.67709081
280,,146,2482.017391,15.5,2002,Asia,Gasoline,All-wheel drive,,17.44183607
180,3,131,2796.456008,8.6,2008,Europe,Diesel,All-wheel drive,0,16.38999704
280,3,136,3654.747908,15.2,2019,Europe,Gasoline,Front-wheel drive,-1,12.02689587
170,5,191,3749.611122,10.1,2005,Asia,Gasoline,Front-wheel drive,1,12.25843601
280,4,175,2404.281117,14.2,2013,Asia,Gasoline,All-wheel drive,1,18.81680333
180,4,124,3097.073711,21,2006,Asia,Gasoline,Front-wheel drive,0,13.54708993
310,5,156,3724.092756,,2010,Asia,Gasoline,Front-wheel drive,1,11.2459937
240,9,155,2842.309393,9.6,2002,Europe,Diesel,Front-wheel drive,0,16.63746067
230,2,141,4006.713429,,2004,Europe,Gasoline,All-wheel drive,1,9.279280289
210,1,170,3316.141057,11.5,2012,Europe,Gasoline,All-wheel drive,0,14.17833351
100,3,167,2266.302896,19.7,2013,Asia,Gasoline,Front-wheel drive,1,18.86290674
270,4,129,3139.12681,,2019,USA,Gasoline,All-wheel drive,-1,13.08191149
230,7,157,3503.148651,15.6,2014,Asia,Gasoline,Front-wheel drive,-1,13.46898309
230,2,148,3499.516296,13.3,2021,Asia,Diesel,All-wheel drive,0,12.38056132
160,2,170,2867.276587,,2019,Europe,Diesel,All-wheel drive,-2,14.63618268
190,3,161,3250.623162,15.2,2020,Europe,Gasoline,All-wheel drive,-2,12.83669584
120,7,,3240.154469,16.8,2002,USA,Diesel,Front-wheel drive,1,13.16129092
200,0,167,3022.117453,14.8,2000,Europe,Diesel,Front-wheel drive,0,15.15105566
290,5,140,3499.303168,15.2,2003,USA,Diesel,All-wheel drive,,11.90403303
180,2,112,3295.776434,,2008,Asia,Gasoline,All-wheel drive,1,12.83094642
210,4,,3291.769562,8.9,2001,Asia,Diesel,All-wheel drive,-1,14.14653365
200,1,168,3150.458394,12.4,2005,Europe,Diesel,Front-wheel drive,-1,14.10681952
190,4,126,3340.211776,14.7,2003,Asia,Gasoline,Front-wheel drive,-1,12.79656592
180,6,174,4556.24148,15.7,2007,Europe,Diesel,All-wheel drive,1,6.846255872
200,6,130,3225.910649,,2020,USA,Gasoline,All-wheel drive,-1,13.37910521
150,5,172,3880.568129,16,2008,Europe,Gasoline,All-wheel drive,-1,10.84683515
230,,117,3276.943581,12,2007,Europe,Diesel,Front-wheel drive,-1,13.99713494
270,5,,3526.628016,12.4,2004,Europe,Diesel,Front-wheel drive,0,11.52563043
190,2,146,3250.220554,15.4,2005,USA,Gasoline,All-wheel drive,-1,13.38178306
150,4,102,3020.688032,14,2009,Europe,Diesel,All-wheel drive,0,14.49377565
210,1,159,3109.219246,11,2020,Asia,Diesel,All-wheel drive,0,15.34065305
150,5,150,2243.603966,16.6,2002,USA,Gasoline,All-wheel drive,-2,18.27114795
200,2,,3598.607433,,2019,Europe,Diesel,All-wheel drive,1,12.05040614
190,8,170,2897.112576,14.2,2014,Europe,Diesel,All-wheel drive,-1,15.91616797
210,1,209,3014.251623,16,2002,USA,Diesel,Front-wheel drive,1,15.96510454
170,4,148,2838.150933,18.2,2006,Europe,Gasoline,Front-wheel drive,-2,15.74784721
130,6,150,2920.233686,16,2005,USA,Diesel,Front-wheel drive,-1,15.0777428
260,6,144,3225.650569,14.3,2010,Asia,Diesel,Front-wheel drive,1,14.17799715
250,2,174,3355.973269,14.3,2009,USA,Gasoline,All-wheel drive,0,13.4341372
240,,155,3421.292985,15,2021,Europe,Diesel,All-wheel drive,-1,13.10145308
250,6,148,3364.326585,12.9,2011,Europe,Diesel,All-wheel drive,0,13.88263547
170,3,,2505.972025,18.7,2022,Asia,Diesel,All-wheel drive,-3,16.60958603
180,2,196,3759.337652,12.7,2014,Asia,Gasoline,All-wheel drive,-1,12.14812496
210,5,113,3374.803064,15.4,2015,USA,Gasoline,All-wheel drive,-1,12.81239712
160,4,206,3129.57914,,2010,USA,Diesel,All-wheel drive,-1,15.86831835
190,3,130,2535.800982,12.6,2013,Europe,Gasoline,Front-wheel drive,0,17.27508974
190,4,190,3494.502842,17,2011,USA,Diesel,All-wheel drive,0,12.91740096
250,6,141,2874.363135,15.4,2014,Europe,Gasoline,All-wheel drive,1,15.54237648
190,5,120,3488.097655,15.2,2013,Asia,Gasoline,Front-wheel drive,1,11.68876581
250,7,166,3728.783184,15.5,2014,Europe,Gasoline,All-wheel drive,-1,11.31187647
140,4,111,2921.939046,,2007,USA,Diesel,All-wheel drive,2,14.78369643
120,3,120,3725.433352,15.4,2019,USA,Diesel,Front-wheel drive,0,10.88703825
310,6,173,3593.024985,17.9,2001,USA,Gasoline,All-wheel drive,-1,11.46279291
200,2,65,3071.246366,18.1,2017,USA,Gasoline,Front-wheel drive,-1,13.5900305
200,5,129,3214.365156,,2003,Asia,Gasoline,Front-wheel drive,1,13.32622608
260,2,198,3436.690865,15.1,2018,Europe,Gasoline,Front-wheel drive,0,12.58656664
270,1,181,1925.667227,13.3,2011,USA,Diesel,All-wheel drive,0,20.15852752
150,2,177,3927.586971,12.8,2011,USA,Diesel,Front-wheel drive,0,10.75828334
210,7,179,3546.122223,11.6,2018,Europe,Diesel,Front-wheel drive,1,12.77419752
190,4,239,3966.026004,15.8,2014,USA,Diesel,Front-wheel drive,0,11.16189389
120,5,177,2908.855488,,2022,Asia,Diesel,All-wheel drive,0,14.79751725
130,4,175,3172.353575,14.6,2009,Europe,Diesel,All-wheel drive,1,14.14442874
240,4,162,3273.349358,12.8,2016,USA,Gasoline,All-wheel drive,-1,13.85496699
120,6,166,2830.388217,12.4,2012,Asia,Gasoline,All-wheel drive,0,17.41685303
130,6,137,3299.796233,16.3,2013,USA,Diesel,All-wheel drive,0,13.33131872
210,4,168,2511.239151,13.6,2016,Asia,Gasoline,Front-wheel drive,-1,17.83972582
180,7,157,2106.015637,14.9,2010,Europe,Gasoline,All-wheel drive,-1,19.34079259
140,4,186,3689.450045,14.1,2015,Asia,Diesel,Front-wheel drive,0,11.41555666
220,3,138,2861.023769,11.2,2012,USA,Diesel,Front-wheel drive,,15.59207801
220,2,145,2884.438991,,2006,Asia,Gasoline,Front-wheel drive,1,15.56801075
190,8,123,3182.704176,15.6,2001,USA,Diesel,All-wheel drive,-1,14.12357434
210,3,142,2814.988824,13.3,2021,USA,Diesel,Front-wheel drive,-1,15.89114485
220,4,,3077.686508,11.8,2000,USA,Gasoline,All-wheel drive,-1,14.87428798
150,2,137,2516.338777,11.8,2008,USA,Diesel,All-wheel drive,0,17.07608772
150,5,163,3352.592084,18.7,2006,Europe,Diesel,All-wheel drive,-1,12.26124217
180,5,138,2723.880186,12.9,2022,USA,Diesel,Front-wheel drive,1,16.76318083
240,5,127,3763.13745,14,2010,Europe,Gasoline,All-wheel drive,0,10.79875605
190,4,111,2527.550968,14.5,2017,Europe,Gasoline,Front-wheel drive,0,17.42135265
160,2,181,3378.689116,14.3,2020,Asia,Gasoline,Front-wheel drive,1,13.49759058
200,5,129,2746.128127,9,2003,USA,Gasoline,Front-wheel drive,0,16.58302705
230,2,158,2321.897611,14.1,2005,Europe,Gasoline,Front-wheel drive,2,19.76654618
150,1,149,3530.587909,11.2,2016,Europe,Diesel,All-wheel drive,1,12.52401145
210,3,131,3138.804848,12,2014,Europe,Diesel,Front-wheel drive,1,14.29976121
150,5,156,3024.653306,18.8,2012,Europe,Diesel,All-wheel drive,-2,14.55100648
220,2,97,2368.65063,,2011,Europe,Diesel,Front-wheel drive,0,17.79664817
190,2,85,1884.911684,15.2,2012,Asia,Gasoline,All-wheel drive,1,20.43753617
140,6,187,3811.979198,16.3,2013,Europe,Gasoline,All-wheel drive,-1,10.54766415
240,5,112,3142.172596,17,2010,Europe,Gasoline,Front-wheel drive,0,13.37606176
150,2,178,3192.101908,,2000,Europe,Gasoline,All-wheel drive,-1,14.360444
290,4,116,3258.019866,,2015,Asia,Diesel,All-wheel drive,-3,13.43254343
130,4,184,1802.445016,14.7,2008,Europe,Diesel,All-wheel drive,0,21.90690821
160,3,142,3334.984514,12.2,2010,USA,Gasoline,All-wheel drive,0,13.98403452
80,4,148,3556.320105,14.8,2007,Europe,Diesel,Front-wheel drive,0,12.11780162
270,5,149,4036.444535,13.1,2013,USA,Diesel,Front-wheel drive,1,9.628330608
220,6,190,2670.013885,12.2,2005,USA,Gasoline,Front-wheel drive,0,16.6822573
110,3,172,2909.217626,19.1,2021,Asia,Diesel,All-wheel drive,0,15.29338146
190,,201,2832.711791,18.8,2018,USA,Diesel,Front-wheel drive,1,15.65507346
180,,125,2860.175788,15.3,2012,USA,Gasoline,Front-wheel drive,,15.3228212
150,4,98,1772.318925,21.8,2009,Europe,Gasoline,Front-wheel drive,0,19.94375544
220,3,159,2531.796344,13.2,2008,USA,Gasoline,Front-wheel drive,0,17.17311327
140,4,122,2580.846242,12.7,2022,USA,Diesel,All-wheel drive,-1,17.57278177
270,3,129,3640.145965,17.4,2011,Asia,Gasoline,Front-wheel drive,-1,11.40506375
200,,,3072.686236,15.6,2002,USA,Diesel,All-wheel drive,,14.19739863
200,4,136,2723.133476,15.9,2021,Europe,Gasoline,All-wheel drive,0,15.9451946
180,8,92,3700.158335,,2007,Asia,Diesel,Front-wheel drive,-1,11.13613635
220,1,195,2971.674718,17.1,2013,USA,Diesel,Front-wheel drive,1,16.30625271
200,6,180,2859.492691,17.3,2008,USA,Gasoline,Front-wheel drive,-1,15.94799223
220,6,162,2481.613597,14.1,2023,Europe,Diesel,All-wheel drive,1,17.90893458
260,,156,3943.333483,18,2002,Europe,Diesel,Front-wheel drive,0,9.955879381
170,3,182,3844.045436,12.6,2010,Asia,Gasoline,Front-wheel drive,,11.79777578
160,4,,3276.889146,12.6,2009,Asia,Gasoline,Front-wheel drive,0,14.09131634
200,3,158,2872.592224,16.4,2006,Asia,Diesel,All-wheel drive,2,15.34187209
190,1,,3843.634794,15.5,2003,Europe,Diesel,All-wheel drive,1,11.60258471
150,4,138,3385.846756,16,2004,Asia,Diesel,All-wheel drive,0,13.1162403
120,6,94,4031.934252,13.3,2022,Asia,Gasoline,Front-wheel drive,1,9.294321129
220,1,208,3392.135174,17.4,2016,Europe,Diesel,All-wheel drive,0,13.62706014
200,2,210,2154.955287,14.9,2014,USA,Diesel,Front-wheel drive,-1,20.31233633
270,8,116,2616.086502,17.4,2014,USA,Diesel,Front-wheel drive,-1,17.25194083
210,3,173,2895.286191,19.9,2022,Europe,Diesel,All-wheel drive,1,14.8264162
240,4,162,3063.741129,13.6,2001,USA,Gasoline,All-wheel drive,2,15.13033646
180,7,182,2788.009188,15.4,2015,USA,Gasoline,All-wheel drive,-1,16.31848528
150,4,174,2142.149252,15.2,2001,Asia,Gasoline,Front-wheel drive,1,19.56885617
140,3,154,3218.795444,15.9,2011,Asia,Diesel,All-wheel drive,0,14.24324046
210,4,127,3417.840603,15,2012,USA,Diesel,Front-wheel drive,1,12.86573457
250,4,192,3508.42361,16.1,2006,Europe,Gasoline,All-wheel drive,0,12.54019695
210,6,204,2035.677886,13,2019,USA,Diesel,All-wheel drive,-2,20.48125428
230,1,96,2591.375973,15.8,2018,USA,Gasoline,All-wheel drive,0,16.28631812
140,1,,2378.334632,13.3,2010,Asia,Diesel,Front-wheel drive,0,18.57423543
160,,178,3087.826933,18.6,2002,USA,Gasoline,Front-wheel drive,0,13.774168
220,1,139,2220.559276,17.7,2018,Asia,Gasoline,Front-wheel drive,-2,18.60884222
200,2,112,2847.605606,11.2,2001,Europe,Diesel,Front-wheel drive,0,15.36918695
140,5,140,3409.168335,11,2010,Asia,Diesel,All-wheel drive,0,13.36453653
210,,166,2738.74812,13.7,2015,USA,Diesel,All-wheel drive,,16.6312919
190,1,177,3112.972665,14.7,2002,USA,Diesel,All-wheel drive,-1,14.99982186
200,5,77,3237.185744,16.3,2013,USA,Diesel,Front-wheel drive,0,12.87976892
200,2,213,1813.264387,13.8,2014,USA,Gasoline,Front-wheel drive,-1,22.25379554
110,,159,3634.283068,,2022,Asia,Diesel,All-wheel drive,-1,10.82830955
130,4,,3232.905468,15.3,2007,USA,Gasoline,Front-wheel drive,1,14.11999968
200,5,143,3159.40215,13,2017,USA,Diesel,Front-wheel drive,1,13.66131327
180,4,127,2225.653595,16.1,2020,USA,Diesel,Front-wheel drive,0,19.61262413
170,0,,3190.074379,16.7,2004,Europe,Gasoline,All-wheel drive,1,14.86669542
180,2,182,1994.484805,13.3,2019,Europe,Gasoline,All-wheel drive,0,20.13393965
240,5,168,2759.336113,14.9,2003,USA,Gasoline,Front-wheel drive,-1,17.04014293
230,0,167,3007.439138,11.5,2006,Asia,Diesel,All-wheel drive,0,15.18399437
190,2,133,3995.950712,16.6,2021,Asia,Diesel,Front-wheel drive,1,9.75583376
240,1,139,2977.281987,12.3,2015,Europe,Gasoline,All-wheel drive,1,15.51812804
130,5,125,2936.295357,13.5,2019,Asia,Diesel,All-wheel drive,1,15.34692583
210,5,,2675.080935,17.7,2015,Asia,Diesel,All-wheel drive,0,17.22059032
240,4,186,3433.134085,15.6,2016,Asia,Diesel,Front-wheel drive,0,13.38926846
230,8,151,3225.75691,16.4,2006,Europe,Diesel,All-wheel drive,0,12.98965175
180,8,177,2954.602032,20.4,2018,Asia,Gasoline,All-wheel drive,0,15.5946505
230,7,,3392.556952,15,2005,USA,Diesel,All-wheel drive,-2,12.99352089
130,4,139,3562.835828,13.5,2005,USA,Diesel,Front-wheel drive,0,11.83034919
210,2,143,2695.311682,18.5,2015,USA,Gasoline,All-wheel drive,2,16.19825673
190,4,189,3399.69741,14.2,2005,USA,Diesel,Front-wheel drive,1,13.58112884
90,,179,2637.193202,20,2003,Europe,Diesel,All-wheel drive,1,17.005829
160,7,153,3341.022487,,2016,Asia,Diesel,Front-wheel drive,-1,13.89660658
170,2,120,3452.834526,12,2022,USA,Diesel,Front-wheel drive,-1,13.29187213
120,3,,3063.088387,14.8,2007,USA,Diesel,Front-wheel drive,-1,14.09332547
120,6,145,3320.532978,14.4,2002,Asia,Gasoline,All-wheel drive,0,13.24606272
170,2,136,2668.803138,17.3,2004,Asia,Diesel,Front-wheel drive,,16.71526973
130,6,128,3492.682087,16.3,2016,Europe,Diesel,Front-wheel drive,1,12.19985448
180,4,182,3787.02723,14.2,2022,Asia,Diesel,All-wheel drive,-2,11.03449277
210,4,124,3080.933872,15.2,2005,Europe,Diesel,Front-wheel drive,,14.70894128
190,1,171,3134.734944,15.4,2021,Asia,Gasoline,Front-wheel drive,1,14.84917614
240,1,,2311.440345,16.4,2006,Europe,Gasoline,Front-wheel drive,0,18.00811715
250,3,141,3345.280258,15.6,2002,Asia,Diesel,All-wheel drive,-1,13.41782504
230,8,73,2774.924428,12.7,2015,Europe,Diesel,Front-wheel drive,0,15.77563871
190,4,134,3549.741146,18.2,2005,Europe,Diesel,All-wheel drive,0,12.05546892
270,2,163,3388.173747,16.3,2016,USA,Diesel,All-wheel drive,-1,13.34299528
300,3,102,2769.429335,12,2015,Asia,Gasoline,All-wheel drive,1,16.16725373
100,5,149,2879.888596,16,2008,USA,Gasoline,All-wheel drive,-1,14.83259191
220,4,117,3648.058803,20.5,2020,Asia,Diesel,All-wheel drive,0,11.25806632
190,4,203,3084.038559,,2010,Europe,Gasoline,All-wheel drive,-3,14.52735629
220,4,177,2622.175592,16.2,2023,USA,Gasoline,All-wheel drive,1,17.33226633
180,1,134,3255.418168,17.6,2021,USA,Diesel,All-wheel drive,2,13.03358272
160,3,112,3438.549052,10.7,2009,Asia,Gasoline,All-wheel drive,0,13.29562221
100,1,167,2757.064668,18.2,2008,Europe,Diesel,Front-wheel drive,0,15.81986577
180,1,149,3169.471433,16,2000,USA,Gasoline,All-wheel drive,0,13.57375275
210,4,167,2129.911198,,2004,Europe,Gasoline,Front-wheel drive,0,20.12353199
230,4,155,2856.004697,14.4,2001,USA,Gasoline,All-wheel drive,-1,16.21276162
150,4,144,3074.176358,14.2,2010,Asia,Diesel,All-wheel drive,,14.82341977
140,6,,2783.090482,14.6,2014,USA,Diesel,Front-wheel drive,0,15.58490664
260,4,172,3061.362217,14.3,2011,USA,Diesel,Front-wheel drive,0,15.81360369
270,6,176,3309.919494,15.3,2016,Asia,Gasoline,All-wheel drive,0,13.89858609
180,8,212,2264.844478,11.8,2016,USA,Gasoline,All-wheel drive,0,19.97509377
220,1,162,3565.633886,16.6,2007,Asia,Gasoline,Front-wheel drive,-2,12.35392733
240,3,177,2902.972309,12.1,2015,USA,Diesel,Front-wheel drive,0,16.12522283
200,4,200,3656.097769,14,2011,Europe,Diesel,Front-wheel drive,1,12.20924457
220,5,165,3081.000217,12.9,2021,Asia,Gasoline,All-wheel drive,0,15.37231542
260,4,147,2727.834288,11.6,2002,Asia,Diesel,All-wheel drive,1,17.38998066
190,3,139,3346.290207,14,2015,Asia,Diesel,All-wheel drive,-1,13.31266901
180,,151,2622.19505,,2022,Europe,Diesel,All-wheel drive,0,16.52730512
180,7,95,3327.166336,13.5,2022,Europe,Gasoline,Front-wheel drive,0,13.03833781
220,4,160,3017.478819,11.1,2018,Europe,Diesel,All-wheel drive,1,15.88305275
240,4,153,3236.946855,16.5,2017,Asia,Diesel,Front-wheel drive,1,13.80510086
210,3,138,3046.548493,13,2015,USA,Gasoline,Front-wheel drive,-1,14.51186233
110,4,106,3323.520418,12,2018,Europe,Gasoline,Front-wheel drive,0,13.37173033
240,6,95,3293.33175,16.1,2015,USA,Diesel,Front-wheel drive,0,13.62364936
130,2,,3262.111941,15,2000,Asia,Gasoline,All-wheel drive,0,13.06491398
220,4,172,3440.710296,16.2,2007,Europe,Diesel,Front-wheel drive,1,13.27843111
230,3,164,3226.956162,13.9,2010,Europe,Gasoline,Front-wheel drive,-1,14.22562879
210,3,153,2021.460832,17.4,2001,Asia,Diesel,All-wheel drive,,19.53964519
220,5,130,3136.377181,14.8,2013,Europe,Diesel,All-wheel drive,0,14.53379557
240,2,182,3203.209525,16.9,2023,USA,Diesel,All-wheel drive,-2,13.77771423
220,6,128,3200.923746,18.9,2022,Asia,Gasoline,All-wheel drive,,13.67543952
200,5,144,2828.316641,11.8,2012,USA,Diesel,Front-wheel drive,0,16.66099684
170,2,107,3323.371071,18.9,2012,Europe,Diesel,Front-wheel drive,-2,12.22684904
290,2,,2910.82556,15.4,2023,Europe,Gasoline,All-wheel drive,0,15.30011798
140,2,166,2258.489045,17.1,2009,USA,Diesel,All-wheel drive,,18.92493236
160,2,246,2713.006566,17.8,2023,USA,Diesel,Front-wheel drive,-2,17.13392058
230,2,135,2810.618824,16.1,2013,Europe,Diesel,Front-wheel drive,0,16.02777544
250,,102,2769.995757,12.7,2019,USA,Gasoline,All-wheel drive,1,15.54481734
160,4,128,2325.745663,14.4,2023,Asia,Gasoline,Front-wheel drive,,18.22510576
190,6,168,2842.086476,15.3,2008,Europe,Diesel,All-wheel drive,1,15.89365841
250,6,152,3251.103971,12.5,2018,Europe,Diesel,Front-wheel drive,0,14.5008041
180,6,,3525.993116,17.9,2010,USA,Diesel,All-wheel drive,2,11.54601933
180,,,3333.477343,14.2,2002,USA,Gasoline,Front-wheel drive,1,13.71840448
240,5,158,2098.073925,16.2,2008,Asia,Gasoline,Front-wheel drive,0,19.17925413
170,5,168,2500.39857,14.1,2022,USA,Gasoline,All-wheel drive,0,18.02087805
250,3,,2599.48512,17.6,2021,Europe,Gasoline,All-wheel drive,-2,17.14477928
130,0,170,3733.460981,12.5,2006,USA,Gasoline,Front-wheel drive,-1,11.80629359
320,5,90,3050.960698,18.9,2005,Europe,Gasoline,Front-wheel drive,1,13.74493523
200,1,166,3362.986419,14.3,2010,USA,Diesel,Front-wheel drive,0,13.16689895
290,5,126,3780.287031,23.8,2002,USA,Diesel,Front-wheel drive,0,10.08885984
140,6,155,3417.526462,12.8,2004,Asia,Diesel,Front-wheel drive,-2,13.53343946
250,4,,3064.984793,12.7,2003,Asia,Gasoline,All-wheel drive,-1,14.83593213
210,2,188,3807.898528,15.1,2003,Europe,Gasoline,All-wheel drive,0,10.30839713
220,5,141,3539.674998,22.6,2016,USA,Gasoline,Front-wheel drive,,11.41044767
200,3,150,3431.958178,,2019,Asia,Diesel,Front-wheel drive,0,13.72010864
120,3,92,3749.618386,13,2004,USA,Gasoline,All-wheel drive,,10.99222197
200,3,184,3006.16437,9.9,2017,USA,Diesel,Front-wheel drive,0,16.19065297
180,5,153,2310.693217,,2010,Asia,Gasoline,All-wheel drive,1,17.77421014
190,6,,3711.502243,15.2,2003,USA,Gasoline,Front-wheel drive,1,11.42215703
240,3,138,3247.184717,14.8,2011,Europe,Diesel,All-wheel drive,0,14.20806022
300,5,128,3954.670088,15.6,2001,USA,Gasoline,Front-wheel drive,1,9.356541284
160,4,162,3331.376582,16.1,2004,Asia,Gasoline,Front-wheel drive,0,13.6166066
210,5,135,3208.732679,14.6,2005,Europe,Diesel,Front-wheel drive,1,13.87685966
210,7,121,2811.389555,,2009,USA,Gasoline,All-wheel drive,0,15.97858336
150,4,149,2112.762463,12.6,2010,Europe,Gasoline,All-wheel drive,0,19.67135384
160,5,65,3103.925886,13.2,2006,USA,Diesel,Front-wheel drive,1,13.78916721
190,4,168,3629.219477,13.9,2013,USA,Diesel,Front-wheel drive,1,12.26904926
260,3,200,2943.04812,16,2007,USA,Gasoline,Front-wheel drive,0,15.246696
350,3,192,2788.409011,14.4,2003,USA,Gasoline,Front-wheel drive,0,16.61471359
250,6,,2835.079921,16.6,2005,Europe,Diesel,Front-wheel drive,1,16.19074893
190,5,174,3829.04749,15.3,2011,Europe,Diesel,All-wheel drive,2,11.2903577
250,2,80,2535.487973,14.7,2017,USA,Gasoline,All-wheel drive,0,16.89388292
330,1,130,3564.880431,15.6,2013,Asia,Gasoline,All-wheel drive,0,12.13416453
190,5,115,2644.814199,,2004,USA,Diesel,Front-wheel drive,0,17.23447496
140,,133,2576.505517,20.3,2017,Europe,Gasoline,All-wheel drive,-1,16.27697386
220,2,127,2475.020212,15,2004,Europe,Diesel,All-wheel drive,0,17.24138648
200,2,135,3022.90281,15.1,2019,Asia,Gasoline,Front-wheel drive,0,14.82824417
220,6,,3253.839968,16.1,2009,USA,Diesel,Front-wheel drive,1,13.32211741
240,3,144,2912.316093,16.4,2001,Asia,Diesel,All-wheel drive,0,15.09501006
210,6,178,3527.192753,14.1,2020,Asia,Diesel,Front-wheel drive,-2,12.66231565
190,4,115,4457.446608,13.9,2016,Europe,Gasoline,Front-wheel drive,0,7.44148176
170,1,131,3110.962779,,2017,USA,Diesel,Front-wheel drive,1,14.7906762
170,2,157,3882.958552,15.5,2014,Europe,Diesel,All-wheel drive,0,10.76123406
200,7,148,3173.788422,15.3,2016,USA,Gasoline,All-wheel drive,0,14.5304723
140,3,168,3181.450179,13.3,2005,Asia,Gasoline,All-wheel drive,-1,14.12337259
280,6,,2492.538635,11.3,2003,USA,Diesel,All-wheel drive,,17.87491231
240,2,,2929.548339,13.5,2002,Asia,Gasoline,All-wheel drive,0,15.03466999
240,1,161,3261.170904,15.1,2008,Asia,Diesel,Front-wheel drive,1,13.41677409
200,3,134,2320.964497,16.4,2017,Europe,Diesel,Front-wheel drive,-1,18.21161734
190,5,178,2897.219432,10,2009,USA,Gasoline,Front-wheel drive,0,16.5857017
140,4,191,2332.257441,16.1,2005,USA,Diesel,Front-wheel drive,1,19.13436362
240,7,145,2926.323356,13.5,2004,Europe,Diesel,Front-wheel drive,1,15.39591273
190,6,87,3111.058393,17.8,2015,USA,Gasoline,All-wheel drive,1,13.01965404
200,2,153,3477.524302,18.6,2019,Asia,Diesel,All-wheel drive,0,12.24816711
120,2,99,2977.701087,16.8,2022,Europe,Diesel,Front-wheel drive,1,14.65709316
270,1,150,2795.939826,15.7,2020,Asia,Gasoline,Front-wheel drive,,15.7808775
170,6,,2760.056226,14.6,2000,Asia,Diesel,Front-wheel drive,-1,16.75070236
200,3,130,2745.853114,17.7,2002,Asia,Diesel,All-wheel drive,1,15.18000429
200,2,139,3218.998816,13.9,2015,USA,Gasoline,All-wheel drive,0,14.43305347
240,,139,2359.923841,17.1,2003,Europe,Diesel,All-wheel drive,,18.12691574
110,7,205,2436.596475,13.6,2020,Asia,Gasoline,Front-wheel drive,0,18.2813697
270,6,194,3164.639828,17.6,2018,Asia,Gasoline,Front-wheel drive,0,14.34330015
260,3,178,3826.148977,17.1,2017,Europe,Gasoline,Front-wheel drive,1,11.09562014
180,5,159,3380.735446,,2009,Europe,Diesel,Front-wheel drive,0,13.85052123
210,6,155,3024.798745,17,2017,Asia,Gasoline,All-wheel drive,1,14.82960956
190,1,132,2783.127629,14.7,2009,USA,Diesel,All-wheel drive,-2,16.36257883
160,3,204,2842.813645,14.6,2010,USA,Diesel,Front-wheel drive,-2,16.16095425
150,4,139,3371.168118,15.8,2002,USA,Diesel,Front-wheel drive,-1,12.90843753
260,5,186,2808.135767,12.9,2008,USA,Diesel,Front-wheel drive,1,16.90248179
160,2,162,3012.960104,16.2,2022,Asia,Diesel,Front-wheel drive,1,14.97025474
230,2,182,2274.7897,17.5,2018,Europe,Diesel,All-wheel drive,-1,18.55462397
260,1,169,2009.120352,19.3,2011,Asia,Gasoline,Front-wheel drive,-1,19.64581466
200,7,144,2756.376296,14.6,2018,Asia,Diesel,All-wheel drive,-2,15.72410872
140,12,171,2915.393838,13.7,2011,Europe,Gasoline,All-wheel drive,-1,16.00734641
270,5,132,3511.537635,13.7,2010,Asia,Diesel,All-wheel drive,-1,12.37612299
120,2,151,3631.109523,13.6,2022,USA,Gasoline,Front-wheel drive,-2,11.63135155
160,4,146,2769.536292,11.3,2021,USA,Diesel,Front-wheel drive,0,16.5855838
200,5,129,2728.836457,18.8,2000,Europe,Diesel,All-wheel drive,,15.70715731
180,6,145,2712.209609,,2015,Europe,Diesel,All-wheel drive,-1,15.91854609
110,1,136,3097.323214,15,2023,Asia,Gasoline,Front-wheel drive,-1,14.52602426
220,6,139,2554.85822,16.2,2003,Asia,Gasoline,All-wheel drive,-2,17.51306735
200,9,136,2400.343472,14,2005,USA,Diesel,All-wheel drive,0,18.24754145
140,,89,3682.120553,16.4,2014,USA,Diesel,All-wheel drive,0,11.17995899
310,5,199,3898.984295,13.6,2021,Asia,Gasoline,All-wheel drive,2,11.19207093
200,5,161,2837.688157,17.6,2005,Europe,Gasoline,Front-wheel drive,0,16.4216688
300,1,155,3244.871502,11.7,2019,Europe,Diesel,Front-wheel drive,0,13.95445451
260,2,114,3805.360969,12.3,2014,USA,Gasoline,All-wheel drive,0,11.15823821
220,4,147,2876.510991,17.4,2003,Asia,Diesel,All-wheel drive,-1,15.39089715
160,4,171,2669.224252,16.1,2015,Asia,Diesel,Front-wheel drive,-1,16.97326814
230,3,166,3085.910524,12.3,2010,USA,Gasoline,All-wheel drive,1,15.21512519
220,3,151,2452.352141,18.6,2006,Europe,Diesel,All-wheel drive,0,17.45805384
150,7,194,2569.851039,,2023,Europe,Diesel,All-wheel drive,0,16.93732231
70,2,164,3415.842746,15.4,2002,USA,Gasoline,Front-wheel drive,2,12.9635265
180,6,122,3594.792876,13.1,2009,USA,Gasoline,Front-wheel drive,2,12.18018576
200,4,143,2967.956814,15.6,2011,Europe,Diesel,Front-wheel drive,1,14.80965207
180,5,154,3814.544944,15.6,2009,Europe,Diesel,Front-wheel drive,0,10.87628038
210,4,164,2443.73743,15.5,2015,USA,Diesel,All-wheel drive,-1,18.01545319
200,2,154,3788.879322,15,2003,Asia,Gasoline,All-wheel drive,1,11.36002606
190,4,119,2632.979612,14.2,2018,USA,Diesel,All-wheel drive,2,16.38040825
200,5,111,3520.118341,16.9,2002,Europe,Gasoline,Front-wheel drive,-1,11.39146041
200,4,224,2625.248108,16,2003,Asia,Gasoline,All-wheel drive,2,17.52087754
220,4,116,2321.092553,15.5,2009,Asia,Gasoline,Front-wheel drive,-1,17.57591867
120,2,165,2890.270797,17.2,2002,Europe,Diesel,All-wheel drive,0,15.87161194
230,2,145,2501.900291,10.4,2005,USA,Diesel,Front-wheel drive,3,18.11209027
240,3,166,3272.096252,17.2,2017,Europe,Diesel,All-wheel drive,-1,13.38080669
210,2,125,4027.506045,11.3,2009,USA,Gasoline,Front-wheel drive,-1,10.50701498
200,4,186,3034.505705,15.7,2007,Asia,Gasoline,All-wheel drive,2,14.35713536
190,6,130,2302.167701,16.3,2016,Europe,Diesel,All-wheel drive,0,18.09643981
150,3,,3301.45346,17.2,2017,Asia,Diesel,All-wheel drive,0,13.11541202
190,2,170,2452.468988,13.2,2001,Asia,Gasoline,Front-wheel drive,2,18.3544115
210,5,109,2803.46292,17.8,2013,USA,Gasoline,All-wheel drive,-1,14.76517673
240,3,180,3031.058042,17.3,2012,Europe,Diesel,Front-wheel drive,1,14.94437706
250,1,184,2523.450586,13.3,2005,Europe,Gasoline,All-wheel drive,1,17.52817006
180,1,145,3012.972224,11.5,2015,Asia,Gasoline,All-wheel drive,-1,14.71906028
200,,99,2686.102862,15.1,2017,Asia,Diesel,All-wheel drive,2,16.94043823
220,3,187,2226.378943,11,2020,Europe,Diesel,All-wheel drive,1,20.09951952
160,4,151,3300.935303,16.4,2016,USA,Gasoline,All-wheel drive,0,13.58786878
150,7,139,1816.897894,12,2014,Asia,Diesel,Front-wheel drive,1,21.15661427
170,5,156,2996.480493,15.6,2002,Asia,Diesel,Front-wheel drive,0,14.29680511
200,2,131,3226.286991,15.9,2002,Europe,Diesel,Front-wheel drive,0,13.94069999
200,7,197,2612.549133,,2012,USA,Gasoline,All-wheel drive,0,17.10278238
320,3,158,3279.388727,17.7,2013,Europe,Diesel,All-wheel drive,,13.20704345
170,3,119,3195.585585,15,2020,Europe,Diesel,All-wheel drive,-1,13.69964274
200,3,193,3614.58767,13.2,2008,USA,Diesel,All-wheel drive,-1,12.66405966
200,4,149,4391.721448,14.7,2012,Asia,Diesel,All-wheel drive,,7.597096282
200,3,177,2070.202822,14.4,2005,Asia,Diesel,All-wheel drive,0,19.599108
190,2,157,3033.739439,16.3,2003,Asia,Gasoline,Front-wheel drive,-1,14.35890222
250,,129,3207.163947,,2019,Asia,Gasoline,Front-wheel drive,1,13.8759904
260,2,118,2030.199824,12.9,2013,Asia,Gasoline,Front-wheel drive,1,20.06212504
250,2,156,2617.982708,15.1,2012,Europe,Diesel,All-wheel drive,-2,17.63414157
250,6,117,3436.894336,17.6,2016,Asia,Gasoline,All-wheel drive,1,12.19446599
150,2,129,3848.4816,14.8,2004,USA,Gasoline,All-wheel drive,1,11.14901748
170,4,178,2232.884695,16.4,2019,Europe,Gasoline,All-wheel drive,1,19.63915048
220,3,81,4175.853102,16.6,2007,Asia,Gasoline,Front-wheel drive,0,7.653353245
130,6,133,2798.364895,11.9,2003,USA,Gasoline,Front-wheel drive,,16.301097
160,4,119,4263.970099,16.1,2015,USA,Gasoline,All-wheel drive,0,7.07429943
170,4,121,2461.504656,,2022,Europe,Diesel,Front-wheel drive,1,16.65421457
120,4,97,3904.182292,13.5,2016,Asia,Gasoline,All-wheel drive,-2,10.16581416
200,3,92,3496.84617,,2001,Asia,Gasoline,Front-wheel drive,0,11.98425349
110,1,173,2974.800898,15.4,2014,USA,Diesel,All-wheel drive,2,15.56608173
220,5,128,3113.615093,10.3,2008,Asia,Gasoline,Front-wheel drive,2,15.04684695
170,6,185,2605.61808,18.5,2000,Asia,Diesel,All-wheel drive,,17.14554067
180,4,151,3728.976642,15.6,2019,Asia,Diesel,Front-wheel drive,-2,11.23473698
150,5,133,3115.165359,12.8,2008,USA,Diesel,Front-wheel drive,,14.99904215
210,3,,2194.248138,,2017,Asia,Gasoline,All-wheel drive,-3,17.36379123
190,6,93,2159.596622,13.7,2005,USA,Diesel,Front-wheel drive,-1,18.17218907
240,3,90,2994.963178,15.6,2002,Asia,Gasoline,Front-wheel drive,-1,14.45330639
210,1,152,1932.953718,17.6,2000,Asia,Gasoline,Front-wheel drive,0,19.62551655
120,1,135,2962.367125,20,2005,USA,Diesel,Front-wheel drive,1,14.39880782
190,3,126,3025.59772,11.3,2020,Europe,Gasoline,All-wheel drive,-1,15.48127621
200,3,114,3202.300596,13.5,2002,Asia,Gasoline,Front-wheel drive,-1,14.0890381
240,3,158,3587.962419,15.2,2010,Asia,Gasoline,Front-wheel drive,1,12.48807488
310,7,110,3078.226811,16.3,2016,Asia,Gasoline,Front-wheel drive,2,14.10824733
120,8,135,2694.479168,14.7,2007,Asia,Diesel,Front-wheel drive,0,16.42285845
190,3,181,3560.595767,16.2,2015,Asia,Diesel,Front-wheel drive,1,12.82949986
180,4,143,3469.13027,18.7,2009,Europe,Gasoline,All-wheel drive,0,12.23981112
120,6,124,2224.778849,17.2,2013,Europe,Diesel,All-wheel drive,0,17.71000944
200,7,117,2355.42773,14.8,2022,USA,Gasoline,All-wheel drive,0,17.86457931
120,12,,2855.400706,16.5,2022,USA,Diesel,Front-wheel drive,-1,16.02778193
180,3,,3299.219559,16.3,2018,USA,Gasoline,Front-wheel drive,0,13.25058621
180,4,156,2729.387951,13.6,2001,Europe,Diesel,All-wheel drive,1,16.24083156
110,1,183,2780.572925,15,2008,Asia,Diesel,Front-wheel drive,-1,16.3884193
200,6,92,2953.077992,15.4,2001,Asia,Gasoline,Front-wheel drive,-1,14.96015348
50,5,118,3530.122104,14.7,2010,Asia,Diesel,All-wheel drive,0,11.91505302
160,1,123,3083.754001,17.1,2021,Europe,Diesel,All-wheel drive,1,14.2776165
210,5,160,2265.547595,11,2012,Asia,Diesel,All-wheel drive,,19.14019491
190,6,153,3373.43116,11.9,2017,Asia,Gasoline,Front-wheel drive,-1,13.60994498
140,4,88,3171.853623,14.4,2014,Asia,Gasoline,Front-wheel drive,-1,14.05567978
210,3,137,2740.508926,10.3,2002,USA,Diesel,All-wheel drive,0,17.03535534
160,5,140,3816.061151,14.4,2016,USA,Gasoline,Front-wheel drive,1,10.53341205
200,4,180,4552.9836,15.5,2017,USA,Gasoline,All-wheel drive,0,7.777920338
140,1,139,2203.504284,10.2,2004,Europe,Gasoline,All-wheel drive,0,18.91117628
230,2,173,3319.985029,15.6,2021,Asia,Gasoline,Front-wheel drive,4,13.92981617
210,7,115,2661.776321,15.1,2021,Europe,Gasoline,Front-wheel drive,2,16.75999047
280,5,215,3382.070495,15.8,2019,USA,Gasoline,All-wheel drive,1,13.94243892
160,7,167,4026.696934,14.4,2011,Europe,Diesel,All-wheel drive,0,10.56426851
220,,178,2366.690447,15,2001,Europe,Gasoline,All-wheel drive,1,18.83272035
250,6,164,2861.909577,10.5,2019,USA,Gasoline,All-wheel drive,0,16.24552934
170,3,165,3206.996445,17.1,2001,Europe,Gasoline,All-wheel drive,-1,13.26368878
210,1,123,3269.986066,14.7,2019,USA,Gasoline,Front-wheel drive,-1,13.35213728
180,5,175,3196.549103,15.8,2009,USA,Diesel,All-wheel drive,1,14.47907508
170,5,145,3531.703412,16,2002,Europe,Gasoline,All-wheel drive,-1,11.94289597
160,6,127,2938.338354,,2017,Europe,Diesel,Front-wheel drive,-1,15.11402929
160,6,180,2999.191239,18.1,2005,Europe,Diesel,Front-wheel drive,-1,15.2018416
160,6,180,2866.118457,,2015,USA,Diesel,Front-wheel drive,1,16.27856881
250,,123,3444.680039,21,2009,USA,Gasoline,All-wheel drive,1,11.51363627
90,3,137,2098.846485,16.3,2022,USA,Diesel,Front-wheel drive,-1,19.02527056
250,5,118,3715.689475,17.3,2016,Asia,Gasoline,Front-wheel drive,,10.55037417
200,2,122,2413.161789,15.3,2021,Asia,Diesel,Front-wheel drive,-1,17.08954425
250,,132,2622.352623,18.5,2020,Asia,Diesel,All-wheel drive,-1,16.20089189
290,8,95,2566.730199,18.6,2003,USA,Diesel,All-wheel drive,0,16.56686611
260,4,132,3878.14828,,2017,Europe,Gasoline,All-wheel drive,-2,10.71127419
160,4,141,2578.337794,21.3,2002,Asia,Gasoline,Front-wheel drive,-1,16.49065829
120,4,158,2923.566873,12.7,2012,Asia,Diesel,All-wheel drive,0,15.26479718
190,3,131,2835.786699,18,2000,USA,Diesel,All-wheel drive,1,15.28514174
230,1,106,3391.799359,17.3,2019,Asia,Gasoline,All-wheel drive,-1,12.60749713
280,6,148,3146.062185,17.8,2008,Asia,Gasoline,Front-wheel drive,0,13.37877465
200,3,169,2765.420912,10.9,2005,Asia,Gasoline,Front-wheel drive,-1,17.11679736
200,3,164,2536.181475,,2022,Asia,Gasoline,Front-wheel drive,-1,16.8878222
250,7,185,2677.176182,15.1,2023,Europe,Diesel,Front-wheel drive,-1,16.37406681
210,0,152,3453.207789,15.7,2015,USA,Diesel,All-wheel drive,-1,12.89391668
210,,132,2644.53149,13.4,2009,USA,Diesel,All-wheel drive,-1,16.8139254
190,3,169,3045.177515,,2015,Europe,Diesel,Front-wheel drive,0,15.39868382
230,7,110,3943.78863,15.3,2004,Europe,Gasoline,Front-wheel drive,0,9.325779921
230,10,163,2997.251684,14.6,2006,Asia,Diesel,Front-wheel drive,-1,14.95164325
230,,,2643.217257,15.6,2003,Asia,Diesel,Front-wheel drive,-1,16.2080319
300,3,109,2839.998761,17,2003,USA,Gasoline,All-wheel drive,-1,15.00937402
160,2,141,3632.283417,11.7,2011,USA,Diesel,Front-wheel drive,0,11.87838815
170,7,159,3314.466832,12.6,2019,Europe,Gasoline,Front-wheel drive,2,13.84801066
180,,157,3628.510738,17.1,2018,USA,Gasoline,Front-wheel drive,1,11.39246837
250,5,177,3264.806236,13.4,2007,Asia,Gasoline,All-wheel drive,0,14.26146701
190,4,122,2941.913396,14.5,2001,USA,Diesel,Front-wheel drive,,15.42527204
170,4,122,3981.235721,18.6,2013,Asia,Diesel,All-wheel drive,0,9.025695895
280,4,169,3210.237778,17.8,2018,Europe,Diesel,Front-wheel drive,2,13.92432436
320,7,117,3041.090265,14.8,2002,USA,Gasoline,Front-wheel drive,-2,13.87691435
270,6,138,2897.676558,11.2,2006,Europe,Gasoline,All-wheel drive,0,15.82882532
220,2,132,1729.150113,,2000,USA,Gasoline,All-wheel drive,1,20.72964218
120,4,152,3015.16703,14.7,2015,USA,Gasoline,All-wheel drive,0,14.91003236
160,4,80,2185.699756,17.8,2017,Europe,Diesel,All-wheel drive,0,17.90438251
180,5,153,3316.175309,20.3,2018,Asia,Gasoline,Front-wheel drive,1,13.21626586
230,4,147,3037.873309,15.5,2000,Asia,Diesel,Front-wheel drive,,14.42369961
220,6,156,2813.421422,,2004,Asia,Diesel,All-wheel drive,1,15.4359168
250,4,,3121.653108,15.3,2011,USA,Diesel,All-wheel drive,-1,14.9911277
240,3,201,3630.018252,15.9,2016,Asia,Gasoline,All-wheel drive,1,11.84914238
250,1,105,3157.888796,11.9,2019,USA,Diesel,Front-wheel drive,-1,14.50451041
180,6,141,2194.81414,19.7,2018,Europe,Diesel,Front-wheel drive,2,18.46513662
150,,156,2750.012201,9.4,2006,Asia,Diesel,Front-wheel drive,0,16.45816305
220,5,155,3394.781285,14,2007,Europe,Gasoline,Front-wheel drive,-1,13.38865876
160,2,176,2836.562771,15.3,2005,Asia,Gasoline,All-wheel drive,,16.09196805
230,4,161,3395.247046,13,2018,Europe,Gasoline,All-wheel drive,0,13.13249055
170,5,133,3443.103474,15.8,2004,Asia,Gasoline,All-wheel drive,0,12.72097491
300,,,2290.217723,16,2015,USA,Diesel,Front-wheel drive,1,17.90492327
230,6,123,3216.946972,18.5,2003,Europe,Diesel,All-wheel drive,1,13.20668969
120,3,186,3700.860573,13.2,2011,Europe,Gasoline,Front-wheel drive,0,11.62545992
280,4,172,3778.147818,,2019,Europe,Gasoline,Front-wheel drive,0,11.40990921
280,4,135,2902.874282,8.2,2022,USA,Gasoline,All-wheel drive,1,15.79332999
220,4,194,3122.006449,14.3,2021,Europe,Diesel,All-wheel drive,0,15.42357497
170,6,166,2178.57175,13.3,2018,USA,Gasoline,Front-wheel drive,0,19.45997507
250,5,147,3202.856567,12.6,2020,Asia,Gasoline,All-wheel drive,-1,14.10099765
190,6,86,3061.253324,19.5,2019,Asia,Diesel,All-wheel drive,0,13.26651618
190,2,125,3257.577219,10.4,2002,USA,Gasoline,Front-wheel drive,-1,13.76651733
90,5,133,3226.363205,11.5,2009,USA,Diesel,Front-wheel drive,-1,13.88973865
300,0,152,2404.734481,10.1,2003,Europe,Diesel,All-wheel drive,-2,18.5557541
170,2,71,4139.750098,15.4,2015,Europe,Gasoline,All-wheel drive,,8.583970616
200,4,119,3133.737168,15.8,2011,Asia,Diesel,Front-wheel drive,1,13.41702494
180,1,115,2885.145222,17,2017,Europe,Diesel,Front-wheel drive,-2,14.99221529
230,0,169,3677.645958,15.1,2005,Asia,Gasoline,All-wheel drive,0,11.99310689
190,2,155,2347.744557,9.5,2015,Europe,Diesel,All-wheel drive,0,19.20763528
190,4,,3567.77984,,2018,Europe,Gasoline,All-wheel drive,0,11.35273154
250,2,160,3562.70824,10.7,2008,Asia,Gasoline,All-wheel drive,-2,12.55769835
260,2,121,3344.701705,16.5,2001,Asia,Diesel,All-wheel drive,-1,13.22782802
210,4,230,2453.637125,13.3,2020,USA,Gasoline,All-wheel drive,1,18.54269953
170,5,119,2764.003527,12.5,2004,USA,Diesel,Front-wheel drive,0,15.93926071
250,7,134,3060.476896,20.1,2022,USA,Gasoline,Front-wheel drive,0,14.02865971
270,5,166,2385.424299,,2019,Europe,Diesel,All-wheel drive,0,18.79951056
150,,133,3213.320835,15.4,2014,Asia,Gasoline,All-wheel drive,1,13.35147763
220,4,119,3084.170037,11.6,2004,USA,Diesel,Front-wheel drive,-1,13.55791227
200,6,137,2424.272985,,2002,Europe,Diesel,Front-wheel drive,1,17.86269489
170,2,166,3389.328665,14.9,2019,Europe,Diesel,Front-wheel drive,-1,13.43028994
210,8,178,2750.896999,16.8,2022,USA,Diesel,All-wheel drive,-1,15.94558173
230,6,121,2856.553434,,2023,Europe,Gasoline,Front-wheel drive,1,15.50674765
200,3,211,2047.06887,11.3,2021,USA,Diesel,All-wheel drive,-2,20.91706407
120,6,80,2881.354926,13.9,2009,Asia,Gasoline,Front-wheel drive,2,15.20135092
200,,178,2721.313428,13.4,2011,USA,Diesel,Front-wheel drive,0,16.68052623
190,2,201,3508.677581,,2004,Asia,Gasoline,All-wheel drive,-3,13.33123681
190,,193,3843.26762,15.1,2006,Europe,Gasoline,Front-wheel drive,-1,11.05741489
260,4,129,2523.788761,9.6,2017,Asia,Diesel,All-wheel drive,-1,17.90000066
160,2,191,3166.287036,13.2,2010,USA,Gasoline,Front-wheel drive,2,15.36602394
270,1,181,3504.023968,11.2,2010,USA,Gasoline,Front-wheel drive,2,13.26400499
140,4,209,2451.99929,11.8,2001,Asia,Diesel,All-wheel drive,-1,17.68719392
240,2,177,3007.070344,14.3,2014,USA,Gasoline,All-wheel drive,0,15.03253529
180,5,70,2895.482157,18.6,2007,Asia,Gasoline,All-wheel drive,0,13.67534518
210,4,153,3033.84209,14.1,2021,Europe,Gasoline,All-wheel drive,-1,14.52465491
130,4,198,2934.305407,14.6,2009,Asia,Diesel,Front-wheel drive,-1,16.09995058
160,4,164,2768.211339,19.8,2007,Asia,Gasoline,All-wheel drive,0,15.78890208
120,3,155,1829.299086,15.4,2019,Asia,Diesel,Front-wheel drive,-1,20.58606076
140,5,139,2009.109879,14,2006,USA,Gasoline,Front-wheel drive,0,20.58040232
170,6,191,3480.712044,16.9,2023,Europe,Diesel,All-wheel drive,0,13.53031257
260,0,162,2447.314576,15.5,2009,USA,Gasoline,All-wheel drive,1,17.91172706
200,3,91,3166.910971,13.4,2007,Europe,Diesel,All-wheel drive,1,13.53990446
160,1,147,2357.083684,15.3,2021,Asia,Gasoline,All-wheel drive,0,18.92544716
190,4,171,1827.786835,17.4,2004,USA,Gasoline,All-wheel drive,0,20.51168901
160,4,172,2341.655925,13.9,2006,Europe,Diesel,All-wheel drive,-2,18.34640137
200,4,154,3566.377714,17.8,2008,Asia,Diesel,Front-wheel drive,-1,11.49662884
210,,150,3254.422292,16.9,2006,USA,Gasoline,All-wheel drive,-1,14.32865202
250,3,54,2597.403162,13.8,2023,USA,Gasoline,All-wheel drive,1,16.29166763
150,7,183,2659.963233,16.3,2009,USA,Gasoline,Front-wheel drive,1,17.11890397
170,7,139,3368.22905,15.2,2015,Europe,Gasoline,Front-wheel drive,-1,13.16554217
180,4,156,2749.608287,13.3,2001,USA,Gasoline,Front-wheel drive,0,15.98048316
180,2,155,3238.51546,,2009,USA,Gasoline,Front-wheel drive,1,14.17166819
200,2,145,2630.379812,17.9,2002,Europe,Diesel,Front-wheel drive,1,17.22285107
240,5,126,2993.247019,,2022,USA,Diesel,Front-wheel drive,0,15.25409033
180,3,180,3974.212772,15.4,2016,USA,Diesel,All-wheel drive,-1,10.97436914
260,3,,2124.38606,14,2007,Europe,Gasoline,All-wheel drive,0,19.17393135
170,4,170,2770.74426,16.9,2004,Europe,Diesel,Front-wheel drive,0,15.86594878
260,,150,3298.286764,14.9,2010,USA,Gasoline,All-wheel drive,1,13.92047439
210,5,141,2665.151319,18.9,2016,Asia,Diesel,All-wheel drive,0,15.34441557
220,3,207,1981.151987,17,2017,Asia,Gasoline,All-wheel drive,0,21.00022126
210,3,141,3644.528056,11.8,2000,Europe,Diesel,All-wheel drive,2,11.68798269
240,8,113,3039.756714,14.6,2014,USA,Diesel,All-wheel drive,1,14.30981155
260,6,183,2741.676026,14.2,2008,Asia,Diesel,Front-wheel drive,0,16.22905201
240,2,128,2150.280286,16.9,2022,USA,Diesel,Front-wheel drive,-1,19.22285107
190,3,136,3365.070915,9.8,2020,Asia,Gasoline,All-wheel drive,0,13.40851803
270,4,114,2766.684601,16.8,2005,USA,Gasoline,Front-wheel drive,-1,15.94708408
270,3,147,2964.426921,10.6,2013,Europe,Diesel,Front-wheel drive,-1,15.81659963
130,5,,3124.727183,16.1,2008,Asia,Diesel,Front-wheel drive,1,14.27632666
230,2,165,2754.214512,13.7,2007,Europe,Gasoline,Front-wheel drive,2,16.24010232
160,8,185,3173.415953,15.6,2002,Asia,Gasoline,Front-wheel drive,0,14.24166783
220,4,125,2605.748884,18.9,2008,Europe,Gasoline,All-wheel drive,2,16.01805434
110,4,208,3435.425292,20.8,2008,Asia,Diesel,All-wheel drive,2,12.62283088
200,5,172,3185.508362,21.5,2022,Europe,Gasoline,All-wheel drive,0,13.68793464
120,3,176,2704.997379,15.7,2017,USA,Gasoline,Front-wheel drive,-1,16.48160162
220,6,188,3540.904273,14.3,2003,Asia,Gasoline,All-wheel drive,-2,13.41968721
170,1,168,2987.410734,15.4,2010,USA,Diesel,Front-wheel drive,0,14.87833625
190,3,111,3522.773595,17.4,2010,Europe,Gasoline,All-wheel drive,0,11.7564668
160,2,105,2856.3761,19.1,2000,USA,Gasoline,All-wheel drive,0,14.95825878
310,2,111,3522.682332,20.4,2010,Europe,Diesel,All-wheel drive,0,11.06228024
270,7,193,2532.526739,18,2001,Asia,Diesel,Front-wheel drive,0,17.33725442
100,6,138,3430.679987,,2020,Europe,Diesel,Front-wheel drive,-1,12.64349443
260,1,168,3190.292551,,2005,Europe,Gasoline,Front-wheel drive,-2,14.54378587
180,2,179,2148.513888,9.4,2000,Europe,Diesel,Front-wheel drive,-2,19.94409552
270,2,,2741.45934,17.6,2012,Asia,Diesel,All-wheel drive,-1,16.45522799
170,1,147,3165.274187,14.7,2014,Europe,Gasoline,All-wheel drive,0,15.03795635
240,3,186,3037.048085,20.2,2002,Asia,Diesel,All-wheel drive,2,14.90052643
230,6,111,3547.250957,13.4,2011,USA,Diesel,All-wheel drive,1,12.35586003
110,1,139,2622.15459,16,2003,Asia,Gasoline,All-wheel drive,0,16.93647969
230,4,149,3639.745823,14.4,2021,Europe,Gasoline,All-wheel drive,,12.07080903
200,,148,2964.525038,18.1,2001,Asia,Gasoline,Front-wheel drive,-1,14.5337893
200,8,115,3387.029158,13.2,2006,USA,Diesel,Front-wheel drive,1,12.42837085
200,5,173,3240.266547,16.2,2017,USA,Gasoline,All-wheel drive,-1,13.96889475
310,6,74,2546.284135,15.4,2022,Asia,Gasoline,Front-wheel drive,2,16.99048375
210,6,,3240.524388,8.1,2004,Asia,Gasoline,Front-wheel drive,-1,13.45445347
230,3,202,3041.600513,15.5,2017,Europe,Diesel,Front-wheel drive,,15.253214
160,,163,3760.446883,14.4,2004,USA,Gasoline,Front-wheel drive,-1,11.3467854
180,6,153,4147.656864,15.6,2014,USA,Gasoline,Front-wheel drive,0,8.756799011
340,,183,2898.396636,14.9,2004,Europe,Diesel,Front-wheel drive,2,16.04925072
240,2,192,3511.783673,19.2,2001,Asia,Diesel,Front-wheel drive,1,12.88682379
260,,141,2258.050275,11,2007,Europe,Diesel,All-wheel drive,0,18.75080649
140,5,190,2644.889888,19.3,2011,USA,Diesel,All-wheel drive,1,16.46575397
220,5,115,2959.306361,17.5,2012,USA,Diesel,Front-wheel drive,0,15.03278502
200,2,156,3666.059166,14.7,2001,Europe,Gasoline,All-wheel drive,1,11.63119974
260,7,207,2723.644566,14.9,2000,USA,Diesel,Front-wheel drive,1,17.11279893
190,2,107,3070.350393,14.8,2002,Europe,Gasoline,All-wheel drive,2,14.23113722
240,4,167,2806.277806,12.5,2021,Europe,Diesel,Front-wheel drive,0,16.39532257
140,2,133,2761.303965,12.6,2015,Europe,Diesel,All-wheel drive,-1,16.15741605
190,9,149,3419.831329,15.6,2006,Europe,Gasoline,All-wheel drive,0,13.14522644
170,5,145,3609.891258,,2013,Europe,Gasoline,Front-wheel drive,-1,11.75589052
240,3,183,3175.718336,18,2011,USA,Gasoline,All-wheel drive,0,13.60732625
190,7,130,2866.826575,15.8,2017,Asia,Gasoline,Front-wheel drive,2,16.18011555
140,6,177,2176.419138,13.6,2013,Asia,Diesel,Front-wheel drive,-1,19.49939971
240,4,174,3068.884779,20.3,2009,Europe,Gasoline,All-wheel drive,1,14.57031646
110,,157,3194.369259,16.9,2001,Asia,Diesel,Front-wheel drive,0,13.76340352
200,4,182,2557.14698,17.2,2015,Asia,Gasoline,Front-wheel drive,0,17.28864949
290,6,126,2937.845399,,2020,Europe,Gasoline,Front-wheel drive,2,15.30659151
230,2,128,3149.121216,15.8,2012,Asia,Diesel,All-wheel drive,1,14.08973442
220,4,133,2948.075532,8.8,2003,USA,Diesel,All-wheel drive,-1,15.15774411
190,3,196,3427.418895,15.8,2006,Asia,Diesel,Front-wheel drive,-1,13.02055384
240,5,136,3693.908216,,2007,Asia,Gasoline,All-wheel drive,-1,10.89351916
180,2,179,3051.273861,14.1,2014,Europe,Diesel,Front-wheel drive,0,15.53150009
280,6,189,3162.966363,18.9,2007,USA,Diesel,Front-wheel drive,2,14.97195679
210,6,101,3923.674157,14.7,2014,USA,Diesel,All-wheel drive,0,10.16438778
210,2,160,2532.226547,15.9,2018,Asia,Diesel,Front-wheel drive,1,17.70603192
240,2,171,2577.167741,17.8,2022,USA,Gasoline,Front-wheel drive,-2,16.84524877
260,4,181,2255.058382,16.9,2021,Asia,Gasoline,All-wheel drive,0,18.99785517
170,4,92,3053.11205,15,2014,Asia,Gasoline,Front-wheel drive,0,14.37696034
170,1,195,2322.355586,17.6,2005,Asia,Gasoline,Front-wheel drive,1,18.33708085
160,2,136,2744.421364,12.9,2012,Europe,Diesel,All-wheel drive,-2,16.9307912
230,3,175,2336.18763,13.8,2017,Asia,Gasoline,All-wheel drive,-2,19.01960321
210,6,123,2652.485248,15.7,2009,Europe,Gasoline,Front-wheel drive,1,16.50455312
210,5,207,3401.476835,14.4,2019,USA,Diesel,Front-wheel drive,,13.90019151
290,2,161,2998.505489,,2005,USA,Gasoline,All-wheel drive,0,15.49916004
220,3,182,3068.941284,21.1,2012,USA,Gasoline,Front-wheel drive,0,14.86398708
180,5,146,2766.838849,12.1,2013,Europe,Diesel,All-wheel drive,-1,16.34687078
170,4,193,2895.951679,8.8,2003,USA,Diesel,Front-wheel drive,-3,17.21699862
150,3,180,3002.913436,18.8,2019,USA,Diesel,All-wheel drive,-2,15.43033848
150,6,113,2713.169666,15.6,2020,Europe,Gasoline,All-wheel drive,-1,16.46787335
90,4,127,3082.228844,,2022,Europe,Diesel,Front-wheel drive,1,13.8272945
290,1,170,2231.526828,15.4,2003,USA,Diesel,Front-wheel drive,0,18.57417948
220,6,159,2294.011223,14.4,2023,Asia,Gasoline,All-wheel drive,,18.7446029
190,0,160,2116.008081,15.8,2000,USA,Gasoline,Front-wheel drive,-1,19.14500888
200,2,121,3448.593752,14.5,2022,USA,Diesel,All-wheel drive,-1,12.63941131
200,,180,2150.41263,13.4,2019,Europe,Gasoline,Front-wheel drive,1,19.78286602
170,3,175,2797.215343,18,2017,USA,Diesel,Front-wheel drive,0,14.9705731
150,3,174,2927.968411,12.7,2016,USA,Gasoline,All-wheel drive,1,15.0432587
190,3,165,2035.14747,10.5,2005,Europe,Gasoline,All-wheel drive,0,20.58042361
320,4,102,3383.123742,13.3,2004,Asia,Gasoline,Front-wheel drive,0,12.88161427
280,4,88,3281.990227,21.9,2018,Europe,Diesel,All-wheel drive,0,12.69186914
250,4,218,1765.170665,16,2018,Europe,Gasoline,All-wheel drive,0,21.83590313
200,4,128,4020.442798,15.1,2017,Europe,Gasoline,Front-wheel drive,0,9.352110444
210,6,95,2255.788272,12.8,2016,USA,Diesel,Front-wheel drive,0,18.75476545
210,5,155,3887.994866,14.3,2000,USA,Diesel,Front-wheel drive,0,11.27247622
270,6,117,2817.305868,18.2,2012,Asia,Diesel,Front-wheel drive,0,15.7152099
110,5,160,2544.283768,12.4,2021,USA,Diesel,All-wheel drive,1,17.87049007
200,2,154,3008.320521,12.8,2005,USA,Gasoline,Front-wheel drive,2,15.43452576
240,3,177,3493.680292,,2021,Europe,Diesel,All-wheel drive,1,12.98083282
200,4,184,2946.559883,16,2008,Europe,Gasoline,All-wheel drive,,15.74225562
140,0,152,2743.516243,12.6,2001,Asia,Diesel,Front-wheel drive,0,16.37811882
110,4,148,3102.441485,,2015,Europe,Diesel,Front-wheel drive,-2,14.44355134
170,6,116,2761.917337,,2011,Asia,Gasoline,All-wheel drive,0,15.62461226
170,4,123,3224.09594,17.8,2003,Asia,Diesel,All-wheel drive,1,12.8754144
180,5,134,2630.405666,12.5,2012,Asia,Gasoline,All-wheel drive,1,17.17423121
220,2,142,2788.763846,11,2009,USA,Gasoline,All-wheel drive,,16.57742423
180,6,174,3490.754392,15.2,2021,Europe,Gasoline,Front-wheel drive,-1,12.04830845
170,3,129,2522.378855,16.4,2014,Asia,Gasoline,Front-wheel drive,0,16.33756051
240,2,181,3829.114735,15.2,2007,Asia,Diesel,Front-wheel drive,-1,10.90436466
320,3,169,4008.428856,13.6,2012,Asia,Gasoline,Front-wheel drive,0,10.36556401
260,3,,3111.162262,13.3,2005,USA,Gasoline,All-wheel drive,0,14.38928997
190,,104,4181.604472,11.5,2007,Europe,Diesel,All-wheel drive,-1,8.996361283
170,,168,2881.467459,20.1,2016,Asia,Diesel,All-wheel drive,1,14.98748342
190,4,88,3312.961772,13.8,2009,USA,Gasoline,All-wheel drive,-1,12.62619945
240,6,169,1979.563819,15.9,2003,Europe,Diesel,All-wheel drive,0,20.54521411
220,3,174,2975.13972,11.9,2010,USA,Diesel,Front-wheel drive,0,15.73076166
250,6,151,3134.604283,9.9,2015,USA,Gasoline,All-wheel drive,1,15.4207219
200,5,201,2704.227163,,2021,Asia,Diesel,Front-wheel drive,1,16.42465412
170,8,184,2851.094333,11.3,2022,Europe,Diesel,All-wheel drive,1,16.40109073
190,2,152,2475.704038,,2017,Europe,Gasoline,All-wheel drive,1,18.51247379
270,0,170,3383.583404,14,2009,Europe,Gasoline,All-wheel drive,0,13.42989397
140,4,,3296.450487,,2020,USA,Gasoline,All-wheel drive,0,12.81712952
220,3,130,3481.756737,,2013,USA,Diesel,All-wheel drive,-1,11.97740173
210,6,130,3597.468634,13.6,2020,Europe,Diesel,Front-wheel drive,0,12.20483768
220,5,118,2975.554281,11.5,2000,Asia,Diesel,All-wheel drive,0,14.70802863
220,3,116,2654.86371,15.8,2023,Europe,Gasoline,Front-wheel drive,-1,16.94598133
260,7,193,2626.022221,10.9,2018,Asia,Gasoline,All-wheel drive,-1,18.62193066
180,2,167,3401.901902,18.9,2012,Europe,Gasoline,All-wheel drive,-1,13.036713
130,5,142,2706.252083,15,2010,Asia,Gasoline,All-wheel drive,1,16.50957348
250,4,162,2858.240875,18.3,2007,Asia,Gasoline,Front-wheel drive,2,16.00853936
210,2,160,3364.218554,15.2,2022,Asia,Diesel,All-wheel drive,1,13.49124434
150,7,167,2826.513379,16.8,2012,Europe,Gasoline,Front-wheel drive,0,15.80463127
160,4,,2843.137262,15,2012,Asia,Gasoline,All-wheel drive,-1,15.98882841
210,5,176,3025.360673,12.3,2020,Asia,Diesel,Front-wheel drive,0,15.32346648
240,4,92,4323.711871,14.8,2007,Asia,Diesel,All-wheel drive,-1,7.485552821
140,4,113,2746.41304,,2008,Asia,Gasoline,All-wheel drive,0,15.59856012
190,5,179,2909.88706,17,2009,Asia,Gasoline,All-wheel drive,1,16.65258201
270,7,161,3597.412169,15.3,2018,USA,Diesel,Front-wheel drive,1,12.77566869
240,2,143,2873.755118,14.4,2011,USA,Diesel,All-wheel drive,1,16.48140489
130,3,135,3848.980605,16.7,2002,Asia,Diesel,Front-wheel drive,0,10.01298001
330,4,134,3085.679637,14.6,2010,Asia,Diesel,All-wheel drive,0,14.89005285
220,2,97,2038.480559,14.9,2002,Europe,Diesel,Front-wheel drive,0,19.29029765
220,1,127,2629.111438,16.1,2001,USA,Gasoline,Front-wheel drive,-1,16.31603625
200,8,156,2213.46537,17,2020,USA,Gasoline,All-wheel drive,1,18.65938901
210,4,122,3213.46066,18.6,2005,Asia,Gasoline,Front-wheel drive,0,13.49713107
160,1,172,2994.871327,15.1,2013,Europe,Gasoline,Front-wheel drive,1,14.82377719
230,2,114,3872.010599,17.3,2001,USA,Diesel,All-wheel drive,2,10.07409942
200,1,109,2794.22903,18.4,2009,USA,Gasoline,Front-wheel drive,-1,15.3978921
240,3,145,3254.240772,11.8,2020,Asia,Diesel,All-wheel drive,0,14.26263129
180,2,148,2767.486254,18.3,2015,USA,Gasoline,All-wheel drive,-1,15.96206053
200,5,191,2132.191514,14,2000,Europe,Diesel,Front-wheel drive,,19.96335821
180,2,144,3496.2173,14,2015,Europe,Gasoline,Front-wheel drive,0,12.90938261
230,2,203,2739.065251,11.4,2007,Europe,Gasoline,Front-wheel drive,-2,16.81240907
210,6,153,2928.968778,15.1,2020,Europe,Gasoline,All-wheel drive,2,15.41887728
210,5,195,3169.458995,,2014,Asia,Diesel,Front-wheel drive,2,14.51909838
300,7,197,2555.466462,,2019,Europe,Gasoline,Front-wheel drive,,18.08471364
200,2,103,3285.043849,12,2018,Asia,Diesel,All-wheel drive,-1,13.1993985
320,6,149,3175.208894,16.2,2016,Europe,Gasoline,Front-wheel drive,2,14.34021333
260,3,122,3208.11269,12.8,2005,Asia,Gasoline,All-wheel drive,2,14.36422841
170,6,180,2638.029926,12.7,2022,Europe,Gasoline,Front-wheel drive,1,16.85804963
210,2,94,3332.829685,,2010,Asia,Gasoline,All-wheel drive,0,13.0005526
160,3,105,2746.47492,15.2,2011,Europe,Diesel,Front-wheel drive,-1,16.19122558
160,3,127,2509.330755,17.6,2011,Europe,Diesel,Front-wheel drive,-1,16.6487828
200,6,147,3246.73898,14.1,2020,USA,Diesel,Front-wheel drive,-2,13.71330513
170,7,197,2860.520274,10.1,2011,Asia,Diesel,Front-wheel drive,-1,16.72166095
260,0,182,3072.276194,15,2021,Europe,Diesel,Front-wheel drive,0,15.27203107
280,7,154,2882.418962,15.3,2018,Europe,Gasoline,All-wheel drive,,15.30737548
200,6,106,1604.095324,17.9,2020,USA,Diesel,Front-wheel drive,1,22.18783998
190,8,90,2433.501241,16.3,2004,Asia,Diesel,Front-wheel drive,-1,17.19274869
240,3,,2765.931806,14.8,2017,Europe,Gasoline,All-wheel drive,-1,15.76559703
270,4,131,3402.327217,10.7,2019,Europe,Diesel,Front-wheel drive,-1,12.91366383
150,6,163,2857.492952,11.3,2013,USA,Diesel,Front-wheel drive,1,16.17921657
210,1,186,3809.602076,16.2,2007,USA,Gasoline,Front-wheel drive,2,11.1407828
90,1,185,3234.632871,13.4,2006,Europe,Diesel,Front-wheel drive,0,14.58687834
120,2,177,2543.264869,11.2,2007,Europe,Diesel,Front-wheel drive,1,18.21030332
130,6,122,2394.115905,13.8,2001,Europe,Gasoline,Front-wheel drive,-1,17.7532504
150,2,209,2871.329082,18.6,2019,Asia,Gasoline,All-wheel drive,0,15.45975004
200,7,131,2030.834124,15.6,2016,Europe,Diesel,Front-wheel drive,-1,20.25223532
220,4,121,2659.886957,17.4,2011,Asia,Diesel,Front-wheel drive,0,16.41167177
240,2,135,3392.811844,19.8,2020,Europe,Gasoline,Front-wheel drive,1,12.38650489
220,5,,2783.677866,10.1,2003,Europe,Diesel,Front-wheel drive,1,16.73996116
220,1,133,2783.604909,13.4,2007,Asia,Gasoline,Front-wheel drive,2,15.83348537
190,4,117,2462.711445,14.7,2009,Asia,Diesel,Front-wheel drive,-1,17.46186465
200,4,106,1538.223259,14.3,2018,Asia,Diesel,All-wheel drive,-1,22.21676826
270,7,122,3235.126256,13.2,2005,USA,Gasoline,Front-wheel drive,0,12.95741672
180,5,154,2593.677308,17.9,2011,Asia,Gasoline,All-wheel drive,1,15.9098667
150,4,207,2725.498004,14.3,2016,USA,Gasoline,All-wheel drive,0,17.4165997
160,4,140,2999.420282,15.7,2002,Europe,Gasoline,All-wheel drive,2,15.09177778
150,3,145,2737.864172,12.7,2019,Europe,Diesel,Front-wheel drive,0,16.16496316
260,5,167,3389.40916,14.5,2010,Europe,Gasoline,All-wheel drive,0,13.36713429
220,2,171,3550.113104,16.5,2014,Europe,Gasoline,Front-wheel drive,-1,12.73814465
240,3,162,2976.267296,16.6,2011,Asia,Gasoline,All-wheel drive,1,15.20384732
230,6,134,1873.727475,,2010,USA,Gasoline,Front-wheel drive,0,21.37051644
180,3,83,2869.766375,,2001,Asia,Gasoline,All-wheel drive,1,14.36151525
230,5,162,3010.343987,15.2,2020,Europe,Gasoline,Front-wheel drive,1,14.96934266
250,3,119,2682.206497,,2014,USA,Diesel,All-wheel drive,1,15.68206866
180,3,160,3499.475005,12.5,2013,Asia,Diesel,Front-wheel drive,-2,13.05248118
220,3,119,3566.295865,18.7,2019,Asia,Diesel,All-wheel drive,0,11.74107131
140,4,138,3054.597394,17.8,2022,USA,Gasoline,All-wheel drive,0,14.00293452
220,7,142,2953.608919,13.4,2020,Asia,Diesel,Front-wheel drive,-1,15.87001023
150,6,221,2876.958963,18.4,2010,Europe,Gasoline,Front-wheel drive,3,16.24443028
140,5,140,3016.461135,10.5,2006,USA,Gasoline,All-wheel drive,,15.73184878
150,4,154,3100.244635,16.8,2010,Asia,Diesel,All-wheel drive,2,13.50557486
210,6,168,3380.62589,11.6,2023,Asia,Diesel,Front-wheel drive,1,14.07030495
240,1,129,2765.679933,13.4,2014,USA,Gasoline,All-wheel drive,2,16.56031706
190,7,107,3168.113694,15.4,2009,Europe,Gasoline,All-wheel drive,2,13.24575561
140,3,156,3245.829761,15.7,2011,USA,Gasoline,Front-wheel drive,1,13.09806059
260,2,114,2894.727198,12.5,2004,USA,Gasoline,Front-wheel drive,0,15.39362826
50,3,154,3640.310805,14.6,2015,USA,Diesel,Front-wheel drive,1,11.82614754
180,5,135,3007.871107,15.5,2011,USA,Diesel,Front-wheel drive,-2,14.57833052
240,3,146,3115.291662,16.1,2004,Europe,Gasoline,All-wheel drive,1,14.71190525
270,1,141,1880.304306,18.6,2013,USA,Gasoline,Front-wheel drive,0,20.20935313
100,2,161,3587.05505,14.6,2012,USA,Diesel,Front-wheel drive,1,12.06945894
160,3,127,3659.741622,9.7,2016,USA,Diesel,All-wheel drive,2,11.74224785
130,3,142,3472.155551,17.3,2010,USA,Gasoline,All-wheel drive,,12.27393848
220,1,133,2638.484281,16.6,2006,USA,Diesel,All-wheel drive,1,16.62554488
260,2,166,3375.949115,13.8,2001,Europe,Gasoline,All-wheel drive,-1,13.24767226
160,6,153,2822.337969,20,2019,USA,Gasoline,All-wheel drive,0,15.89553562
190,4,143,2722.883937,12.5,2020,Europe,Gasoline,Front-wheel drive,1,16.83598179
300,4,193,2650.295363,20.7,2007,Europe,Gasoline,Front-wheel drive,-2,16.30160955
160,4,122,2916.449103,17.5,2016,USA,Gasoline,Front-wheel drive,,14.81871773
110,5,149,3281.757786,15.3,2008,USA,Gasoline,All-wheel drive,0,13.42030842
110,4,153,3448.100732,,2001,Asia,Diesel,All-wheel drive,1,12.96376979
180,5,164,2804.724286,15.2,2006,USA,Gasoline,All-wheel drive,-1,16.20404213
270,2,160,3629.8109,17.6,2017,Europe,Gasoline,Front-wheel drive,-1,12.16532241
240,4,150,3602.545178,18,2005,USA,Gasoline,Front-wheel drive,1,12.06769205
190,2,,3255.806667,13.6,2021,USA,Gasoline,All-wheel drive,1,13.61635992
180,4,178,2968.799955,,2003,Asia,Diesel,All-wheel drive,0,16.30148811
250,1,159,3069.107296,18.6,2010,Europe,Diesel,Front-wheel drive,1,14.69728779
240,2,133,3771.726625,18.6,2004,Europe,Diesel,All-wheel drive,0,11.20064683
210,5,132,2910.985306,,2004,Asia,Diesel,All-wheel drive,1,15.12876303
140,5,157,2577.309898,13.1,2011,Asia,Gasoline,All-wheel drive,1,16.47666952
230,4,164,2948.689763,16.5,2003,USA,Diesel,Front-wheel drive,1,15.38644227
220,0,136,3174.969728,16.3,2016,Europe,Diesel,All-wheel drive,0,13.83108333
240,3,135,2012.144437,14.1,2004,Asia,Gasoline,Front-wheel drive,0,20.10729963
240,6,98,2828.910157,15.2,2022,USA,Gasoline,All-wheel drive,0,15.35084068
260,1,102,2803.647929,,2007,Europe,Diesel,Front-wheel drive,-2,15.67231893
210,6,165,3334.069984,14.5,2012,USA,Gasoline,All-wheel drive,0,13.27036441
170,3,215,3149.317579,12.2,2008,Europe,Gasoline,All-wheel drive,-1,15.09095718
190,3,120,3334.928823,14.5,2017,Europe,Gasoline,Front-wheel drive,2,13.65758413
200,6,219,2874.068616,9,2011,USA,Diesel,Front-wheel drive,2,17.34915736
300,4,,3217.664208,,2000,Asia,Diesel,Front-wheel drive,0,14.07246883
210,,177,3078.598065,17.8,2004,Europe,Gasoline,Front-wheel drive,0,14.55079805
210,4,117,3983.585462,13.1,2012,Asia,Diesel,All-wheel drive,0,9.509775539
120,3,148,3508.803521,14.5,2012,USA,Gasoline,All-wheel drive,0,12.01784532
230,8,94,2828.835002,16.4,2009,Europe,Gasoline,Front-wheel drive,-1,15.82212994
160,8,145,2271.883889,15,2008,USA,Diesel,Front-wheel drive,,18.46945794
150,1,,2398.039496,,2005,Europe,Gasoline,All-wheel drive,-1,18.09163765
120,6,123,2806.993701,14.8,2021,Asia,Diesel,All-wheel drive,0,15.59317319
220,8,189,2710.026294,15.1,2015,USA,Gasoline,All-wheel drive,-1,17.48713355
230,5,136,3121.035928,13.4,2019,Asia,Diesel,All-wheel drive,1,14.95306293
260,4,162,2511.0913,15.8,2005,Europe,Diesel,All-wheel drive,1,17.15330542
220,0,191,2698.807065,17,2006,USA,Diesel,Front-wheel drive,0,16.6031962
230,6,131,2948.201302,17.3,2019,USA,Gasoline,Front-wheel drive,1,14.6258306
220,4,164,2778.527785,12.1,2012,Asia,Gasoline,Front-wheel drive,1,16.87861476
290,,120,3330.222218,17.3,2004,USA,Diesel,All-wheel drive,-1,12.77460675
310,,138,3449.827632,15.8,2003,Asia,Gasoline,All-wheel drive,0,12.54241657
160,6,131,2960.371795,11.5,2001,USA,Diesel,Front-wheel drive,-1,14.89836563
180,,112,3324.635265,13.9,2003,Asia,Diesel,Front-wheel drive,-2,12.94471164
190,4,151,2271.695167,13.3,2004,USA,Gasoline,All-wheel drive,1,19.13419293
150,3,199,3427.485198,16.8,2021,USA,Gasoline,Front-wheel drive,0,13.9907156
150,3,158,3040.463485,14.5,2012,Europe,Diesel,All-wheel drive,-2,15.44125678
210,6,189,3271.385145,17.9,2003,Asia,Diesel,All-wheel drive,-1,13.5023934
160,3,147,3199.098775,16.8,2008,Europe,Diesel,Front-wheel drive,,14.31637291
220,3,135,2160.393013,17.1,2021,Europe,Diesel,Front-wheel drive,0,18.37316128
220,5,145,2621.990296,16.1,2013,USA,Gasoline,All-wheel drive,-1,16.96238968
110,3,128,2572.753249,16.9,2001,USA,Diesel,All-wheel drive,0,17.00947387
210,2,116,3008.767729,16.2,2017,Asia,Gasoline,All-wheel drive,1,14.7720603
220,2,,3401.023674,18,2013,USA,Gasoline,All-wheel drive,-1,12.70772675
120,3,191,2814.232645,17.8,2017,Europe,Diesel,All-wheel drive,2,15.70945071
190,1,173,3315.838789,12.9,2016,Europe,Diesel,Front-wheel drive,-1,13.71514521
230,7,171,3597.768697,13.4,2016,Asia,Gasoline,Front-wheel drive,0,12.58918835
200,4,131,2106.093029,18.5,2022,USA,Gasoline,All-wheel drive,0,19.16500086
230,0,92,3859.055028,17.5,2021,USA,Diesel,Front-wheel drive,-1,10.06368158
160,4,101,2728.705228,13.8,2005,USA,Diesel,Front-wheel drive,1,15.94701929
200,5,177,2561.991122,17.5,2001,USA,Gasoline,Front-wheel drive,2,17.01417054
220,3,,2822.225578,14,2014,Asia,Gasoline,Front-wheel drive,0,16.07701615
330,5,188,3421.983396,13.9,2014,Asia,Gasoline,All-wheel drive,,13.53086354
150,3,171,2668.531195,15.2,2010,Europe,Gasoline,Front-wheel drive,1,16.63322668
210,5,151,3267.657794,12.4,2006,Asia,Gasoline,Front-wheel drive,2,14.01687848
250,3,188,3237.682437,18.5,2011,Europe,Diesel,Front-wheel drive,-1,14.27615312
100,4,176,3053.737212,11.4,2020,Europe,Gasoline,Front-wheel drive,0,15.93342799
210,3,171,3500.00135,13.4,2022,Asia,Gasoline,All-wheel drive,,13.3543734
210,3,150,2526.182508,15.2,2005,Asia,Gasoline,Front-wheel drive,0,17.92147617
140,4,104,3756.076273,18.8,2003,Europe,Gasoline,All-wheel drive,0,10.58961653
160,4,165,2957.90085,12.4,2014,USA,Gasoline,All-wheel drive,-1,15.55651388
90,5,124,3962.057533,13.8,2019,Europe,Gasoline,Front-wheel drive,,10.4047967
170,5,185,3170.65748,13.4,2017,USA,Diesel,All-wheel drive,1,14.55297765
250,8,138,3749.200649,17,2019,Asia,Diesel,Front-wheel drive,-1,10.16507141
200,2,145,2709.166973,16,2017,Europe,Gasoline,Front-wheel drive,0,16.67470312
230,,178,3720.216713,11.9,2007,Europe,Diesel,Front-wheel drive,,12.19687021
160,4,177,2744.22404,18.5,2009,Asia,Gasoline,Front-wheel drive,-2,16.27283537
180,6,178,3206.164069,14.1,2009,Europe,Diesel,Front-wheel drive,1,14.30220287
300,2,144,3327.27273,,2006,Europe,Gasoline,Front-wheel drive,0,13.21696577
250,2,139,2460.54554,,2003,USA,Diesel,All-wheel drive,0,17.94361591
210,4,170,3402.665481,13.7,2011,Europe,Gasoline,Front-wheel drive,-1,13.86528746
170,2,195,3383.709281,12,2003,Europe,Diesel,Front-wheel drive,1,13.56695018
120,4,164,3125.19786,18.4,2008,Europe,Diesel,Front-wheel drive,1,14.18393252
220,5,,2653.299877,10.2,2013,Asia,Diesel,All-wheel drive,0,17.13430351
160,2,186,3354.603922,11.4,2006,Asia,Gasoline,All-wheel drive,1,13.4603548
180,8,185,3022.065627,13.3,2023,Europe,Diesel,Front-wheel drive,2,15.86357725
230,6,206,3009.168863,15,2005,Asia,Diesel,All-wheel drive,0,15.04681462
300,2,144,2591.554038,11.8,2013,Asia,Diesel,Front-wheel drive,-1,17.72618098
140,4,112,3736.38272,15.3,2021,USA,Gasoline,Front-wheel drive,2,10.37018402
150,4,167,3643.73526,13.2,2005,Asia,Diesel,All-wheel drive,-1,12.10916402
170,3,132,2831.032286,17.3,2013,USA,Gasoline,All-wheel drive,0,15.37523033
250,5,105,3146.830893,13.5,2006,USA,Diesel,Front-wheel drive,1,13.80115117
170,0,153,2813.860531,,2015,Asia,Diesel,Front-wheel drive,0,16.36874841
210,4,164,2550.511832,,2021,Asia,Diesel,Front-wheel drive,0,16.48099725
170,4,181,2820.027837,14.3,2022,Asia,Diesel,Front-wheel drive,-1,16.401005
200,4,178,2132.856826,14.9,2013,Asia,Diesel,All-wheel drive,1,19.41678902
220,3,173,2751.831603,16.9,2001,Europe,Diesel,All-wheel drive,-2,16.01968556
210,3,95,2027.385983,14.1,2006,Asia,Diesel,Front-wheel drive,-1,19.20814188
220,3,182,2550.795452,,2006,USA,Gasoline,Front-wheel drive,0,17.92564846
150,,,2564.158417,13.7,2008,Asia,Gasoline,All-wheel drive,1,16.74239267
230,3,174,3628.257141,,2021,USA,Gasoline,Front-wheel drive,1,11.90703412
210,7,151,2454.950828,12.3,2005,Asia,Gasoline,All-wheel drive,-1,17.37788993
190,2,141,3195.866942,17.2,2017,Europe,Diesel,All-wheel drive,-1,13.47943378
190,2,179,3317.780972,14.7,2022,Asia,Gasoline,All-wheel drive,-2,13.76617833
180,3,,2957.173806,11.5,2008,USA,Diesel,Front-wheel drive,-1,14.92195823
310,2,167,3107.551221,15.9,2007,Europe,Gasoline,Front-wheel drive,0,14.48868223
160,4,172,2350.141165,14.6,2002,Europe,Diesel,Front-wheel drive,-1,17.73038553
210,3,176,2762.54459,19.1,2006,USA,Diesel,All-wheel drive,1,15.74540647
270,3,160,3284.049849,16.6,2009,Asia,Diesel,Front-wheel drive,0,13.85369966
200,4,,2610.468914,16.5,2013,USA,Gasoline,All-wheel drive,0,17.85646939
200,5,106,3467.975262,16.6,2006,USA,Diesel,All-wheel drive,-3,12.00931363
210,6,,3034.613728,14.5,2005,Asia,Diesel,All-wheel drive,2,14.36320202
230,5,140,2500.527416,13.1,2013,Asia,Gasoline,Front-wheel drive,-1,17.393975
180,3,158,2920.126086,10,2004,Asia,Diesel,All-wheel drive,-1,15.44430977
230,9,165,2423.799482,13.9,2020,Asia,Diesel,All-wheel drive,0,18.21427191
170,5,112,3395.690963,,2017,Asia,Diesel,All-wheel drive,1,12.79442311
180,6,,2841.044932,12.9,2019,USA,Gasoline,Front-wheel drive,-1,16.55726241
190,,161,3440.031735,13.7,2016,Europe,Diesel,All-wheel drive,0,13.23969102
150,3,139,2528.939188,15.2,2004,Europe,Diesel,All-wheel drive,0,17.04345354
140,6,103,2522.096472,,2020,Asia,Gasoline,Front-wheel drive,-1,17.09557225
170,2,189,3273.928259,17.6,2014,Europe,Diesel,All-wheel drive,0,14.02267233
260,3,128,3159.180746,11.1,2016,Asia,Diesel,All-wheel drive,0,15.02665687
210,9,169,2252.608401,13.3,2021,USA,Gasoline,Front-wheel drive,,18.82089997
250,9,163,2407.442642,15.3,2015,USA,Diesel,Front-wheel drive,0,17.7379813
200,,179,2690.443328,15.6,2011,Asia,Gasoline,All-wheel drive,-2,16.59576087
280,4,144,4131.376237,15.8,2010,USA,Gasoline,Front-wheel drive,0,9.266308444
90,3,137,3196.919469,15,2001,Europe,Gasoline,All-wheel drive,1,14.43768147
170,4,165,3310.764963,10.5,2012,USA,Gasoline,All-wheel drive,-2,13.86102714
250,6,198,2778.182261,15.4,2000,Europe,Diesel,All-wheel drive,0,16.6054539
150,5,164,3079.538005,12.1,2007,Europe,Diesel,All-wheel drive,-1,14.85206115
170,4,95,2746.045638,19,2007,Asia,Gasoline,Front-wheel drive,0,14.97754554
240,2,141,2924.884892,12.7,2003,Asia,Diesel,Front-wheel drive,0,16.00147108
220,5,122,2737.200949,17,2004,USA,Diesel,Front-wheel drive,-1,15.19168169
150,8,106,2052.317752,15.7,2003,Asia,Diesel,Front-wheel drive,-1,19.90612515
160,3,128,2704.889121,12.6,2010,Asia,Gasoline,All-wheel drive,0,16.41316209
110,3,164,2931.171458,,2013,USA,Gasoline,Front-wheel drive,-2,16.09463594
220,7,,3269.337602,,2008,USA,Gasoline,All-wheel drive,0,13.53786888
110,6,188,3331.22635,14.1,2008,Europe,Gasoline,Front-wheel drive,-1,13.83916497
160,,116,2975.613084,19.5,2022,Asia,Gasoline,All-wheel drive,,14.88853194
250,4,89,3064.819332,19.7,2013,USA,Diesel,All-wheel drive,0,14.00004122
190,6,151,3648.157006,16.9,2008,USA,Diesel,All-wheel drive,0,11.52113195
160,0,164,3261.181597,19.5,2018,USA,Diesel,All-wheel drive,-1,13.14231252
220,4,147,4132.260976,19.5,2019,Asia,Gasoline,All-wheel drive,-1,8.311443477
160,6,171,2192.489395,18.8,2001,Europe,Gasoline,Front-wheel drive,2,19.27500305
150,2,,2741.084809,18.5,2003,USA,Gasoline,Front-wheel drive,-1,16.00632492
170,6,135,2937.858493,,2012,Asia,Diesel,Front-wheel drive,-1,15.70706256
240,2,155,3197.475264,18,2008,USA,Diesel,Front-wheel drive,0,13.55389682
280,5,180,2813.613707,14,2008,Europe,Gasoline,All-wheel drive,1,16.23590199
220,6,109,1861.744144,,2020,Asia,Gasoline,Front-wheel drive,1,19.66486481
170,4,215,3642.49627,16.2,2015,USA,Diesel,All-wheel drive,0,12.77479987
190,3,184,2967.547772,18.3,2001,Asia,Diesel,Front-wheel drive,0,15.12600135
160,5,99,3827.867167,14.5,2011,USA,Gasoline,All-wheel drive,0,10.07076484
150,3,152,1940.977645,14.5,2011,Asia,Diesel,Front-wheel drive,1,20.5962713
190,,132,3426.458253,14.6,2009,USA,Diesel,Front-wheel drive,0,13.58512895
150,5,171,2624.729636,,2023,Europe,Gasoline,All-wheel drive,-1,17.12686113
200,6,183,3100.380452,15,2022,USA,Gasoline,All-wheel drive,-1,15.64563077
180,3,138,2760.991019,14.1,2007,Asia,Diesel,All-wheel drive,0,15.8592234
200,4,167,3514.908714,16.4,2013,USA,Diesel,Front-wheel drive,-2,11.88383207
240,0,181,2180.393506,17.8,2010,Europe,Gasoline,Front-wheel drive,1,18.66185828
170,2,131,2970.526061,,2014,Asia,Diesel,Front-wheel drive,,15.79566099
260,4,87,4390.657285,16.6,2019,USA,Diesel,All-wheel drive,-1,7.516991253
110,4,127,3403.136114,13.4,2007,Europe,Gasoline,All-wheel drive,2,13.25795321
60,2,,2149.10752,12.4,2018,Europe,Diesel,Front-wheel drive,-1,18.79514887
170,3,142,3012.638746,16.4,2018,Europe,Gasoline,Front-wheel drive,-1,14.71900949
210,3,174,3190.572947,14,2002,Europe,Gasoline,All-wheel drive,-1,14.37855533
120,6,141,3033.885183,16.2,2012,USA,Gasoline,All-wheel drive,-1,14.6441626
100,4,181,1819.0639,,2007,Asia,Diesel,All-wheel drive,1,22.24110903
230,3,108,3394.90745,14.1,2012,Asia,Gasoline,Front-wheel drive,-2,12.59014535
200,3,126,3049.191367,14.5,2003,USA,Diesel,All-wheel drive,0,14.82159913
120,2,163,2878.65445,,2006,USA,Diesel,Front-wheel drive,-1,15.49259557
200,6,109,2959.410503,14.1,2001,USA,Diesel,All-wheel drive,0,14.29978397
230,0,156,3783.661269,,2010,Europe,Diesel,All-wheel drive,-1,10.72076409
130,4,119,3227.091181,,2023,Asia,Gasoline,Front-wheel drive,,12.96110559
220,5,151,3092.386405,18.9,2006,Europe,Gasoline,Front-wheel drive,0,14.55373027
280,4,113,2649.20141,15.7,2014,USA,Gasoline,Front-wheel drive,1,16.59675294
180,4,172,3114.101826,,2008,Asia,Gasoline,All-wheel drive,-2,14.87251467
220,7,216,3027.760234,16.2,2006,USA,Diesel,All-wheel drive,0,15.92857555
210,4,,2908.029611,15.7,2014,Asia,Gasoline,Front-wheel drive,-1,14.86871762
200,3,121,3550.806347,12,2012,USA,Gasoline,All-wheel drive,0,12.11309646
180,5,157,2743.779077,13.9,2019,USA,Diesel,All-wheel drive,1,16.16793168
270,3,136,2165.132669,11.3,2014,Asia,Gasoline,All-wheel drive,0,19.37911488
180,4,145,2990.701738,13.8,2003,USA,Diesel,Front-wheel drive,-1,16.34318555
190,3,155,2713.528483,11.8,2006,USA,Diesel,Front-wheel drive,0,16.5667223
160,2,158,2942.103401,,2007,Europe,Gasoline,Front-wheel drive,-1,14.8953579
240,3,184,2855.648125,,2023,Europe,Diesel,All-wheel drive,-1,16.31951668
190,6,184,1812.377577,19.1,2012,USA,Gasoline,All-wheel drive,0,20.7013808
190,4,157,2730.578555,20.8,2012,Asia,Gasoline,All-wheel drive,1,15.30421735
210,1,103,3675.801119,20.3,2003,Europe,Gasoline,All-wheel drive,2,10.17872241
200,1,188,2390.320333,14.4,2015,USA,Gasoline,Front-wheel drive,2,18.04726753
140,5,140,2943.227373,,2007,USA,Diesel,All-wheel drive,0,15.75362248
150,4,225,3038.900738,15.7,2019,USA,Diesel,All-wheel drive,-1,15.31621945
160,3,,3376.219885,14.4,2007,Europe,Gasoline,All-wheel drive,-2,13.39625818
300,0,167,3207.028076,19,2010,USA,Gasoline,All-wheel drive,-2,13.70664708
110,4,134,3525.709891,13.5,2007,Europe,Diesel,Front-wheel drive,0,12.06369404
180,4,,2257.242363,16.7,2020,Europe,Diesel,Front-wheel drive,1,19.1277417
230,6,196,3883.800825,12.9,2020,USA,Gasoline,All-wheel drive,1,11.61552658
180,5,104,2638.164816,16.2,2018,Asia,Gasoline,All-wheel drive,2,16.64584897
250,5,197,3346.69806,11.2,2008,Asia,Gasoline,All-wheel drive,1,14.62072619
200,7,158,2867.649891,14.5,2008,Europe,Gasoline,Front-wheel drive,0,15.39588734
220,3,142,3288.272185,13.3,2003,Europe,Diesel,All-wheel drive,0,13.06984347
180,2,142,2828.292947,,2022,Asia,Gasoline,Front-wheel drive,1,16.20484599
200,2,,2587.624822,12.2,2008,Europe,Diesel,Front-wheel drive,0,17.35141055
120,2,116,2467.850476,16.5,2019,Asia,Gasoline,Front-wheel drive,1,16.95579935
180,3,175,1882.846377,14.8,2013,Asia,Gasoline,All-wheel drive,2,20.5347777
270,6,109,3439.45671,17.5,2019,Asia,Gasoline,Front-wheel drive,0,12.34197764
220,4,150,3285.285003,9.6,2000,USA,Diesel,Front-wheel drive,-1,14.13553103
190,4,181,2967.589922,11.5,2003,Asia,Gasoline,All-wheel drive,2,15.03083359
240,6,101,3037.765985,12.9,2017,USA,Diesel,Front-wheel drive,0,14.69923139
200,4,,2664.683879,18.1,2013,USA,Diesel,All-wheel drive,2,17.07924959
220,0,168,3197.078761,18.9,2013,Europe,Gasoline,Front-wheel drive,-1,13.57191146
160,2,127,3458.251436,12.6,2001,USA,Diesel,All-wheel drive,-1,12.79934784
190,2,161,2884.791376,14.4,2001,Europe,Gasoline,All-wheel drive,0,15.659905
180,7,220,2622.844751,13.1,2013,USA,Diesel,Front-wheel drive,-1,17.15575778
190,6,186,2955.506105,18.2,2021,Europe,Diesel,All-wheel drive,-2,14.37022724
150,2,175,3084.640857,16.5,2017,Europe,Diesel,All-wheel drive,-1,14.59182308
160,1,150,3612.849999,10.7,2001,Europe,Gasoline,Front-wheel drive,1,12.82431078
190,8,170,3122.751758,,2011,USA,Gasoline,Front-wheel drive,1,14.30887634
190,4,122,2806.717451,,2001,Asia,Diesel,Front-wheel drive,-1,14.75980388
190,1,204,3620.511801,15.2,2022,USA,Gasoline,Front-wheel drive,0,12.81471947
210,4,147,3136.457367,11.2,2015,Europe,Diesel,Front-wheel drive,0,14.82757913
150,2,117,1483.198506,11.1,2021,Europe,Gasoline,All-wheel drive,-1,22.83592643
190,3,146,2696.40659,15.8,2002,Europe,Diesel,All-wheel drive,,16.59921591
170,3,169,2643.316441,,2011,USA,Gasoline,Front-wheel drive,-1,17.43530864
150,4,181,2399.202169,16.9,2015,Asia,Gasoline,All-wheel drive,1,17.61491883
160,3,118,3182.647248,,2022,Asia,Diesel,All-wheel drive,0,13.60676924
120,7,196,3260.117548,11.5,2015,Asia,Gasoline,Front-wheel drive,1,14.54125265
200,3,128,3968.797392,16,2021,Asia,Gasoline,Front-wheel drive,0,9.158428063
180,0,88,2996.422339,14,2010,Asia,Gasoline,Front-wheel drive,,14.31625632
160,3,202,2180.703284,16.3,2015,Europe,Diesel,Front-wheel drive,1,20.09911685
210,3,162,2310.296212,12.6,2008,Europe,Diesel,Front-wheel drive,2,18.48088664
240,3,122,2393.311432,17.9,2004,Europe,Diesel,All-wheel drive,-1,17.30025761
180,2,112,3140.84862,22.6,2021,Asia,Gasoline,All-wheel drive,1,12.86793406
160,4,134,2834.873453,14.8,2015,USA,Gasoline,Front-wheel drive,0,15.63157103
190,3,,2782.489819,15.4,2006,Asia,Gasoline,All-wheel drive,1,15.73518778
190,1,,2798.598408,14.1,2023,Asia,Gasoline,All-wheel drive,1,15.81805362
100,4,183,3154.583607,13.4,2021,USA,Gasoline,Front-wheel drive,0,14.40119158
210,4,179,3378.314354,17,2010,USA,Gasoline,Front-wheel drive,0,13.02906848
160,6,151,2833.999508,11.8,2005,USA,Diesel,Front-wheel drive,0,16.75206539
260,7,119,3085.605523,10.8,2015,Asia,Gasoline,Front-wheel drive,-1,15.08269887
250,3,120,3551.043586,11.5,2001,Europe,Diesel,Front-wheel drive,0,11.24311761
230,3,150,3471.292214,17.7,2012,Asia,Gasoline,All-wheel drive,-1,12.48336855
230,1,79,2515.600365,,2022,Europe,Gasoline,Front-wheel drive,1,15.53342902
150,5,,3409.172473,10.3,2008,Europe,Diesel,All-wheel drive,-1,12.77394712
250,5,112,3231.292174,15.2,2022,Europe,Gasoline,Front-wheel drive,-2,12.55343935
160,6,157,2537.347611,14.4,2005,Asia,Diesel,All-wheel drive,0,17.3205569
210,2,179,3209.033595,17.6,2021,USA,Gasoline,Front-wheel drive,-2,13.50617433
220,4,181,3506.59051,17.2,2022,USA,Diesel,Front-wheel drive,0,12.48236683
240,4,,3004.588998,11.8,2010,Europe,Gasoline,Front-wheel drive,-2,15.63897037
180,,160,2745.716298,11.5,2005,Asia,Diesel,All-wheel drive,0,16.54855936
230,6,202,4253.002677,13.1,2022,Europe,Gasoline,All-wheel drive,2,9.540055305
120,2,,3472.77593,16.5,2019,Europe,Gasoline,Front-wheel drive,1,13.12750237
180,3,158,2379.7867,16.3,2001,Europe,Diesel,All-wheel drive,0,18.68882939
170,4,152,2385.291394,14.6,2009,Asia,Diesel,All-wheel drive,-2,18.64759755
90,4,161,3218.014728,15.8,2013,Europe,Diesel,All-wheel drive,-2,14.6202358
180,4,154,2970.371708,11.9,2020,Europe,Gasoline,Front-wheel drive,0,15.44698163
240,3,154,3143.038382,17.6,2023,Europe,Diesel,All-wheel drive,0,14.665061
300,3,,2358.890196,13.6,2004,USA,Diesel,All-wheel drive,2,18.73732821
140,6,164,3044.446737,13.7,2015,Asia,Diesel,Front-wheel drive,-1,15.05741844
190,5,149,3344.485131,13.4,2004,Asia,Gasoline,All-wheel drive,0,13.52925829
140,1,110,3330.198399,,2010,Europe,Diesel,Front-wheel drive,0,13.42857856
190,6,146,2635.103911,14.3,2015,Europe,Diesel,All-wheel drive,0,16.62754773
220,2,202,3147.539294,16.2,2015,USA,Gasoline,All-wheel drive,-1,14.52222434
250,4,144,2098.105534,,2015,Asia,Gasoline,All-wheel drive,,19.11124134
160,3,146,3341.897535,19.1,2000,USA,Gasoline,Front-wheel drive,1,13.25043305
200,3,178,2302.213548,16.8,2006,USA,Diesel,All-wheel drive,1,17.88332968
190,5,135,3065.232004,12,2021,Europe,Gasoline,Front-wheel drive,1,15.21646722
270,3,130,2633.923404,16.5,2005,Europe,Diesel,Front-wheel drive,2,15.9740836
120,2,189,3956.495364,18.4,2005,Europe,Diesel,Front-wheel drive,0,10.8205626
170,6,201,2938.246019,12.2,2003,USA,Gasoline,All-wheel drive,0,15.90690146
220,3,219,2754.763552,16.8,2004,Asia,Gasoline,Front-wheel drive,,16.44911515
130,2,189,2843.060522,12.2,2001,USA,Diesel,All-wheel drive,,16.83400815
180,2,167,3204.585912,14.4,2008,Europe,Diesel,Front-wheel drive,1,13.99059948
210,0,,2919.696229,11.6,2020,USA,Diesel,Front-wheel drive,-1,15.34344998
200,2,141,1857.294778,11.1,2013,USA,Diesel,Front-wheel drive,1,21.13003731
200,4,144,3330.247441,16.1,2004,USA,Diesel,All-wheel drive,0,13.59739055
170,4,163,3447.895838,13.8,2012,Asia,Gasoline,All-wheel drive,-1,13.66602749
240,1,143,3029.566736,17.2,2014,Europe,Gasoline,Front-wheel drive,-1,14.50902139
170,2,175,2886.685483,15.1,2004,Asia,Diesel,All-wheel drive,0,15.85447945
250,6,139,2517.270718,17.5,2019,Europe,Diesel,Front-wheel drive,-1,17.03777163
90,3,,2971.26274,13.6,2011,Asia,Diesel,Front-wheel drive,1,15.4979322
120,3,163,2942.650537,16.8,2022,USA,Gasoline,Front-wheel drive,-1,14.98733429
140,4,86,2868.768671,15.3,2003,Europe,Gasoline,Front-wheel drive,0,14.88844528
150,3,153,2191.060099,16.6,2018,Europe,Gasoline,Front-wheel drive,1,19.41569127
170,5,124,3511.01807,17.5,2019,Asia,Gasoline,Front-wheel drive,-1,11.67940989
240,5,133,2230.973454,9.9,2007,USA,Gasoline,Front-wheel drive,1,18.74898885
260,7,137,2361.160481,10.6,2009,Europe,Diesel,All-wheel drive,1,18.17732987
230,1,75,2986.515812,,2004,Europe,Gasoline,Front-wheel drive,1,14.42481196
180,2,160,3762.16129,12.8,2007,Asia,Gasoline,All-wheel drive,-2,11.39084415
100,4,159,3154.174688,13.8,2002,Europe,Diesel,All-wheel drive,0,14.81714518
150,3,135,2925.900715,17.4,2015,Asia,Gasoline,Front-wheel drive,-1,15.01279555
250,5,172,2902.876344,15.3,2013,USA,Diesel,Front-wheel drive,-1,15.0598549
210,3,137,3164.64496,17.1,2002,Asia,Diesel,Front-wheel drive,1,14.05763914
190,2,127,3805.648296,15.7,2005,USA,Gasoline,Front-wheel drive,0,10.74143371
250,2,130,2569.770538,15,2021,Europe,Gasoline,All-wheel drive,-1,17.23569833
260,6,174,3055.9482,11.9,2012,Asia,Gasoline,Front-wheel drive,0,15.2329883
250,2,,2128.739515,14.6,2007,Asia,Diesel,All-wheel drive,1,19.22021741
220,2,149,3469.107974,14.2,2003,Asia,Diesel,All-wheel drive,1,13.17758059
210,1,189,3149.081846,10.2,2001,Asia,Diesel,Front-wheel drive,-1,15.49508066
240,3,146,4208.251537,9.7,2023,Asia,Diesel,All-wheel drive,-1,9.346587002
180,10,153,3633.561622,18.3,2015,Asia,Diesel,All-wheel drive,0,11.24258636
170,3,,2505.968077,,2008,Asia,Gasoline,All-wheel drive,-1,17.0358904
210,4,160,2472.571648,14.8,2017,USA,Diesel,All-wheel drive,1,17.84093159
220,6,89,3466.126491,11.3,2022,Europe,Diesel,Front-wheel drive,1,12.81245726
280,5,,3039.297482,13.8,2011,Europe,Gasoline,Front-wheel drive,2,14.72439412
230,3,163,2373.221722,12.9,2003,Europe,Gasoline,All-wheel drive,-1,18.69533244
210,3,89,3509.788689,15.7,2013,Asia,Gasoline,Front-wheel drive,0,12.19141712
230,3,206,3049.338185,12.4,2023,Europe,Gasoline,Front-wheel drive,-1,16.21820912
240,6,162,2542.12201,19,2015,Asia,Gasoline,All-wheel drive,1,16.839831
160,2,172,2502.615621,12.7,2013,Asia,Diesel,Front-wheel drive,,18.37878143
210,2,,2688.93992,11.6,2020,Asia,Diesel,Front-wheel drive,-1,17.28707599
190,6,185,2670.938575,,2006,Europe,Diesel,Front-wheel drive,0,16.97739
160,6,152,3038.571859,19.2,2001,Europe,Gasoline,Front-wheel drive,,14.84310813
240,3,178,2796.33107,12.5,2014,Europe,Diesel,All-wheel drive,0,16.98300333
240,4,178,2947.051554,16.4,2014,USA,Diesel,Front-wheel drive,-1,15.54879058
140,2,157,3319.330261,16.5,2002,USA,Diesel,All-wheel drive,1,13.93799704
130,7,127,3374.774992,13.8,2003,Europe,Gasoline,Front-wheel drive,1,12.99780014
180,4,129,2326.175628,18.1,2005,USA,Gasoline,All-wheel drive,0,18.07781205
180,6,153,3941.062971,13,2009,Asia,Diesel,Front-wheel drive,1,10.94737564
190,3,177,2918.095466,15.9,2007,Asia,Gasoline,Front-wheel drive,1,15.57694579
210,0,169,3498.934403,15.2,2009,USA,Gasoline,All-wheel drive,1,12.99998334
190,3,142,3332.464207,10,2017,Europe,Diesel,Front-wheel drive,-1,14.30553218
270,2,,3253.902594,20.7,2023,Asia,Diesel,Front-wheel drive,-2,13.24246717
230,4,76,3338.32957,13.6,2006,Europe,Diesel,Front-wheel drive,-1,12.07185092
260,4,,2494.18606,10.9,2001,USA,Diesel,All-wheel drive,-2,18.3654882
180,5,145,3060.410401,16,2005,USA,Diesel,All-wheel drive,-1,14.41401646
140,0,153,3391.504302,14,2010,USA,Gasoline,All-wheel drive,0,12.85620564
260,6,123,3454.869075,14.3,2017,Asia,Diesel,All-wheel drive,0,12.62216961
200,2,118,3185.42712,12.1,2007,Europe,Diesel,Front-wheel drive,0,13.55884079
230,6,162,3610.294123,17.1,2001,USA,Gasoline,Front-wheel drive,2,12.02208082
240,4,,3270.360907,,2017,Asia,Gasoline,All-wheel drive,1,13.80120789
210,7,151,2827.732684,15.4,2020,Asia,Gasoline,All-wheel drive,-1,16.19548164
230,2,134,2868.830883,17,2014,Asia,Diesel,All-wheel drive,3,15.25916313
120,4,164,2963.352397,18.9,2003,USA,Diesel,Front-wheel drive,0,15.14955526
120,3,102,2157.718257,22.5,2009,USA,Gasoline,All-wheel drive,0,18.00378017
210,6,121,2225.120848,14.3,2023,Europe,Diesel,All-wheel drive,-1,18.05300096
270,2,96,2951.66737,14.3,2006,Europe,Diesel,Front-wheel drive,-1,15.0090067
220,2,185,2612.718358,21,2013,Asia,Diesel,Front-wheel drive,0,16.65761875
270,6,160,2802.518909,15.8,2005,Europe,Gasoline,Front-wheel drive,,16.177716
180,5,181,2849.805549,,2000,Europe,Gasoline,All-wheel drive,0,15.13408413
240,2,,2218.452556,14,2008,USA,Gasoline,Front-wheel drive,0,18.76547923
180,4,90,3356.037478,16.3,2015,Europe,Diesel,All-wheel drive,-1,12.83743051
150,4,124,2472.820044,17.9,2014,USA,Diesel,All-wheel drive,0,17.26840098
260,5,138,3014.06153,,2022,Europe,Gasoline,Front-wheel drive,-2,14.60118181
230,6,160,3098.47989,18.8,2022,Asia,Gasoline,Front-wheel drive,-1,14.72707725
160,4,210,2979.531735,15.2,2010,Asia,Diesel,Front-wheel drive,0,15.78468123
290,3,190,4326.565703,15.5,2009,Europe,Gasoline,All-wheel drive,0,8.669351198
80,2,82,3141.875989,12.6,2001,Asia,Diesel,All-wheel drive,0,14.17161516
230,2,182,3041.964593,16.7,2010,Europe,Diesel,All-wheel drive,0,15.18828665
160,,126,3543.122332,,2007,Asia,Gasoline,All-wheel drive,1,12.24573039
290,1,162,2625.145694,18.5,2004,Europe,Gasoline,Front-wheel drive,0,16.47596668
150,6,,3409.928458,14.6,2021,Asia,Gasoline,Front-wheel drive,,13.49972976
200,,92,2855.542027,14.9,2003,USA,Gasoline,Front-wheel drive,0,14.2254187
140,3,125,2794.937032,,2021,USA,Diesel,Front-wheel drive,0,15.4535396
150,6,145,2537.197988,8.4,2019,Asia,Gasoline,Front-wheel drive,1,17.67281352
190,3,,2903.467392,13.3,2003,Europe,Diesel,Front-wheel drive,0,16.04752679
170,8,,3055.616666,15.5,2015,Europe,Diesel,Front-wheel drive,-1,14.37790964
240,3,203,2270.148959,16.3,2003,Asia,Diesel,Front-wheel drive,-3,18.76216689
230,5,160,3708.067258,13,2007,Asia,Diesel,All-wheel drive,-1,11.69880291
180,7,138,2064.30546,17.3,2005,Asia,Gasoline,All-wheel drive,0,19.25048064
180,3,,3384.438168,15.5,2023,USA,Diesel,Front-wheel drive,-1,12.52659238
280,11,143,2495.207628,16.5,2008,Asia,Gasoline,All-wheel drive,0,17.76769266
150,3,145,3455.77272,13,2003,Asia,Gasoline,Front-wheel drive,-1,12.73118639
180,5,144,3260.924795,16.2,2015,USA,Gasoline,Front-wheel drive,1,14.02995789
130,4,148,2898.904139,10.6,2001,USA,Gasoline,Front-wheel drive,-2,15.54501034
250,5,152,3097.169134,19.9,2008,USA,Diesel,Front-wheel drive,0,13.69890237
230,6,182,4342.954065,14.5,2018,USA,Gasoline,All-wheel drive,1,8.497719573
250,5,118,2892.095507,17.4,2008,Asia,Diesel,Front-wheel drive,1,15.4244161
200,2,91,2728.156762,14.7,2003,Asia,Gasoline,Front-wheel drive,,16.27065456
190,4,171,2937.300105,11.5,2010,USA,Gasoline,All-wheel drive,0,15.73862202
240,3,,3122.685922,17,2018,Asia,Gasoline,Front-wheel drive,0,13.04932657
240,7,187,3708.472533,18.7,2019,Europe,Gasoline,Front-wheel drive,-1,11.56174356
190,3,137,2870.691005,,2009,Europe,Diesel,All-wheel drive,0,15.81474624
240,2,161,2301.926852,,2004,USA,Gasoline,All-wheel drive,0,18.1692796
260,6,138,2269.686567,,2018,USA,Gasoline,Front-wheel drive,,18.44838354
170,5,191,2986.654774,10.1,2008,Europe,Gasoline,All-wheel drive,0,15.68035994
250,1,129,2934.927704,15.4,2009,USA,Diesel,All-wheel drive,0,15.51740066
200,0,157,3047.211515,13.8,2022,Europe,Gasoline,Front-wheel drive,0,15.73132028
160,3,121,2963.566422,13.1,2011,Europe,Gasoline,All-wheel drive,0,15.20329308
220,6,171,2741.323877,18.3,2014,USA,Diesel,All-wheel drive,1,16.25159887
250,4,130,2843.08955,16.2,2021,Asia,Diesel,All-wheel drive,0,16.26266767
310,4,194,2813.875916,,2007,Europe,Gasoline,All-wheel drive,-2,15.43445262
250,2,142,3524.394344,16.8,2014,USA,Gasoline,Front-wheel drive,-1,12.42030937
100,4,158,2429.594446,13.2,2005,Asia,Diesel,Front-wheel drive,2,18.33234612
250,3,162,3563.338313,17.1,2015,USA,Diesel,Front-wheel drive,1,12.11451126
240,1,147,4078.382332,12,2007,USA,Diesel,Front-wheel drive,0,9.194797912
270,2,192,3717.105782,16.3,2010,Europe,Gasoline,Front-wheel drive,1,11.90484941
150,1,164,2704.326487,16.7,2003,Europe,Diesel,Front-wheel drive,0,16.66374175
240,3,144,3423.670074,16.7,2014,Europe,Gasoline,Front-wheel drive,1,12.98663461
170,6,177,3705.111697,17.2,2011,USA,Diesel,Front-wheel drive,-1,10.92018791
230,2,111,2974.373733,,2015,Asia,Gasoline,All-wheel drive,0,14.65704175
190,5,126,2773.862995,15.8,2019,Europe,Diesel,Front-wheel drive,0,16.09856306
220,4,217,2250.284669,14.5,2020,Europe,Diesel,Front-wheel drive,0,18.86521399
220,2,145,3127.171481,12.9,2013,Europe,Gasoline,All-wheel drive,2,14.46949353
180,3,134,3354.13725,13,2020,USA,Diesel,All-wheel drive,-2,13.14567375
220,5,153,2936.932888,13.7,2015,USA,Gasoline,All-wheel drive,0,15.09706681
240,3,164,3152.581417,13,2013,Europe,Diesel,All-wheel drive,0,14.73064312
240,6,,3420.640035,13.8,2018,Europe,Diesel,All-wheel drive,0,12.22868545
170,2,202,2453.343839,13.9,2009,Asia,Gasoline,All-wheel drive,0,18.2594798
310,1,164,2734.759197,11,2015,Asia,Gasoline,All-wheel drive,,16.66187943
240,,168,2751.932774,18.2,2002,Europe,Gasoline,All-wheel drive,3,16.13117409
240,6,223,3520.54072,14.4,2004,Asia,Diesel,Front-wheel drive,0,13.48469478
110,3,116,3013.701322,18.1,2005,Europe,Diesel,All-wheel drive,0,13.44276707
190,4,108,2660.736883,17.4,2007,Europe,Diesel,All-wheel drive,2,16.36426386
150,4,124,3445.898381,,2004,Asia,Gasoline,All-wheel drive,1,12.92743858
240,4,,2441.419804,14.6,2016,Europe,Diesel,All-wheel drive,-2,18.0678152
200,5,125,1977.087296,16.6,2023,Europe,Diesel,All-wheel drive,1,19.8501661
130,3,180,2875.112832,15.4,2012,Asia,Diesel,All-wheel drive,1,15.88266104
210,8,157,3509.102868,16.1,2018,Asia,Diesel,Front-wheel drive,0,12.5480477
220,10,190,3565.413565,10.3,2017,USA,Diesel,Front-wheel drive,0,12.25544424
150,5,132,2661.210801,17.1,2004,USA,Diesel,Front-wheel drive,1,16.89392478
140,7,174,2789.032895,11.7,2013,Europe,Gasoline,All-wheel drive,1,16.08975254
280,,157,2900.380593,8.8,2014,USA,Gasoline,All-wheel drive,-1,16.0889609
130,4,146,3063.902742,15,2003,Europe,Gasoline,Front-wheel drive,0,14.8866787
270,1,140,2913.628199,15.4,2018,Asia,Diesel,All-wheel drive,-1,15.16477007
170,3,194,3616.793697,15,2015,Europe,Diesel,All-wheel drive,-1,11.94150057
130,5,141,2946.546821,16.8,2018,USA,Diesel,Front-wheel drive,0,15.67209302
170,4,142,2765.469541,11.5,2020,USA,Diesel,All-wheel drive,0,16.64300774
160,,165,3085.285038,12.5,2010,Asia,Gasoline,Front-wheel drive,,15.10763518
240,1,173,2347.313144,17.8,2011,Asia,Diesel,All-wheel drive,0,18.5979238
180,3,201,3055.608545,16.3,2009,Asia,Gasoline,Front-wheel drive,1,14.52964248
130,5,96,2825.054379,14.7,2015,Asia,Gasoline,All-wheel drive,-1,15.68978583
160,1,151,3656.426798,,2012,Europe,Gasoline,Front-wheel drive,-1,11.73519331
160,1,128,2681.685918,11.9,2003,USA,Gasoline,All-wheel drive,0,16.43144829
250,3,128,2831.991413,13.5,2002,USA,Gasoline,Front-wheel drive,0,16.02817291
190,2,167,3195.253132,14.9,2004,Europe,Gasoline,Front-wheel drive,1,14.01031498
250,2,146,2714.573107,17.7,2003,USA,Gasoline,All-wheel drive,,15.66851254
310,,118,2550.920026,15.6,2018,USA,Gasoline,Front-wheel drive,-1,16.25183335
150,5,174,2708.302066,17.4,2004,Asia,Gasoline,All-wheel drive,-1,16.51294311
180,4,112,3373.738058,16.5,2012,Europe,Gasoline,All-wheel drive,-2,11.95683889
170,6,,2747.908994,,2004,Asia,Gasoline,Front-wheel drive,0,15.97896718
140,3,86,2973.742243,14.9,2004,Europe,Diesel,Front-wheel drive,0,14.46243365
210,2,141,3631.288732,12.7,2010,USA,Diesel,All-wheel drive,-1,12.04520002
160,0,,3063.897943,15.2,2008,Europe,Diesel,Front-wheel drive,-1,15.08419878
200,7,117,3118.988811,14.7,2009,Asia,Diesel,All-wheel drive,-2,14.48387862
270,3,142,2933.712786,,2012,Asia,Gasoline,Front-wheel drive,1,14.737936
210,7,168,3222.205754,16.2,2019,USA,Gasoline,All-wheel drive,0,14.14429809
100,3,164,2979.385505,15.7,2004,USA,Gasoline,All-wheel drive,-1,15.62021876
120,3,206,3393.577878,16.8,2022,Asia,Gasoline,Front-wheel drive,-2,13.42987224
200,5,210,2517.419252,17.4,2015,Asia,Diesel,Front-wheel drive,2,17.76679969
160,4,138,3115.053444,10.6,2012,USA,Diesel,All-wheel drive,1,15.03199346
190,7,198,3075.478762,15.6,2020,Europe,Gasoline,All-wheel drive,1,15.22300761
240,4,162,3098.288276,17.2,2010,USA,Gasoline,All-wheel drive,-1,15.41057275
160,2,173,3158.596509,14.8,2016,Europe,Gasoline,Front-wheel drive,-1,14.64713639
190,5,119,3266.92369,16.4,2020,Europe,Gasoline,Front-wheel drive,0,13.38984327
170,2,199,2767.109709,13.1,2002,Asia,Diesel,All-wheel drive,0,17.48930819
140,4,196,3260.678649,12.9,2022,USA,Gasoline,All-wheel drive,1,14.63444506
270,1,188,2998.968498,11.8,2002,USA,Diesel,Front-wheel drive,2,15.73348708
190,3,186,3252.197198,14.6,2004,Asia,Diesel,Front-wheel drive,1,14.44593455
230,5,127,3283.508147,,2021,Asia,Gasoline,All-wheel drive,-2,13.38114939
250,4,140,3549.877875,14.8,2021,Asia,Diesel,All-wheel drive,2,12.23906679
110,4,171,2300.436725,12.4,2006,Asia,Diesel,Front-wheel drive,0,18.97591011
270,4,146,3141.266582,12.3,2010,USA,Gasoline,Front-wheel drive,0,14.07869996
160,10,132,2776.062582,18.2,2005,Asia,Diesel,Front-wheel drive,1,15.63743472
280,5,148,2846.584767,13.5,2000,USA,Gasoline,All-wheel drive,-2,15.66182516
240,3,156,3210.396174,12.3,2018,Asia,Diesel,All-wheel drive,-1,14.09756521
210,4,150,2785.771176,,2003,USA,Diesel,All-wheel drive,-1,16.12276644
120,5,151,3478.897888,17.3,2015,USA,Diesel,All-wheel drive,-1,12.92838926
280,3,195,4062.39793,,2007,USA,Diesel,Front-wheel drive,1,10.48206658
230,2,178,2669.260278,10.8,2008,Europe,Gasoline,All-wheel drive,0,16.75532491
230,4,102,1829.691738,15.6,2017,Europe,Gasoline,All-wheel drive,0,20.12472617
260,5,158,2880.767383,12.5,2012,Asia,Diesel,Front-wheel drive,0,15.9616646
130,1,154,3003.75541,16.2,2002,Asia,Gasoline,All-wheel drive,2,15.19604289
220,7,128,3074.852761,13.3,2013,Europe,Gasoline,Front-wheel drive,,15.0041779
250,5,162,2778.031075,17.5,2020,Europe,Diesel,Front-wheel drive,-1,15.02800536
120,,134,2515.558942,11.8,2007,Europe,Gasoline,All-wheel drive,0,17.79724376
170,5,162,2786.356064,17.6,2020,USA,Gasoline,Front-wheel drive,0,16.17234421
140,4,123,2947.261382,,2009,Asia,Diesel,All-wheel drive,0,14.95405401
290,5,178,2308.154327,,2003,Europe,Diesel,Front-wheel drive,1,18.67799162
180,3,166,2360.362951,14.7,2021,Europe,Gasoline,All-wheel drive,0,18.17192886
110,6,127,3271.446484,,2006,Europe,Gasoline,All-wheel drive,1,12.82646814
160,3,115,2878.300765,16.6,2021,Asia,Diesel,Front-wheel drive,1,15.11266931
260,4,138,3472.318696,17.8,2002,USA,Diesel,Front-wheel drive,1,12.49962163
170,3,163,3501.905124,14.8,2009,USA,Diesel,Front-wheel drive,-1,12.8688382
120,4,104,3426.978874,15.5,2021,Europe,Gasoline,Front-wheel drive,0,12.03819478
230,2,148,2279.042629,13.2,2019,Europe,Diesel,Front-wheel drive,0,18.86340041
180,,119,2940.00538,17.5,2015,Asia,Diesel,Front-wheel drive,0,15.21557215
300,13,132,3870.10163,13,2020,USA,Gasoline,Front-wheel drive,1,10.85112423
230,2,140,3091.603601,12.7,2008,Asia,Gasoline,All-wheel drive,0,14.68879559
330,8,99,3038.364062,18.1,2022,Europe,Gasoline,Front-wheel drive,0,13.32663926
150,1,186,3626.95924,12.2,2020,USA,Gasoline,Front-wheel drive,,12.25547262
240,7,146,2333.592269,17.3,2007,USA,Gasoline,All-wheel drive,2,17.69324764
150,5,148,3315.359414,,2015,Europe,Diesel,All-wheel drive,-1,13.42743886
170,2,122,2885.71343,12.3,2013,USA,Diesel,Front-wheel drive,,15.49585591
210,3,168,3745.695541,16.6,2014,Europe,Gasoline,All-wheel drive,0,11.21477523
140,2,105,2674.512827,15.1,2001,Europe,Diesel,Front-wheel drive,-1,16.65671293
180,4,152,2563.815515,13.7,2003,Asia,Gasoline,All-wheel drive,2,17.49982999
350,5,150,3002.114795,15.3,2004,USA,Diesel,Front-wheel drive,0,14.61469252
200,,170,3338.114644,16.8,2022,Asia,Gasoline,All-wheel drive,0,12.89108241
200,4,171,2624.59931,13,2023,Europe,Gasoline,All-wheel drive,0,17.57595007
160,1,171,3463.160704,13.8,2003,Europe,Diesel,All-wheel drive,,12.6417667
130,4,125,3231.991631,,2004,Europe,Gasoline,All-wheel drive,0,13.79464133
240,4,122,3514.04463,19.7,2004,USA,Diesel,Front-wheel drive,0,11.26205565
230,6,146,2431.595744,,2005,USA,Diesel,Front-wheel drive,0,17.20891648
230,5,143,2159.02619,13.6,2002,Europe,Gasoline,All-wheel drive,0,19.5270489
210,4,178,2668.501779,14.9,2016,Europe,Diesel,All-wheel drive,1,17.60179696
350,4,105,3655.868126,,2016,Asia,Diesel,Front-wheel drive,-1,12.05825081
240,5,110,2109.829494,14.6,2007,Europe,Diesel,All-wheel drive,0,18.67549552
130,4,237,2544.227862,13.6,2005,USA,Diesel,All-wheel drive,2,18.83255286
190,3,143,3980.041761,13.2,2016,Europe,Gasoline,Front-wheel drive,2,10.2770674
140,4,189,1677.379184,14.3,2019,Europe,Gasoline,Front-wheel drive,-1,21.57987936
220,5,145,3401.385246,12.7,2022,Asia,Gasoline,Front-wheel drive,1,13.17365511
250,5,181,3019.34149,,2008,USA,Gasoline,Front-wheel drive,,15.57627463
160,2,,2183.220921,18.1,2021,Europe,Gasoline,All-wheel drive,0,18.96510171
220,,117,3526.311959,12,2014,USA,Diesel,All-wheel drive,2,13.31814188
280,8,161,4282.128114,14.1,2023,Europe,Diesel,Front-wheel drive,-2,9.14304648
240,5,,2951.684465,22.2,2015,Europe,Diesel,All-wheel drive,1,14.97424534
200,3,183,3214.944556,15.2,2011,USA,Diesel,All-wheel drive,0,14.7165971
170,5,195,3520.847663,14.7,2020,USA,Diesel,All-wheel drive,2,12.7988628
190,6,146,3956.811318,,2006,Europe,Gasoline,Front-wheel drive,1,10.56799804
150,5,134,2601.29676,17.7,2015,Europe,Diesel,Front-wheel drive,-1,15.93717196
190,2,114,3581.703252,15.1,2019,Europe,Diesel,Front-wheel drive,0,11.33739133
270,2,128,2089.345024,,2000,USA,Gasoline,Front-wheel drive,0,19.05676993
170,5,148,3389.53137,11,2004,Europe,Diesel,All-wheel drive,1,12.9258208
130,5,123,3798.823171,12.3,2007,Europe,Diesel,All-wheel drive,0,11.09849097
180,8,163,2705.314363,13.7,2005,Asia,Gasoline,Front-wheel drive,-1,16.85135511
240,,163,3244.274578,,2000,Europe,Gasoline,Front-wheel drive,-1,14.2779223
180,,143,3771.148246,11.3,2012,USA,Gasoline,Front-wheel drive,1,11.40279624
280,6,142,3138.566155,17.1,2002,Asia,Diesel,Front-wheel drive,-1,14.36252179
230,3,105,3452.972932,13.9,2004,USA,Diesel,All-wheel drive,0,12.98401646
120,3,190,3197.438573,19.1,2007,Europe,Gasoline,All-wheel drive,1,14.73354753
290,4,156,3723.04856,,2017,Asia,Gasoline,Front-wheel drive,,11.50943812
310,4,171,2641.655947,15.7,2018,USA,Gasoline,Front-wheel drive,-1,17.87459076
210,4,155,2776.056253,15.4,2015,Asia,Gasoline,All-wheel drive,0,16.12178609
150,4,144,3070.088854,14.6,2019,Asia,Gasoline,Front-wheel drive,0,15.23141877
240,2,105,2830.649013,18.5,2008,Asia,Diesel,All-wheel drive,0,14.52683702
180,2,132,2818.152515,13.9,2004,Europe,Diesel,Front-wheel drive,1,16.55209205
210,2,170,3814.68359,13.7,2008,USA,Diesel,Front-wheel drive,1,11.15436001
270,2,164,3922.155177,,2001,Asia,Diesel,Front-wheel drive,-3,10.32728968
170,4,187,2709.305791,20,2015,Europe,Gasoline,All-wheel drive,1,16.11568905
200,7,97,3239.441107,10.9,2019,Asia,Diesel,Front-wheel drive,-1,14.06395564
110,7,114,2123.394795,15.6,2018,Europe,Gasoline,Front-wheel drive,0,19.11701642
320,5,169,2513.232831,15.4,2011,USA,Gasoline,Front-wheel drive,0,18.40672448
160,4,125,3317.042046,19,2018,Europe,Diesel,Front-wheel drive,-1,12.77905629
220,3,142,3458.939411,16.3,2022,Europe,Gasoline,All-wheel drive,-1,12.75607154
170,3,,3284.034102,13.6,2007,USA,Diesel,Front-wheel drive,-2,14.01041229
130,2,115,2952.944067,14.5,2002,Asia,Diesel,All-wheel drive,0,14.71929497
240,6,181,2971.103351,18.3,2008,Asia,Gasoline,Front-wheel drive,0,15.1683166
240,6,161,2752.631331,14.4,2016,Asia,Gasoline,Front-wheel drive,,15.5033001
170,4,108,3168.2843,,2020,USA,Gasoline,All-wheel drive,,13.77852184
370,2,171,2483.124775,13.8,2006,Asia,Gasoline,Front-wheel drive,0,17.76222883
210,3,135,4142.23884,16.4,2021,Europe,Gasoline,All-wheel drive,1,9.44640926
240,0,109,3390.199472,19,2010,USA,Diesel,All-wheel drive,,11.9933556
220,3,164,3734.859433,17.5,2016,Asia,Diesel,All-wheel drive,0,11.05688148
160,3,196,3189.739422,17.5,2008,Europe,Diesel,All-wheel drive,1,13.6984827
200,4,164,3118.817818,13.1,2009,Asia,Gasoline,All-wheel drive,0,15.02271104
270,1,,2519.081045,11.6,2023,Asia,Gasoline,All-wheel drive,0,17.51073002
210,4,181,3585.601577,17.7,2023,Europe,Gasoline,All-wheel drive,1,12.33637646
120,4,123,2219.630132,13.7,2021,Europe,Gasoline,Front-wheel drive,-2,19.55194305
80,1,115,3926.567283,17.8,2002,USA,Gasoline,Front-wheel drive,1,9.762875049
260,3,104,2460.632034,12.3,2017,USA,Diesel,Front-wheel drive,0,17.85454632
230,4,133,2542.322492,17.9,2013,USA,Gasoline,All-wheel drive,0,16.56464482
190,6,184,2992.583401,14.4,2003,Asia,Gasoline,Front-wheel drive,0,15.95099526
280,2,159,3440.456043,15.4,2002,USA,Gasoline,Front-wheel drive,-2,13.02629567
200,2,184,2696.727189,12.6,2019,USA,Diesel,All-wheel drive,0,16.86469399
170,5,200,2887.5478,16.2,2018,USA,Diesel,Front-wheel drive,1,16.2834447
210,7,185,2289.204274,11,2022,Asia,Gasoline,Front-wheel drive,1,19.64688619
180,4,151,2421.408935,12.2,2002,Asia,Diesel,Front-wheel drive,0,18.61111364
220,5,169,3415.130304,13.6,2021,USA,Diesel,All-wheel drive,-1,13.34978977
180,4,131,4172.983577,17,2011,USA,Diesel,Front-wheel drive,1,9.015180597
210,5,136,3848.297142,10,2020,USA,Diesel,All-wheel drive,-1,10.71796032
180,6,97,3284.030541,15.6,2003,USA,Gasoline,All-wheel drive,3,12.69990233
80,5,124,3400.560667,13.9,2001,Europe,Gasoline,All-wheel drive,2,12.12704248
280,2,,2783.803488,12.9,2010,Europe,Gasoline,Front-wheel drive,1,15.36498346
310,0,123,3354.465454,19.8,2001,USA,Gasoline,Front-wheel drive,1,12.02548703
160,4,153,2792.912707,16.5,2018,Europe,Gasoline,Front-wheel drive,0,15.76867356
220,2,152,2920.946899,17,2020,USA,Gasoline,All-wheel drive,1,15.46926274
70,4,133,2260.151495,19.1,2003,Asia,Gasoline,Front-wheel drive,1,17.73662107
190,4,,2617.887203,14.3,2014,USA,Gasoline,All-wheel drive,1,17.13491989
190,5,131,3642.553066,12.8,2005,Asia,Diesel,Front-wheel drive,-1,11.58005567
180,1,119,3021.494691,14.2,2017,Europe,Diesel,Front-wheel drive,0,14.85272608
220,2,91,3237.26314,14,2013,Europe,Gasoline,Front-wheel drive,-1,13.35620079
270,4,153,3065.854981,17.6,2019,Europe,Gasoline,All-wheel drive,-1,14.69067791
150,9,233,2206.920269,17.8,2005,USA,Gasoline,Front-wheel drive,0,19.65118455
160,4,101,3760.755554,16.2,2007,Asia,Diesel,Front-wheel drive,1,10.70486225
210,7,143,3176.48772,12.8,2002,Europe,Diesel,Front-wheel drive,1,14.72489382
160,3,131,2737.377938,11.4,2021,USA,Diesel,All-wheel drive,-2,16.27180264
160,7,163,2942.634221,12.8,2003,Asia,Diesel,All-wheel drive,-1,16.25451485
220,3,154,2615.289439,13.5,2014,Asia,Gasoline,All-wheel drive,0,17.38763503
190,4,141,2880.94272,17.6,2004,USA,Diesel,Front-wheel drive,,15.00238884
200,8,114,2909.206967,10.7,2017,Europe,Gasoline,Front-wheel drive,-1,15.55723461
130,,143,3042.936894,14.8,2008,USA,Gasoline,All-wheel drive,1,14.95530948
310,1,,2749.951026,,2011,Europe,Gasoline,All-wheel drive,0,16.56350959
200,3,178,3187.744845,16.3,2015,Asia,Diesel,Front-wheel drive,,14.27042785
230,6,144,2366.425617,16,2022,USA,Diesel,Front-wheel drive,0,18.2121302
240,3,142,3467.346012,,2020,USA,Diesel,Front-wheel drive,,12.71352209
140,5,121,2568.678483,16.1,2020,Asia,Gasoline,All-wheel drive,0,16.50993694
220,9,156,2678.855494,15.9,2017,Europe,Gasoline,All-wheel drive,0,16.41957724
190,1,169,2712.292666,,2001,Asia,Gasoline,All-wheel drive,0,16.21402985
260,2,,2707.071281,15.9,2018,Asia,Diesel,All-wheel drive,0,16.56961143
160,2,186,3437.506862,19.4,2014,USA,Diesel,All-wheel drive,-1,12.8893629
170,6,109,3418.785171,11.8,2002,Asia,Gasoline,All-wheel drive,0,13.11452463
280,6,,3296.032279,10.6,2005,Europe,Gasoline,All-wheel drive,-1,13.74764534
230,8,,2925.660208,,2012,Asia,Gasoline,All-wheel drive,-1,15.11290247
230,,204,2991.728263,16.2,2013,USA,Gasoline,Front-wheel drive,0,15.69015383
190,1,91,3632.670538,16.6,2014,Europe,Diesel,Front-wheel drive,1,11.04010767
220,,190,3269.70409,19.3,2002,Europe,Gasoline,Front-wheel drive,-1,13.59547303
130,4,123,3278.134057,15.8,2021,Europe,Gasoline,Front-wheel drive,1,12.98535055
220,3,,3673.788579,,2015,Europe,Diesel,Front-wheel drive,1,11.58347375
270,4,,2708.23842,17.3,2015,Europe,Diesel,Front-wheel drive,0,16.39909599
160,3,,2817.977591,17.1,2003,Asia,Diesel,All-wheel drive,1,15.4684579
260,3,,3393.934822,8.9,2021,USA,Gasoline,All-wheel drive,-1,13.54563366
180,6,,3168.152906,16.8,2014,USA,Gasoline,All-wheel drive,3,13.78964668
170,4,139,2514.087921,,2008,Asia,Diesel,All-wheel drive,-2,17.04038898
160,1,162,2199.57989,,2015,Europe,Gasoline,All-wheel drive,-1,19.05283011
200,2,179,2535.700651,15.9,2002,Asia,Diesel,Front-wheel drive,1,17.02836619
240,1,155,2423.168883,13.4,2020,Europe,Gasoline,All-wheel drive,0,17.64951133
200,7,135,2639.113104,15.6,2018,USA,Gasoline,Front-wheel drive,1,16.63555529
110,9,152,3270.727559,,2016,USA,Gasoline,Front-wheel drive,-1,13.38714791
160,5,102,2350.565459,19.9,2001,Asia,Gasoline,Front-wheel drive,0,17.19624096
210,4,161,3112.258682,12.1,2008,Asia,Diesel,All-wheel drive,-1,14.68920746
260,5,127,3848.59167,,2021,Europe,Diesel,Front-wheel drive,0,10.33438412
310,5,144,3482.485587,22.2,2016,USA,Gasoline,Front-wheel drive,1,11.79226601
160,3,165,2839.519321,15,2010,Europe,Gasoline,Front-wheel drive,1,16.05910454
230,4,107,2595.644876,11.8,2007,Asia,Gasoline,All-wheel drive,-1,17.33821807
180,4,110,2790.653334,,2010,Asia,Diesel,Front-wheel drive,1,16.17159759
190,5,113,2770.457983,14.6,2001,USA,Diesel,Front-wheel drive,-1,16.01793797
110,5,158,2986.259618,,2010,Asia,Diesel,Front-wheel drive,-1,15.5167806
270,6,136,2851.31938,13,2018,Europe,Gasoline,All-wheel drive,0,15.5985483
220,3,153,3054.660853,13.2,2011,Europe,Diesel,Front-wheel drive,3,15.37953662
140,3,168,2944.887861,14.3,2022,Europe,Diesel,Front-wheel drive,-1,15.47143643
230,5,169,3063.815241,17.3,2001,Europe,Diesel,Front-wheel drive,0,15.09131981
250,5,159,3497.823917,,2010,USA,Gasoline,Front-wheel drive,0,12.25259698
140,2,183,3466.557605,16.2,2004,USA,Diesel,All-wheel drive,-1,13.30798727
180,8,154,2617.685947,15.8,2008,USA,Diesel,All-wheel drive,1,16.3384069
210,5,183,2968.347545,17.5,2010,Asia,Gasoline,All-wheel drive,-2,15.77416003
220,4,120,2934.365663,,2012,Europe,Diesel,Front-wheel drive,-1,15.43417252
210,2,170,2824.216266,15.4,2012,Europe,Gasoline,Front-wheel drive,1,15.22643127
180,5,159,3386.396939,15.5,2019,USA,Diesel,Front-wheel drive,2,12.77465346
50,2,92,2097.599332,13.4,2018,Europe,Gasoline,Front-wheel drive,0,19.91425808
200,2,138,2903.094942,13.1,2012,USA,Diesel,All-wheel drive,0,15.44980302
290,2,123,2112.488567,17.4,2003,Asia,Diesel,Front-wheel drive,0,18.57100159
200,9,183,3104.800391,14.9,2014,Europe,Diesel,Front-wheel drive,-1,14.66967491
240,3,167,2814.131476,19,2019,USA,Gasoline,Front-wheel drive,1,16.09733205
230,,153,3137.102366,,2006,USA,Gasoline,Front-wheel drive,-1,14.73232858
170,,155,2905.10812,17.4,2021,USA,Diesel,Front-wheel drive,0,15.28203078
280,7,109,2876.677356,18,2014,Europe,Diesel,Front-wheel drive,-1,15.08242035
140,2,128,2753.055647,14.6,2004,Europe,Gasoline,All-wheel drive,2,15.75129723
190,0,110,2821.419784,13,2001,Asia,Gasoline,All-wheel drive,-2,16.17283514
160,5,196,3377.922056,14.8,2014,USA,Gasoline,Front-wheel drive,0,13.58620766
260,1,122,3078.455757,13.4,2009,Europe,Gasoline,All-wheel drive,0,14.64933384
220,7,159,2631.464679,18.5,2008,Asia,Gasoline,All-wheel drive,1,16.89088749
110,2,141,3311.502111,19.5,2016,Asia,Gasoline,All-wheel drive,0,12.71646007
250,5,120,3452.523449,16.3,2020,USA,Diesel,Front-wheel drive,3,12.0405513
200,2,113,1996.055758,13.1,2014,Europe,Gasoline,All-wheel drive,0,20.23888649
110,5,174,2318.681374,13.3,2013,USA,Diesel,All-wheel drive,0,18.6039415
170,2,175,2616.554012,,2005,Asia,Diesel,All-wheel drive,-1,17.39337892
140,3,152,2331.012174,17,2015,Asia,Gasoline,All-wheel drive,2,18.14526235
280,2,178,1635.105364,12.5,2007,USA,Diesel,Front-wheel drive,1,23.11902133
150,3,,2514.528019,12.2,2001,Europe,Gasoline,Front-wheel drive,3,17.42616702
260,4,130,3019.564919,,2022,USA,Diesel,Front-wheel drive,-1,15.1311859
170,4,166,3047.048224,16.8,2011,USA,Diesel,Front-wheel drive,,14.94115728
190,2,161,3391.483658,,2002,USA,Gasoline,All-wheel drive,-2,13.34390973
230,4,98,3396.465226,13.5,2019,Asia,Diesel,Front-wheel drive,1,12.12464335
210,2,,3424.332665,14.6,2004,Asia,Gasoline,All-wheel drive,2,12.3777467
220,2,123,2589.462508,,2007,USA,Gasoline,All-wheel drive,0,16.87443253
210,3,,3106.563818,13.8,2003,USA,Gasoline,Front-wheel drive,-1,15.26372873
180,4,118,3332.805572,16.6,2009,USA,Gasoline,Front-wheel drive,0,12.78518847
190,2,128,2986.896112,12.2,2010,USA,Gasoline,Front-wheel drive,0,15.75786548
190,7,112,2133.044389,16.9,2003,Asia,Diesel,Front-wheel drive,0,18.59263914
170,3,115,3379.976612,13.9,2001,Asia,Gasoline,All-wheel drive,0,12.96202465
220,5,135,2341.578603,,2015,Europe,Gasoline,Front-wheel drive,2,17.83251165
190,7,196,3603.360277,14.2,2018,Europe,Diesel,Front-wheel drive,,12.04668617
250,3,120,3512.849225,15.5,2013,Europe,Diesel,All-wheel drive,1,12.34612099
190,3,195,1637.871892,19.9,2001,USA,Diesel,Front-wheel drive,0,21.78206654
130,0,127,3004.168396,,2007,USA,Diesel,All-wheel drive,0,14.58130006
220,4,151,3661.215386,12.8,2004,Europe,Gasoline,Front-wheel drive,0,12.11610834
150,4,148,3475.886633,14.2,2010,Asia,Diesel,All-wheel drive,-1,12.64992584
220,7,160,3100.668157,15.2,2020,Asia,Diesel,All-wheel drive,2,14.98223
250,6,,3023.469088,14.8,2010,Asia,Gasoline,Front-wheel drive,1,15.03963881
240,6,197,2811.112877,15.5,2005,Europe,Diesel,All-wheel drive,-2,16.88500667
80,3,141,3618.070578,12.6,2017,USA,Gasoline,All-wheel drive,-1,12.20068164
230,5,161,1877.548303,12.3,2021,USA,Diesel,Front-wheel drive,,21.38241927
80,9,160,3341.303389,16.1,2010,Europe,Gasoline,Front-wheel drive,-1,13.22073763
200,1,140,2571.086617,16,2014,USA,Gasoline,Front-wheel drive,1,16.77902807
260,2,141,2480.194049,17.5,2001,Europe,Diesel,Front-wheel drive,1,16.87861757
130,3,111,4162.249115,13.7,2004,Asia,Gasoline,All-wheel drive,-2,8.947512868
280,2,167,3002.106464,17.6,2019,Asia,Diesel,All-wheel drive,1,14.88165957
150,5,149,2367.817227,,2003,Europe,Diesel,All-wheel drive,0,18.21244683
180,2,125,3278.998595,17.1,2001,Europe,Diesel,Front-wheel drive,-1,12.98991616
150,6,105,2972.499082,16.3,2007,USA,Gasoline,Front-wheel drive,,14.68768313
150,2,142,3335.837691,14.6,2009,Europe,Gasoline,Front-wheel drive,1,13.45785444
180,8,142,3151.86406,,2020,Europe,Diesel,Front-wheel drive,-1,14.19509332
160,9,134,2869.82115,18.4,2006,Europe,Diesel,Front-wheel drive,0,15.42834428
230,4,125,2969.364531,13.8,2010,Europe,Gasoline,All-wheel drive,1,14.58799186
270,9,138,2606.880238,11,2010,USA,Gasoline,Front-wheel drive,-1,17.00521945
190,,174,3207.650807,18.2,2017,Europe,Diesel,All-wheel drive,0,13.73411448
130,1,219,2990.913737,15.3,2003,Asia,Gasoline,Front-wheel drive,0,15.43962539
270,1,158,3574.311414,18,2000,Asia,Diesel,Front-wheel drive,,11.90798351
180,4,200,3111.842915,21.5,2017,Asia,Gasoline,All-wheel drive,1,14.03318266
210,2,153,3166.532788,16.7,2009,Europe,Gasoline,Front-wheel drive,,13.78897898
280,2,171,2865.499503,15.7,2012,USA,Diesel,Front-wheel drive,-2,16.34694661
300,4,168,2866.904088,16.9,2018,Europe,Diesel,All-wheel drive,0,15.2337055
270,9,100,2881.171703,13.1,2013,USA,Diesel,All-wheel drive,1,15.08508799
260,1,144,3254.805156,11.5,2011,USA,Diesel,All-wheel drive,0,14.21799419
210,5,114,3675.199367,10,2012,Europe,Gasoline,Front-wheel drive,-1,12.11523034
260,5,163,3063.683638,17.3,2006,Asia,Gasoline,Front-wheel drive,1,14.65225399
180,7,200,2860.70964,14.3,2021,USA,Diesel,All-wheel drive,1,16.21498501
250,,177,2968.707519,15.7,2002,Asia,Gasoline,Front-wheel drive,1,15.33803357
280,1,168,3295.600277,17.8,2001,Europe,Diesel,Front-wheel drive,1,13.40883558
210,6,151,2255.750322,20.9,2013,Europe,Gasoline,Front-wheel drive,-1,18.43991615
180,1,149,4213.683847,15.3,2001,USA,Diesel,All-wheel drive,,9.488160885
150,4,133,2853.968434,16.2,2016,USA,Diesel,Front-wheel drive,-1,15.63586453
290,4,169,3297.75373,13.4,2014,Europe,Diesel,All-wheel drive,3,14.01920731
60,5,156,2354.212,13.2,2018,Europe,Gasoline,Front-wheel drive,0,18.375289
140,6,167,3183.321666,17.4,2018,Europe,Diesel,Front-wheel drive,1,13.70338531
180,6,145,2785.268247,15,2009,USA,Gasoline,All-wheel drive,-2,15.38883245
260,5,136,3658.939977,15,2005,Europe,Diesel,All-wheel drive,1,11.20254696
210,2,171,3119.005766,11.8,2015,USA,Diesel,Front-wheel drive,-2,14.77236725
230,3,134,4320.432577,16.3,2010,Asia,Gasoline,All-wheel drive,,8.399018326
240,1,135,3919.866612,17.4,2011,USA,Diesel,All-wheel drive,-1,10.30589956
110,2,191,3049.511506,12.9,2023,Asia,Diesel,All-wheel drive,0,15.71425465
200,3,152,3284.086827,13.9,2009,Europe,Diesel,Front-wheel drive,1,13.67701156
170,3,,2899.680918,,2011,Europe,Gasoline,Front-wheel drive,-1,16.71281648
160,5,174,3645.84048,14.9,2020,Europe,Diesel,All-wheel drive,0,12.3108755
150,2,131,2828.132615,16.1,2021,Europe,Diesel,All-wheel drive,-2,15.47528052
350,5,195,2625.419361,17.4,2017,Asia,Diesel,All-wheel drive,1,17.53939147
250,5,140,2557.702862,8.9,2005,Asia,Diesel,All-wheel drive,1,17.74085093
170,5,159,3825.924954,19.4,2018,Europe,Diesel,All-wheel drive,,10.2470795
90,7,155,3820.011694,18.2,2003,Europe,Diesel,All-wheel drive,-2,10.79514141
180,8,149,2594.350806,15.7,2008,USA,Gasoline,Front-wheel drive,,17.11597787
240,2,238,2883.491696,13.7,2021,Asia,Diesel,All-wheel drive,0,17.0385917
250,3,176,3650.42459,17.7,2020,Asia,Gasoline,All-wheel drive,1,11.84689624
250,6,184,3047.585033,16.1,2022,USA,Gasoline,All-wheel drive,-1,14.70908744
210,1,175,3490.376564,9.1,2022,Europe,Gasoline,Front-wheel drive,0,13.74986878
170,4,,3433.987749,14.4,2009,USA,Gasoline,All-wheel drive,0,12.20825531
160,2,213,3631.463297,15.5,2019,Asia,Diesel,All-wheel drive,-1,12.23992095
190,2,145,2900.981957,15,2010,USA,Gasoline,All-wheel drive,0,15.88904729
160,2,141,3674.017659,16.8,2012,USA,Gasoline,All-wheel drive,0,11.70794836
270,3,136,3368.518724,19.6,2011,USA,Diesel,Front-wheel drive,0,12.65797311
150,5,105,3169.628686,14.5,2011,Europe,Gasoline,Front-wheel drive,3,13.88098532
270,1,111,2988.934911,18.2,2006,USA,Diesel,Front-wheel drive,,13.95209559
250,4,141,3021.798337,11.2,2003,Europe,Gasoline,All-wheel drive,0,15.40830588
200,8,139,3230.590186,14.7,2019,Asia,Diesel,All-wheel drive,1,13.86432152
200,1,110,3510.561711,14.1,2007,Asia,Diesel,Front-wheel drive,-1,12.15579309
240,7,224,3443.616662,15,2006,Europe,Gasoline,All-wheel drive,1,13.6951223
150,6,108,4255.005056,16.1,2017,Europe,Gasoline,Front-wheel drive,1,7.863609316
130,5,148,3060.180367,12.1,2019,Europe,Gasoline,Front-wheel drive,1,14.96312444
190,4,171,2931.662711,,2013,Europe,Gasoline,Front-wheel drive,0,15.77871405
140,3,172,3237.55044,17,2000,USA,Gasoline,All-wheel drive,0,14.08356338
230,3,159,3282.843696,13.2,2014,Europe,Diesel,All-wheel drive,-1,14.71439012
110,3,138,2584.040645,11.9,2003,USA,Gasoline,Front-wheel drive,-1,17.29245913
180,2,167,3133.667209,12.7,2017,USA,Diesel,Front-wheel drive,,14.77146296
130,2,145,4040.402293,16.4,2001,Asia,Diesel,All-wheel drive,0,9.788586235
140,2,104,3409.19672,14.1,2018,Europe,Diesel,Front-wheel drive,1,12.48768288
170,3,153,3523.165743,,2016,Europe,Gasoline,Front-wheel drive,0,11.3494423
180,5,122,3341.864858,14.3,2019,Asia,Diesel,Front-wheel drive,0,12.80096265
270,1,124,3691.321225,,2021,Asia,Diesel,Front-wheel drive,1,11.40354375
120,2,203,3392.696275,15,2005,Europe,Diesel,Front-wheel drive,0,13.38946261
190,3,125,2876.552705,16.4,2001,Europe,Diesel,All-wheel drive,0,15.10265923
200,2,143,2340.644483,16.1,2018,Europe,Diesel,All-wheel drive,0,17.37814909
170,4,100,3355.346172,13.6,2009,Europe,Diesel,Front-wheel drive,0,12.65885819
190,3,145,2815.393939,14.7,2009,USA,Diesel,Front-wheel drive,0,15.3727142
300,,209,2789.518878,14.7,2010,Europe,Gasoline,All-wheel drive,1,17.24776182
140,3,208,3291.144487,14.9,2014,USA,Gasoline,All-wheel drive,0,13.90564881
180,3,192,3985.083494,14.8,2007,Asia,Diesel,Front-wheel drive,-1,10.90330444
190,5,85,2955.234378,15.2,2010,USA,Gasoline,Front-wheel drive,-1,14.87381106
160,7,118,2611.020715,11.9,2010,USA,Gasoline,All-wheel drive,0,17.17112328
110,5,115,3082.012444,17,2015,Europe,Diesel,Front-wheel drive,0,14.70077235
140,11,148,2704.826005,18.9,2017,USA,Diesel,All-wheel drive,0,15.80435416
190,5,111,3301.881684,13.7,2006,USA,Diesel,All-wheel drive,0,13.5156927
170,4,143,3933.701279,16.1,2016,Europe,Diesel,Front-wheel drive,-1,10.41160079
220,2,154,2571.174918,14.6,2021,Asia,Gasoline,All-wheel drive,0,17.08719389
180,3,130,2089.001605,16.8,2017,Europe,Gasoline,All-wheel drive,0,18.42582322
180,2,118,3214.257611,14.7,2014,USA,Diesel,Front-wheel drive,0,13.72159864
190,5,206,2545.602457,15.5,2016,USA,Gasoline,Front-wheel drive,0,17.50363624
160,6,192,3197.406442,17.5,2016,Europe,Gasoline,All-wheel drive,-1,14.20346622
180,4,134,3587.024278,18.4,2002,Asia,Diesel,Front-wheel drive,-1,11.50564849
170,2,157,2854.405725,12.1,2003,Asia,Diesel,All-wheel drive,1,15.98491478
240,3,136,3216.699088,14.2,2005,Europe,Gasoline,All-wheel drive,1,14.26107568
200,5,,3851.366832,15.8,2006,Europe,Gasoline,Front-wheel drive,-1,10.56833986
180,4,113,2215.519447,13.8,2011,USA,Diesel,Front-wheel drive,0,19.15496914
290,2,,3227.993917,16.1,2006,USA,Diesel,All-wheel drive,1,13.75504699
260,4,191,3733.504875,14.7,2007,USA,Diesel,Front-wheel drive,1,12.27054822
170,5,,2390.355278,15.2,2013,USA,Diesel,Front-wheel drive,1,17.98743316
260,4,128,3370.961906,10.3,2003,Asia,Diesel,All-wheel drive,-1,14.00107806
150,1,152,2524.407794,17,2012,Europe,Gasoline,All-wheel drive,1,16.66729357
150,4,107,2846.433235,7.4,2013,Europe,Diesel,All-wheel drive,1,16.87352684
230,3,132,2008.36147,13.5,2013,Europe,Gasoline,All-wheel drive,-1,19.67514659
150,3,119,2261.447626,12.6,2016,Asia,Diesel,Front-wheel drive,-1,18.55743425
210,2,190,3542.087197,14.2,2009,Asia,Gasoline,All-wheel drive,0,12.99473509
180,6,169,2980.292332,14.4,2023,Asia,Gasoline,All-wheel drive,-2,15.13303881
220,0,149,4113.605445,16.2,2003,Europe,Gasoline,Front-wheel drive,0,10.18496109
140,3,164,2993.259265,16.9,2009,USA,Gasoline,Front-wheel drive,1,14.86948466
180,5,163,2734.601883,11.1,2016,USA,Diesel,Front-wheel drive,2,17.01300178
160,5,155,4232.789416,13.1,2018,USA,Gasoline,Front-wheel drive,0,9.409220773
80,2,150,3152.816263,16.1,2022,Europe,Diesel,All-wheel drive,0,14.21383104
200,3,,3066.220965,17.2,2019,Asia,Diesel,All-wheel drive,-1,14.71277671
280,2,180,2844.332993,12.5,2005,Europe,Gasoline,Front-wheel drive,2,16.57687682
210,6,116,3070.773441,18.9,2020,Europe,Diesel,All-wheel drive,-1,13.72226588
180,5,131,3547.185028,,2006,Asia,Gasoline,All-wheel drive,-1,12.08358171
250,6,157,3252.327627,17.4,2006,Europe,Diesel,Front-wheel drive,1,13.4354338
170,7,141,2713.06319,14.7,2012,USA,Gasoline,Front-wheel drive,,16.48455293
170,6,186,3294.380226,15.8,2009,Europe,Gasoline,Front-wheel drive,0,13.73923097
190,4,171,2522.896785,12.6,2007,Asia,Diesel,Front-wheel drive,0,17.83940069
170,4,149,3583.210118,15.1,2023,Asia,Diesel,Front-wheel drive,-1,11.43701462
110,1,132,3521.260934,11.5,2013,Asia,Gasoline,All-wheel drive,,12.70343922
210,1,186,3465.227424,18,2019,Europe,Diesel,Front-wheel drive,1,12.2694346
250,8,,2032.779439,13.1,2018,Asia,Gasoline,Front-wheel drive,-1,19.14032473
180,5,155,2903.398129,15.6,2010,USA,Gasoline,Front-wheel drive,0,15.80995085
200,6,96,3462.468346,17.7,2011,Europe,Diesel,Front-wheel drive,1,12.01602054
180,6,139,2669.9016,15.5,2019,Asia,Diesel,All-wheel drive,,16.8389515
230,6,,2168.524461,14.1,2009,Asia,Diesel,Front-wheel drive,0,18.91379081
170,7,151,2532.892221,11.4,2022,Asia,Diesel,Front-wheel drive,0,17.510245
220,4,126,2682.093777,11,2002,Asia,Diesel,Front-wheel drive,0,17.43105281
190,6,,3186.123091,13.2,2007,USA,Diesel,All-wheel drive,1,13.77623585
180,2,178,2811.368397,18.6,2008,Asia,Gasoline,Front-wheel drive,1,16.10332468
170,1,156,2790.205971,16.5,2008,Europe,Gasoline,All-wheel drive,-2,15.63837567
180,3,173,2784.327469,12.3,2006,USA,Diesel,All-wheel drive,1,16.31142801
250,3,,3816.626365,15.5,2003,Europe,Diesel,All-wheel drive,0,10.79952231
160,5,115,3593.465675,20.2,2005,Europe,Gasoline,All-wheel drive,0,11.08037579
230,2,117,3128.885407,13.6,2011,USA,Gasoline,Front-wheel drive,1,14.17764538
270,2,124,3035.979949,9.6,2018,USA,Gasoline,All-wheel drive,0,15.21067431
240,3,139,3251.166494,14.5,2019,Europe,Diesel,Front-wheel drive,-3,13.93530821
180,3,131,2463.753715,13.9,2010,Europe,Diesel,Front-wheel drive,-1,17.48117492
280,4,178,3484.716551,15.9,2005,Asia,Diesel,Front-wheel drive,0,13.14233016
220,1,152,2535.449046,11,2007,Europe,Gasoline,Front-wheel drive,0,17.30225365
230,2,162,2508.938557,14.5,2021,Europe,Gasoline,All-wheel drive,1,17.27136131
170,9,208,3197.468259,14.6,2015,Asia,Gasoline,Front-wheel drive,-1,14.64803634
120,1,141,2997.228846,14.5,2021,USA,Diesel,Front-wheel drive,-1,15.11309219
160,5,214,1780.703231,,2015,USA,Gasoline,All-wheel drive,0,21.68635824
170,4,123,3401.11876,15.5,2009,Europe,Diesel,All-wheel drive,0,12.46764812
220,1,157,2928.786759,15.6,2007,Asia,Gasoline,Front-wheel drive,1,15.32885803
270,5,164,3312.867998,17.7,2009,Asia,Gasoline,All-wheel drive,1,13.79090753
210,6,81,3201.226612,15.6,2016,Asia,Gasoline,Front-wheel drive,0,13.27730368
250,3,115,2235.343661,14,2018,Europe,Diesel,All-wheel drive,1,17.59364131
180,1,117,3560.953579,13.2,2013,Asia,Gasoline,All-wheel drive,0,11.86133223
150,2,160,3238.588912,12.9,2015,Europe,Diesel,All-wheel drive,-1,14.04747123
270,6,132,2782.997796,15.7,2018,Europe,Diesel,Front-wheel drive,0,16.1647617
200,4,,2665.650176,16.5,2007,Asia,Gasoline,Front-wheel drive,-2,16.41675643
280,3,152,3276.957613,16.3,2006,Europe,Gasoline,All-wheel drive,-2,12.03718532
260,3,152,2906.279245,19.8,2018,Asia,Diesel,Front-wheel drive,-1,14.8574162
230,5,135,2546.67053,11.5,2001,Europe,Gasoline,Front-wheel drive,1,17.88596479
140,6,,3034.275905,16.6,2022,Europe,Diesel,Front-wheel drive,0,14.43328681
190,6,159,2741.556924,13.6,2004,Asia,Diesel,Front-wheel drive,0,16.22428894
150,,189,3551.134988,17.9,2000,Asia,Gasoline,All-wheel drive,0,11.94913275
230,6,130,3465.159754,16.4,2000,USA,Gasoline,All-wheel drive,-1,12.93819326
180,4,125,3512.150397,14,2007,Europe,Diesel,All-wheel drive,1,11.65384746
210,7,156,3394.902638,17.2,2008,Europe,Gasoline,Front-wheel drive,-1,12.64233596
220,2,,3561.727026,17.1,2019,Asia,Gasoline,All-wheel drive,-2,12.10121869
110,2,155,3393.607454,15.6,2007,Asia,Gasoline,Front-wheel drive,1,12.49764988
230,,,3226.346186,11.7,2020,USA,Diesel,All-wheel drive,0,13.83444299
250,4,,3967.120946,12.6,2003,Asia,Gasoline,All-wheel drive,1,9.847787698
260,6,138,3397.001637,19.3,2005,USA,Gasoline,Front-wheel drive,-1,11.89807603
190,5,115,3454.981296,20,2013,USA,Gasoline,All-wheel drive,-2,11.64548404
230,,120,3233.058236,14.1,2023,USA,Diesel,All-wheel drive,-1,13.32729324
210,2,141,2299.716989,12.9,2002,Europe,Gasoline,All-wheel drive,1,19.00604995
180,2,126,2838.674155,16.6,2008,Asia,Diesel,Front-wheel drive,0,15.34552794
280,,157,3562.97408,,2005,USA,Diesel,Front-wheel drive,2,12.17300782
150,4,151,3400.539015,12.1,2017,Asia,Gasoline,All-wheel drive,0,13.9536687
170,2,154,2795.553189,15.9,2018,Europe,Gasoline,Front-wheel drive,1,15.90864441
160,3,139,2177.675009,19.5,2005,Europe,Diesel,All-wheel drive,1,18.25041067
140,3,,3382.976977,16.9,2013,USA,Gasoline,All-wheel drive,,12.15131588
200,8,126,2650.726502,16.3,2020,Europe,Gasoline,All-wheel drive,1,16.66904875
150,1,167,2239.729044,,2013,Asia,Gasoline,All-wheel drive,0,19.93594119
180,4,144,2978.845669,12.1,2019,Europe,Gasoline,Front-wheel drive,0,15.26558216
170,2,172,3041.911894,16.2,2010,Europe,Diesel,Front-wheel drive,-1,14.62871805
190,4,113,2941.414632,19,2007,USA,Diesel,All-wheel drive,-2,14.61949192
220,6,189,2284.160156,17.1,2015,USA,Gasoline,All-wheel drive,1,18.84146961
170,5,,3191.732841,15,2015,Europe,Gasoline,All-wheel drive,0,15.52303748
110,4,136,3057.519022,12.2,2004,USA,Diesel,Front-wheel drive,1,14.7936783
80,0,154,2422.565347,12.2,2020,Asia,Diesel,All-wheel drive,0,17.5481149
180,3,158,3561.565665,15.8,2004,USA,Gasoline,All-wheel drive,-1,12.35727471
190,1,120,2710.448571,14.6,2014,USA,Gasoline,Front-wheel drive,2,16.80642873
120,3,145,3766.045673,14.4,2007,Europe,Diesel,All-wheel drive,1,10.67386317
280,4,125,2594.255391,13.7,2000,Europe,Gasoline,All-wheel drive,1,16.46649734
120,2,130,2959.729935,15.5,2011,USA,Gasoline,Front-wheel drive,1,14.63022876
220,2,111,3130.40503,15,2010,Europe,Gasoline,Front-wheel drive,0,13.76876069
230,3,189,4156.642616,13.3,2009,Europe,Gasoline,Front-wheel drive,0,9.687981189
190,2,194,2834.362992,17.7,2018,Asia,Diesel,Front-wheel drive,-1,16.67592683
250,5,149,2872.848032,18.8,2013,USA,Gasoline,Front-wheel drive,1,14.76547228
260,2,187,3393.136424,15.6,2014,Asia,Gasoline,Front-wheel drive,1,13.29524246
160,6,122,3108.904797,13.4,2016,Asia,Diesel,All-wheel drive,0,14.05219174
250,,153,3456.64254,17.6,2016,Europe,Diesel,All-wheel drive,-1,12.53540378
210,2,97,3048.085778,16.8,2016,USA,Gasoline,All-wheel drive,0,13.63311276
280,3,165,3713.318474,15.5,2019,Asia,Diesel,Front-wheel drive,0,11.20413659
160,8,175,3340.553987,18.5,2023,Europe,Gasoline,Front-wheel drive,1,13.29080203
190,4,130,3475.112777,14.3,2007,Asia,Diesel,All-wheel drive,1,12.20159074
200,6,123,3376.331077,14.4,2017,Asia,Gasoline,Front-wheel drive,0,13.15443763
120,7,204,2195.881739,21.3,2011,Asia,Gasoline,Front-wheel drive,1,19.52558436
180,3,,3492.825962,12.5,2003,Asia,Gasoline,All-wheel drive,0,12.79106759
290,1,123,2347.178028,17.4,2002,Europe,Diesel,Front-wheel drive,,17.68030348
210,6,147,3619.908607,12.7,2022,Europe,Gasoline,All-wheel drive,-1,12.31989752
190,7,118,3406.960351,12.4,2021,Asia,Gasoline,All-wheel drive,0,12.95854893
240,3,148,3200.957357,14.7,2015,USA,Gasoline,Front-wheel drive,0,14.00877449
220,4,128,2838.650107,,2004,Asia,Gasoline,Front-wheel drive,0,15.77056769
220,4,153,2946.994995,19.7,2005,Asia,Gasoline,All-wheel drive,,14.81518597
240,1,167,3228.651008,11.7,2009,USA,Gasoline,Front-wheel drive,-1,14.66969935
160,5,185,3323.924051,,2022,USA,Gasoline,Front-wheel drive,0,12.98702285
200,3,133,2833.60107,16.8,2010,Asia,Diesel,All-wheel drive,0,15.70174139
130,8,,3127.43851,15.4,2005,Asia,Gasoline,Front-wheel drive,-1,14.46988552
250,3,136,2403.877984,,2023,Asia,Diesel,Front-wheel drive,0,18.54014869
110,4,161,3064.002707,17.2,2002,Europe,Diesel,Front-wheel drive,2,15.06636345
230,1,137,3250.394718,16.6,2005,Asia,Diesel,All-wheel drive,0,13.94876759
140,4,147,3242.008439,14.8,2019,Europe,Diesel,All-wheel drive,0,13.38638609
170,2,101,3733.006587,10.1,2001,Asia,Diesel,Front-wheel drive,1,11.60077256
220,2,118,3410.623214,17.9,2004,Europe,Diesel,All-wheel drive,-1,12.53193597
240,3,78,2793.313379,18.2,2014,Asia,Diesel,All-wheel drive,-1,15.24101398
150,2,135,3367.522774,15.9,2005,USA,Diesel,All-wheel drive,-1,13.25685605
210,2,,2187.41671,13.7,2019,USA,Diesel,All-wheel drive,1,17.92627013
220,5,173,2947.236023,13,2022,Asia,Diesel,All-wheel drive,-1,15.99432087
180,5,150,3008.347481,16.6,2015,Asia,Diesel,Front-wheel drive,0,14.66484274
220,7,168,3898.107955,16.8,2001,Asia,Diesel,All-wheel drive,1,10.14674395
190,2,131,3481.682744,10.9,2005,Europe,Diesel,All-wheel drive,0,12.26478692
210,7,164,3073.431478,,2001,USA,Gasoline,All-wheel drive,1,13.86856158
150,2,136,3444.340325,,2013,USA,Diesel,All-wheel drive,-1,12.59894261
220,3,140,2851.154376,19.9,2022,USA,Gasoline,All-wheel drive,1,15.32656191
280,3,159,2685.290184,17.5,2019,Europe,Diesel,Front-wheel drive,0,16.53343409
210,3,171,2292.068301,16.3,2019,USA,Gasoline,Front-wheel drive,-1,18.70567012
70,5,110,2157.63933,15.9,2001,USA,Diesel,All-wheel drive,1,18.4019427
180,3,119,3582.745396,,2012,USA,Diesel,Front-wheel drive,1,11.34573679
240,0,152,2892.39545,12.7,2019,Asia,Diesel,Front-wheel drive,0,15.9942323
290,3,152,3515.849661,12.6,2003,Asia,Gasoline,All-wheel drive,-1,12.60082324
170,5,121,2931.819348,16.2,2012,USA,Gasoline,Front-wheel drive,1,14.81685321
210,5,147,2614.520645,19.2,2008,Asia,Gasoline,Front-wheel drive,0,16.12671157
130,4,187,3471.296073,16.7,2014,Europe,Diesel,All-wheel drive,0,12.13198832
180,0,154,3346.965671,15.8,2018,USA,Gasoline,All-wheel drive,-1,13.67814034
270,1,199,3581.724029,17.1,2014,Europe,Gasoline,All-wheel drive,-1,13.24069594
150,3,211,2051.825499,16.5,2006,Europe,Diesel,Front-wheel drive,1,19.77332717
190,2,79,2848.150434,17,2011,Asia,Gasoline,All-wheel drive,0,14.4102257
300,6,170,2723.899034,15.6,2002,Europe,Diesel,Front-wheel drive,-2,16.6279062
290,6,145,4481.764226,17.4,2010,Asia,Gasoline,All-wheel drive,0,6.939508203
90,4,,3590.684517,12.1,2006,Europe,Gasoline,All-wheel drive,-2,12.05051614
300,1,169,2738.422465,12.8,2003,Europe,Diesel,Front-wheel drive,-2,16.70760155
170,,144,3023.259462,,2003,Europe,Diesel,Front-wheel drive,1,14.46161815
190,7,123,1856.462343,17.5,2020,USA,Gasoline,Front-wheel drive,0,19.86021884
200,2,137,3568.702685,17.8,2010,USA,Gasoline,All-wheel drive,0,11.14733444
190,3,129,2937.627745,16.3,2008,Asia,Gasoline,Front-wheel drive,0,15.5933886
220,3,130,3371.205569,15.5,2002,Europe,Gasoline,Front-wheel drive,-1,12.93587642
170,,138,3075.666829,14.8,2015,Asia,Diesel,All-wheel drive,-1,14.71515047
180,1,166,2980.557476,13.2,2014,USA,Gasoline,All-wheel drive,1,15.1204165
210,1,139,2657.049488,16.3,2012,USA,Diesel,Front-wheel drive,0,16.0900285
160,4,118,2958.309276,14.1,2003,USA,Gasoline,Front-wheel drive,-1,14.13396015
210,3,187,2667.008903,13.2,2007,Asia,Gasoline,Front-wheel drive,0,16.98163027
110,4,,2518.791189,13.2,2002,Europe,Gasoline,All-wheel drive,0,17.89396113
220,2,134,2620.701362,12.3,2017,Asia,Gasoline,All-wheel drive,1,16.68158069
200,5,117,2692.781292,,2004,USA,Gasoline,All-wheel drive,0,15.81604972
180,6,125,2405.912453,16.2,2018,Europe,Diesel,Front-wheel drive,1,17.49779586
170,6,110,2193.47908,11.9,2014,Europe,Diesel,All-wheel drive,0,18.74264499
170,6,84,2472.758951,12.8,2004,USA,Diesel,All-wheel drive,-1,16.73508655
150,7,151,2739.840883,12.9,2020,USA,Gasoline,Front-wheel drive,1,15.93425339
210,4,115,2941.669225,14.2,2014,Europe,Diesel,All-wheel drive,1,15.18099739
230,5,132,3515.490723,,2005,Europe,Diesel,Front-wheel drive,,11.62258298
80,4,140,2862.142452,17.3,2022,Asia,Gasoline,Front-wheel drive,-1,15.18793881
130,5,130,3019.80153,13.2,2021,USA,Diesel,Front-wheel drive,-1,15.30232959
240,7,140,4172.770466,11.8,2015,Europe,Diesel,Front-wheel drive,0,8.806879
200,4,151,3534.054505,18.7,2004,Europe,Gasoline,All-wheel drive,0,11.72644711
250,1,180,3418.594797,13.1,2013,USA,Gasoline,Front-wheel drive,0,12.82635029
230,3,102,1663.479922,17.7,2014,Europe,Gasoline,All-wheel drive,1,21.19529668
240,4,141,4361.335291,19.9,2010,USA,Diesel,Front-wheel drive,,7.701582546
180,5,129,3212.920729,19.7,2008,Europe,Gasoline,All-wheel drive,1,13.44863111
210,3,127,3419.629323,17.4,2008,Europe,Diesel,Front-wheel drive,0,12.61407098
170,5,140,3187.314131,12,2012,USA,Diesel,All-wheel drive,0,14.42170128
140,5,106,3390.12658,14.1,2012,Europe,Gasoline,All-wheel drive,-1,13.18596561
270,4,145,3569.394718,13.8,2011,USA,Diesel,Front-wheel drive,0,12.37835853
240,4,145,3549.027959,,2002,USA,Gasoline,Front-wheel drive,-1,12.24556758
120,5,198,2596.014688,16.7,2003,Asia,Diesel,Front-wheel drive,-1,17.12428564
170,7,172,2452.683684,15.3,2016,Asia,Gasoline,Front-wheel drive,-1,18.00043452
190,3,159,3613.63737,16.8,2010,Europe,Gasoline,All-wheel drive,-1,11.60410802
150,5,197,3019.193103,12.5,2021,Asia,Gasoline,All-wheel drive,0,15.64653581
160,3,170,2648.327394,15.5,2019,USA,Diesel,Front-wheel drive,-2,17.10466985
210,7,183,3071.435617,15.5,2006,Europe,Gasoline,Front-wheel drive,0,14.54047113
220,5,77,3396.368049,16.3,2011,USA,Diesel,All-wheel drive,0,12.39603923
150,6,100,3205.766821,12.9,2014,USA,Gasoline,All-wheel drive,1,13.54874045
230,6,171,2779.249919,16.9,2009,Europe,Gasoline,All-wheel drive,0,16.12977836
210,0,159,2520.777524,18.5,2019,Europe,Diesel,Front-wheel drive,0,16.95400047
260,1,185,3800.228674,16.7,2012,Asia,Gasoline,Front-wheel drive,1,11.27776176
210,2,154,3025.410119,19.5,2014,Europe,Gasoline,All-wheel drive,,14.27304675
170,,157,3356.254025,14.3,2019,USA,Gasoline,Front-wheel drive,1,13.65981913
170,10,133,3553.842865,16.1,2022,Europe,Diesel,Front-wheel drive,1,12.24913784
220,5,152,2360.371213,17.6,2001,Europe,Diesel,Front-wheel drive,0,18.54912127
230,3,164,3307.35571,10.4,2016,Asia,Diesel,Front-wheel drive,1,14.02757858
250,5,,2327.091038,16.5,2005,Asia,Gasoline,All-wheel drive,1,18.228776
190,5,122,2149.642063,14.2,2013,Asia,Diesel,All-wheel drive,0,18.62179906
240,,,3736.177808,13.3,2018,USA,Diesel,All-wheel drive,,12.56300436
120,2,78,2981.636138,16.9,2016,Europe,Gasoline,Front-wheel drive,,13.93825644
270,5,143,3739.014275,15.6,2021,USA,Diesel,All-wheel drive,-1,10.85695196
170,4,152,3063.917593,17.2,2021,Asia,Gasoline,Front-wheel drive,-1,14.83188672
170,3,158,2795.528795,13.9,2023,Asia,Gasoline,All-wheel drive,-1,16.05411442
200,2,97,2605.004188,,2021,Asia,Gasoline,All-wheel drive,-1,16.12219164
220,3,119,2857.107128,15,2011,Asia,Diesel,Front-wheel drive,-1,15.33999246
200,3,164,3466.732254,14.2,2019,Asia,Gasoline,All-wheel drive,,13.29786577
160,5,145,1989.140487,16.5,2020,Europe,Diesel,Front-wheel drive,0,20.05794636
150,1,173,3256.117494,15,2015,Europe,Diesel,Front-wheel drive,2,14.05887752
200,6,162,2534.989083,15.1,2019,Europe,Diesel,Front-wheel drive,0,16.76294086
220,6,174,4316.157672,16.2,2017,USA,Gasoline,Front-wheel drive,1,8.477010023
160,4,171,2728.997021,,2016,Asia,Gasoline,Front-wheel drive,-1,16.13670416
140,4,152,2408.724248,15.1,2009,Asia,Gasoline,All-wheel drive,0,18.00700454
170,3,184,3101.753164,16.1,2013,USA,Diesel,Front-wheel drive,,14.80049238
210,2,169,3732.268701,11.5,2004,Europe,Diesel,Front-wheel drive,0,11.63276235
140,2,106,2664.507634,16.3,2011,Europe,Diesel,Front-wheel drive,1,15.95026698
140,0,163,2092.654028,14.2,2014,Europe,Diesel,Front-wheel drive,1,20.20293263
170,3,160,2806.592138,15.3,2011,USA,Gasoline,Front-wheel drive,1,16.16463904
200,3,146,2810.736054,15.4,2016,USA,Gasoline,All-wheel drive,0,16.05250399
140,3,174,3284.785026,10.9,2017,Asia,Diesel,Front-wheel drive,1,14.744859
230,6,161,2829.385915,17.2,2001,USA,Diesel,Front-wheel drive,1,15.87455195
280,2,126,3586.128989,12.6,2011,Europe,Diesel,Front-wheel drive,-1,11.93472191
170,4,145,2560.87526,15.6,2010,USA,Gasoline,All-wheel drive,-1,17.28291012
150,3,187,2971.797958,13.4,2005,USA,Diesel,All-wheel drive,1,15.30228829
170,5,83,3311.212651,14,2018,Europe,Diesel,All-wheel drive,0,12.58970062
250,4,163,2673.256418,10.9,2009,USA,Gasoline,All-wheel drive,1,17.31838489
190,5,156,2912.001396,16.8,2003,Europe,Diesel,All-wheel drive,-1,15.50456685
280,7,,3249.08972,16.6,2021,Europe,Diesel,All-wheel drive,0,13.55969769
140,5,142,3837.125409,14.3,2019,Asia,Gasoline,Front-wheel drive,-1,10.76555592
240,4,153,2101.959878,,2015,USA,Gasoline,Front-wheel drive,1,19.88048946
200,2,163,2805.876261,14.8,2014,Europe,Diesel,Front-wheel drive,-2,16.13463661
220,1,187,3181.985692,20.5,2008,Asia,Diesel,All-wheel drive,0,14.06645107
130,3,175,3213.836464,12.8,2010,USA,Gasoline,All-wheel drive,3,14.43826528
190,2,,3448.35377,10.1,2018,USA,Diesel,All-wheel drive,-1,13.36869875
240,4,172,3269.267449,12.5,2006,Asia,Gasoline,Front-wheel drive,-1,13.69659704
120,4,145,3230.708336,11.5,2020,Asia,Gasoline,Front-wheel drive,0,13.62006703
190,4,167,3272.781901,14.5,2023,USA,Diesel,All-wheel drive,1,13.73756359
150,4,139,1948.168638,21,2020,Asia,Diesel,All-wheel drive,-1,19.51784056
200,4,171,3157.83406,18.8,2004,USA,Gasoline,All-wheel drive,0,13.98687917
180,,156,3066.431392,15.8,2022,Asia,Diesel,All-wheel drive,1,14.58237778
150,4,157,3525.554549,16.3,2005,Asia,Gasoline,Front-wheel drive,1,12.28361201
110,5,144,3469.809186,13.5,2013,USA,Gasoline,All-wheel drive,0,12.74946316
150,3,145,3400.255905,,2014,Europe,Gasoline,Front-wheel drive,2,12.63013927
260,8,142,2156.678975,,2003,Asia,Gasoline,All-wheel drive,1,19.09431616
230,2,,2130.421747,12.4,2010,Europe,Gasoline,All-wheel drive,0,19.20581703
140,3,148,3297.958271,19.5,2014,Europe,Gasoline,All-wheel drive,1,13.41525713
220,0,141,2978.82346,14,2019,USA,Gasoline,All-wheel drive,0,15.03384501
160,2,151,2383.237319,14.2,2010,Europe,Gasoline,Front-wheel drive,0,17.97341161
160,2,,2658.308058,15.3,2001,Asia,Diesel,All-wheel drive,0,16.45623915
180,1,138,3490.102882,17,2005,Asia,Diesel,Front-wheel drive,0,12.27190909
190,4,122,3661.335168,12,2017,Asia,Diesel,Front-wheel drive,0,11.64190252
200,9,76,2539.514394,11.8,2002,USA,Gasoline,All-wheel drive,1,16.64086568
240,4,170,1563.132151,18.2,2012,Asia,Gasoline,All-wheel drive,-2,21.19437751
160,4,162,2635.601399,,2000,Europe,Diesel,All-wheel drive,0,16.98124002
140,2,188,3617.538875,18.1,2022,USA,Diesel,All-wheel drive,2,11.82279859
190,6,155,3054.265375,14.1,2004,Europe,Gasoline,All-wheel drive,2,14.91604899
130,4,180,2334.982828,14.9,2021,USA,Gasoline,All-wheel drive,-1,18.5646737
150,2,122,3457.647465,11.9,2009,Asia,Gasoline,Front-wheel drive,-1,12.68625876
210,,123,2582.864261,18.1,2003,USA,Gasoline,All-wheel drive,0,16.65568124
130,2,144,3935.323948,9.7,2009,USA,Diesel,All-wheel drive,0,10.34451671
330,0,70,3375.14496,16.3,2023,Europe,Diesel,All-wheel drive,0,12.25540541
170,6,144,3332.023748,12.2,2012,Europe,Gasoline,Front-wheel drive,1,13.56637293
260,,137,3013.638641,,2015,Europe,Diesel,All-wheel drive,-2,15.22836606
170,1,122,3425.96444,,2016,Europe,Gasoline,Front-wheel drive,0,12.50896684
130,4,123,4480.692111,16.1,2012,Europe,Gasoline,Front-wheel drive,-1,7.192478265
250,6,115,2404.697988,,2014,Europe,Diesel,Front-wheel drive,1,17.38415511
220,8,152,3224.961859,13,2012,Europe,Diesel,All-wheel drive,0,14.66426817
140,2,143,2779.444632,,2002,Europe,Gasoline,Front-wheel drive,1,16.32263457
180,5,182,2457.888684,16.3,2006,Europe,Diesel,All-wheel drive,-1,17.74903333
180,6,163,3528.970819,11.6,2009,USA,Diesel,Front-wheel drive,-1,13.45007282
120,3,180,3179.957514,19.3,2009,USA,Diesel,All-wheel drive,1,13.65328535
210,4,189,3466.011813,13.3,2020,Asia,Diesel,All-wheel drive,1,13.39160096
210,5,156,3155.892912,15.2,2006,Asia,Gasoline,All-wheel drive,-1,13.78250509
290,6,135,3640.298677,11.4,2005,Europe,Gasoline,All-wheel drive,0,12.53636268
210,1,173,4060.256667,11,2000,USA,Diesel,Front-wheel drive,-1,10.52041328
200,6,114,2549.786028,12.9,2014,USA,Diesel,All-wheel drive,0,17.15695744
140,7,136,3361.095581,16.3,2019,Europe,Diesel,Front-wheel drive,1,13.40182908
170,3,150,2650.337759,9.3,2002,USA,Gasoline,Front-wheel drive,-1,17.0295626
260,5,197,3918.361309,14.8,2002,Asia,Gasoline,All-wheel drive,,10.66305222
260,6,207,2639.692336,15.6,2010,USA,Diesel,Front-wheel drive,0,16.8005384
220,6,170,2368.392835,15.2,2019,Asia,Diesel,All-wheel drive,0,17.71654522
240,2,197,2464.678066,15.3,2002,Asia,Diesel,All-wheel drive,-1,18.50762673
170,3,117,3365.249218,12.6,2004,Asia,Diesel,Front-wheel drive,1,12.70724225
210,2,135,2401.953454,18.7,2005,Asia,Gasoline,Front-wheel drive,0,17.45406115
150,3,191,3449.418474,16.8,2021,USA,Gasoline,All-wheel drive,2,13.22244089
190,,152,3173.561905,12.2,2006,Europe,Diesel,Front-wheel drive,-2,15.0508297
230,4,135,2936.90779,15.8,2014,Europe,Diesel,All-wheel drive,1,15.15419802
170,5,55,3676.527881,,2002,Europe,Gasoline,All-wheel drive,0,10.35344534
150,4,,2605.086538,13.8,2016,USA,Diesel,All-wheel drive,1,16.79935256
170,5,156,3440.149875,16.1,2020,Europe,Diesel,Front-wheel drive,0,12.75185277
250,6,174,3890.249178,12.3,2015,Asia,Gasoline,Front-wheel drive,0,11.19206022
130,,193,3769.38315,17.9,2012,Europe,Gasoline,Front-wheel drive,-1,11.53206517
190,5,184,2644.609943,11.2,2002,Europe,Diesel,Front-wheel drive,1,17.78489434
290,2,130,3656.62925,,2023,USA,Diesel,Front-wheel drive,-2,11.60842793
120,5,,3753.273741,15.7,2001,USA,Diesel,All-wheel drive,0,11.43760333
220,3,194,1944.228751,15.9,2002,Asia,Gasoline,Front-wheel drive,-1,20.76093708
270,,88,2487.620747,12.7,2018,Asia,Diesel,All-wheel drive,-2,17.32810699
160,4,168,3404.185919,15.5,2001,Asia,Gasoline,Front-wheel drive,1,12.69258387
210,4,134,2895.557325,13.5,2003,Asia,Diesel,Front-wheel drive,-2,15.1605734
170,4,98,3054.057887,13.4,2007,Europe,Gasoline,Front-wheel drive,1,14.43599175
180,5,97,3528.187864,,2020,Asia,Diesel,Front-wheel drive,1,11.87593463
70,6,179,3765.708128,10.6,2012,Europe,Diesel,Front-wheel drive,-1,12.08880922
230,6,,3158.704893,11.9,2006,Europe,Diesel,All-wheel drive,1,14.35325698
170,2,183,3576.289298,18,2001,Asia,Gasoline,Front-wheel drive,1,11.70060476
250,4,134,3429.914427,10.9,2012,Europe,Diesel,Front-wheel drive,0,13.05105334
260,,183,2493.612393,,2020,Asia,Gasoline,All-wheel drive,-1,17.85112062
210,4,137,3274.398876,15.6,2003,Asia,Diesel,All-wheel drive,1,13.10099802
240,,132,3403.849745,15.2,2015,USA,Gasoline,All-wheel drive,0,13.02063013
230,3,,3726.428981,14,2018,Europe,Diesel,Front-wheel drive,2,11.35409486
180,5,167,3460.444065,13,2005,Europe,Diesel,Front-wheel drive,3,12.47815428
220,3,132,3253.61379,14,2002,USA,Diesel,All-wheel drive,1,13.285273
230,1,180,2568.257683,,2003,USA,Gasoline,All-wheel drive,0,17.21308373
210,3,180,3005.03474,,2002,USA,Diesel,All-wheel drive,,15.52336117
190,1,110,3358.290656,11.5,2010,Europe,Gasoline,Front-wheel drive,1,12.81832101
130,3,170,2975.785223,10.2,2016,USA,Diesel,All-wheel drive,0,14.39858214
170,2,163,2753.824685,18.6,2010,Asia,Diesel,Front-wheel drive,0,15.85987226
180,3,173,2819.343069,12.5,2009,Europe,Gasoline,All-wheel drive,-1,16.30233634
170,4,205,2469.165216,8.4,2019,Asia,Gasoline,All-wheel drive,0,18.13003876
130,4,167,2517.863965,11.8,2013,Europe,Gasoline,All-wheel drive,0,18.11202165
150,5,123,2462.763896,13,2019,Asia,Gasoline,Front-wheel drive,0,18.17775998
210,,138,2672.777265,10.4,2010,USA,Gasoline,All-wheel drive,0,17.55992239
160,3,163,4028.23259,15.4,2007,Europe,Gasoline,All-wheel drive,-1,9.974295881
240,4,152,2571.610357,15,2011,USA,Gasoline,All-wheel drive,1,17.03079926
170,1,143,2111.479381,16.3,2004,USA,Diesel,All-wheel drive,-1,19.25655688
150,8,183,4527.535745,14.8,2019,USA,Diesel,Front-wheel drive,-1,8.630016411
160,4,165,3071.339961,15.1,2008,Europe,Diesel,Front-wheel drive,0,14.8624731
230,7,134,3779.139413,12.9,2006,Asia,Gasoline,Front-wheel drive,0,11.16439256
210,3,130,3374.316111,14.5,2012,USA,Diesel,Front-wheel drive,1,12.76861365
290,1,136,2697.757617,15.3,2006,USA,Diesel,All-wheel drive,0,15.92988924
190,4,120,3538.375659,14.1,2013,USA,Diesel,Front-wheel drive,2,12.49225799
300,3,,2969.90607,,2022,Europe,Gasoline,All-wheel drive,-1,14.43112341
200,5,158,3747.351947,16.1,2011,Asia,Gasoline,All-wheel drive,0,10.60108227
160,5,171,2523.071406,15.1,2017,USA,Gasoline,Front-wheel drive,1,17.7815803
180,5,135,2587.721626,15.2,2005,USA,Gasoline,Front-wheel drive,1,16.23296861
180,7,102,2358.686859,14.7,2007,Asia,Diesel,Front-wheel drive,-1,17.63974933
170,3,141,2964.970639,16.9,2019,USA,Gasoline,All-wheel drive,1,14.48417481
220,2,173,2531.005714,10.9,2011,Asia,Diesel,All-wheel drive,2,18.06185445
120,2,168,3580.705421,16.2,2018,Europe,Diesel,Front-wheel drive,0,12.50439541
230,4,187,3156.50826,13.4,2016,USA,Diesel,Front-wheel drive,,14.5678266
160,4,139,2784.942492,17.3,2011,Asia,Diesel,Front-wheel drive,1,15.65542298
150,6,162,2717.910514,14.8,2017,Asia,Diesel,All-wheel drive,0,16.46581536
270,1,116,3098.535824,,2022,Asia,Gasoline,All-wheel drive,0,14.31536205
120,3,,3512.074515,13.8,2017,USA,Gasoline,All-wheel drive,2,13.32557663
200,1,153,2500.019549,12.8,2004,USA,Diesel,All-wheel drive,2,16.94343168
290,6,185,3486.889342,10,2020,USA,Diesel,All-wheel drive,0,14.16253505
190,5,147,2779.27602,12.3,2009,Asia,Gasoline,Front-wheel drive,0,16.25648517
280,4,157,3182.658748,13.9,2020,Asia,Diesel,All-wheel drive,0,14.01719003
180,2,86,3675.472553,12.1,2007,Asia,Gasoline,Front-wheel drive,1,11.47341718
210,5,145,3092.241797,18,2020,USA,Diesel,Front-wheel drive,0,14.30068035
290,,145,2865.357243,19.2,2006,Asia,Diesel,Front-wheel drive,1,15.65535497
250,4,195,3553.12391,12.3,2002,USA,Gasoline,Front-wheel drive,1,13.17849173
240,5,168,3048.248936,20.2,2002,USA,Diesel,All-wheel drive,2,14.23844843
180,2,162,2496.490226,13.2,2003,Asia,Gasoline,Front-wheel drive,-1,18.63329749
160,2,106,3170.973764,12.5,2009,USA,Diesel,Front-wheel drive,0,13.45353656
190,7,172,3009.852815,13.1,2012,USA,Gasoline,Front-wheel drive,0,15.09943204
270,1,162,3696.114799,14,2006,Asia,Gasoline,All-wheel drive,0,11.36732452
260,6,160,3558.753021,12.5,2016,Europe,Gasoline,Front-wheel drive,0,12.81801173
200,2,204,3103.305783,12.2,2005,Asia,Gasoline,All-wheel drive,1,15.76525772
190,3,150,2403.950977,13.8,2012,Asia,Gasoline,Front-wheel drive,0,18.49183162
130,6,167,2538.914753,17.1,2000,Europe,Diesel,Front-wheel drive,-1,17.09932844
200,5,141,4007.087156,22.6,2016,USA,Gasoline,Front-wheel drive,-2,9.44075692
290,8,148,2934.968303,17,2001,Europe,Gasoline,All-wheel drive,1,14.71832496
200,2,138,2714.869086,17.2,2011,Europe,Diesel,Front-wheel drive,-1,16.21461415
180,7,139,2792.2398,15.1,2022,Asia,Gasoline,All-wheel drive,1,16.42715422
180,1,165,2646.447519,13.5,2021,USA,Diesel,Front-wheel drive,0,16.70174372
210,1,110,3112.291429,17.5,2021,Asia,Gasoline,Front-wheel drive,-1,13.51946869
300,2,,3053.168201,,2012,Asia,Gasoline,Front-wheel drive,-1,14.65690208
160,2,150,3346.138221,14.6,2017,USA,Diesel,Front-wheel drive,1,13.45663293
200,3,161,3081.1167,,2002,USA,Gasoline,Front-wheel drive,0,14.92076221
300,3,95,3753.13861,16.5,2021,USA,Diesel,Front-wheel drive,1,10.56160338
290,3,136,4290.808902,16,2005,Asia,Gasoline,Front-wheel drive,-2,8.755218717
290,5,170,3720.364355,19,2003,USA,Gasoline,Front-wheel drive,1,11.04032224
200,7,162,3214.429163,15.8,2003,USA,Diesel,Front-wheel drive,-1,14.13712319
270,8,132,2976.789024,14.3,2002,USA,Gasoline,Front-wheel drive,1,15.17525279
260,3,153,3237.810212,17.4,2023,Asia,Gasoline,All-wheel drive,0,13.89696025
160,2,149,3549.627657,11.4,2011,USA,Diesel,Front-wheel drive,-1,12.17624595
260,5,167,2855.202739,15.3,2004,Europe,Gasoline,All-wheel drive,0,16.35988927
190,4,,2783.822583,17.4,2012,USA,Gasoline,All-wheel drive,,16.69410771
190,5,222,2999.97709,16.1,2016,Asia,Diesel,Front-wheel drive,-1,15.32015753
140,2,142,2887.166989,19.2,2020,Asia,Gasoline,Front-wheel drive,1,14.58002397
240,4,139,3162.833158,15.6,2006,Asia,Gasoline,All-wheel drive,1,14.41608741
210,8,166,3370.126808,19.8,2014,Asia,Gasoline,Front-wheel drive,1,12.70690615
250,5,154,2952.344411,16.1,2020,Asia,Gasoline,All-wheel drive,,14.80872363
250,3,115,3485.928633,13.5,2007,Asia,Diesel,Front-wheel drive,1,12.42948838
140,3,107,1832.649773,16.5,2012,Asia,Gasoline,All-wheel drive,-1,20.48526967
190,1,123,2956.515668,13.2,2014,USA,Diesel,Front-wheel drive,1,15.17519879
230,5,134,2940.073942,18.8,2007,Europe,Gasoline,All-wheel drive,1,15.10707745
230,7,119,2964.469074,14.4,2020,Europe,Diesel,All-wheel drive,1,15.42636501
140,5,133,2998.391836,19.1,2014,Asia,Diesel,Front-wheel drive,-1,14.77497323
180,5,126,3323.08254,12.2,2020,USA,Gasoline,Front-wheel drive,0,13.34118468
160,9,158,2452.435225,15.9,2009,Europe,Diesel,All-wheel drive,2,17.80863809
310,6,79,2747.648803,15.6,2011,Europe,Gasoline,Front-wheel drive,-1,15.21866992
240,2,161,3143.461058,13.2,2003,Europe,Diesel,All-wheel drive,1,14.54334979
190,5,162,2939.324861,17.2,2018,Asia,Diesel,Front-wheel drive,1,15.13121336
170,4,104,2948.092715,16.7,2017,Asia,Diesel,Front-wheel drive,0,14.19779007
200,6,138,2817.750291,9.7,2004,Asia,Diesel,Front-wheel drive,-1,16.26528706
190,3,200,3187.169925,15.9,2005,Europe,Diesel,All-wheel drive,,14.62743336
240,3,170,2505.354822,14.7,2010,Europe,Gasoline,All-wheel drive,0,17.30812127
100,4,182,3335.458358,8.7,2015,Europe,Diesel,All-wheel drive,0,14.27324604
300,4,113,2223.810154,,2020,Asia,Gasoline,All-wheel drive,0,18.34899639
180,6,161,2974.19807,16.5,2012,USA,Gasoline,All-wheel drive,0,15.20618076
200,,140,2882.580217,11.7,2003,Asia,Gasoline,All-wheel drive,0,16.17271491
140,7,84,2799.808999,16.1,2018,Asia,Diesel,All-wheel drive,0,15.06811932
200,4,182,2439.283046,,2001,Asia,Diesel,All-wheel drive,0,18.14876509
230,6,124,3381.224579,14.5,2000,Asia,Diesel,All-wheel drive,1,12.61621022
150,5,,2510.410896,10,2010,Europe,Gasoline,Front-wheel drive,0,17.16376491
210,3,148,2713.927557,16.7,2004,Europe,Gasoline,All-wheel drive,0,16.50327339
240,6,176,3013.901293,14.1,2016,Asia,Diesel,All-wheel drive,1,14.96573839
240,3,186,2377.637514,14.8,2012,USA,Gasoline,Front-wheel drive,0,18.69214662
230,5,89,1808.567032,15.9,2003,USA,Gasoline,All-wheel drive,1,20.44575203
240,6,181,2627.0449,16.7,2020,USA,Gasoline,All-wheel drive,0,16.84260872
260,5,150,2829.778719,9.9,2022,Europe,Gasoline,All-wheel drive,0,15.93951652
200,5,140,2946.679559,11,2001,Europe,Gasoline,All-wheel drive,0,15.19393373
240,6,174,2925.775631,11.2,2023,Asia,Gasoline,Front-wheel drive,-1,15.80521711
200,3,187,3116.131127,18.1,2011,Europe,Diesel,Front-wheel drive,-1,15.06761986
160,6,186,2324.945666,,2009,USA,Diesel,Front-wheel drive,2,18.17663673
190,5,154,2864.228905,17.6,2016,Europe,Gasoline,Front-wheel drive,-1,14.86644041
180,4,148,3162.118917,13.2,2002,USA,Gasoline,All-wheel drive,-1,14.29105499
220,6,175,2582.605503,12.7,2009,USA,Diesel,All-wheel drive,0,17.72910999
130,2,160,3483.904403,,2016,Europe,Diesel,Front-wheel drive,0,12.18418865
210,0,189,2829.930968,12.1,2004,USA,Gasoline,Front-wheel drive,1,16.11320351
250,4,,3529.631919,13.6,2009,Europe,Diesel,Front-wheel drive,0,12.32729591
280,5,186,3271.890388,15.4,2007,Asia,Diesel,Front-wheel drive,0,14.41919155
240,4,194,2878.383283,11,2002,Asia,Diesel,All-wheel drive,0,16.27555714
280,0,162,3560.603836,18.8,2007,USA,Diesel,All-wheel drive,-1,12.26075394
190,1,159,2800.258444,15.8,2001,USA,Gasoline,All-wheel drive,1,16.06287974
250,2,130,3298.744698,15.9,2020,USA,Diesel,Front-wheel drive,1,13.13201446
190,3,126,3588.016865,14,2019,Asia,Gasoline,All-wheel drive,0,12.01301704
220,3,177,2640.902231,12.2,2008,Europe,Gasoline,Front-wheel drive,-1,16.76969206
170,7,180,3994.583781,15,2013,Asia,Gasoline,Front-wheel drive,1,10.40593588
190,1,138,2652.317222,16.3,2005,Europe,Diesel,Front-wheel drive,-2,16.1484064
160,0,,2918.243443,14,2011,Europe,Diesel,Front-wheel drive,1,16.10402711
170,4,,3679.59497,9.2,2019,Asia,Diesel,All-wheel drive,0,12.66344461
160,7,150,2472.909688,14.8,2019,USA,Gasoline,All-wheel drive,-2,17.64487936
200,3,168,3057.586981,15.2,2006,Europe,Gasoline,Front-wheel drive,0,15.0089444
200,,153,2947.058708,,2007,Asia,Gasoline,All-wheel drive,-1,15.47842521
220,6,200,3852.138941,12.9,2006,Asia,Diesel,All-wheel drive,2,11.75848473
240,5,134,3162.613103,18.7,2008,Europe,Diesel,All-wheel drive,2,12.50704995
190,8,172,3142.843789,17,2021,Europe,Gasoline,Front-wheel drive,-1,14.77300133
160,,161,2107.947182,12.8,2001,USA,Gasoline,All-wheel drive,1,20.41099954
160,3,118,2980.240824,14.9,2002,Asia,Gasoline,Front-wheel drive,0,14.69154835
140,,125,3436.723098,15.5,2022,Asia,Gasoline,All-wheel drive,0,12.15523014
190,6,78,3007.06518,15.2,2019,Europe,Gasoline,Front-wheel drive,-1,14.28844215
190,3,174,2876.854181,16.2,2011,USA,Diesel,All-wheel drive,1,15.79632568
280,3,143,3515.142416,16.2,2004,USA,Gasoline,Front-wheel drive,-1,12.64306587
210,8,134,3051.276086,16.8,2014,Asia,Diesel,All-wheel drive,-2,14.39803359
180,3,188,3852.385765,15.8,2008,Asia,Gasoline,Front-wheel drive,-1,10.72580982
160,2,,2981.866055,18.8,2019,Europe,Gasoline,Front-wheel drive,0,15.30862063
170,5,175,4076.285919,14.9,2007,USA,Gasoline,Front-wheel drive,0,9.429600302
270,3,110,2389.430296,12.4,2007,Europe,Gasoline,Front-wheel drive,-1,17.84538548
250,,204,2439.334928,13.8,2012,USA,Diesel,All-wheel drive,1,18.64997534
260,0,,2954.566443,16.2,2019,Europe,Diesel,All-wheel drive,,15.08356494
210,4,91,3096.394376,9.2,2015,Asia,Diesel,Front-wheel drive,0,14.65125013
280,3,111,2049.405282,15.2,2022,Asia,Diesel,All-wheel drive,-1,19.60352939
130,2,124,2947.793134,17.2,2008,Europe,Gasoline,All-wheel drive,1,15.45723557
180,3,161,2737.812671,14.1,2011,USA,Diesel,All-wheel drive,0,16.87037841
220,5,118,3469.397226,17.9,2014,Europe,Gasoline,All-wheel drive,0,12.11980702
220,6,172,2643.391642,,2020,USA,Gasoline,Front-wheel drive,1,16.91744665
270,2,178,3506.251657,12.3,2000,USA,Diesel,Front-wheel drive,-1,13.18412333
130,4,134,3154.244992,14.8,2019,Asia,Gasoline,All-wheel drive,-1,13.36906919
140,3,100,2408.855367,15.2,2021,Europe,Gasoline,Front-wheel drive,0,17.28685982
210,3,166,2886.09872,19.2,2012,Asia,Diesel,Front-wheel drive,1,15.30582842
140,1,169,2853.409221,11.5,2007,Europe,Gasoline,All-wheel drive,-1,15.89620949
150,3,98,2432.229019,14.5,2006,Asia,Gasoline,All-wheel drive,-1,17.51255524
170,2,179,3012.240565,14.2,2013,Asia,Diesel,Front-wheel drive,1,15.26507148
130,4,152,2484.593696,9.3,2009,Asia,Diesel,Front-wheel drive,-1,18.70794011
230,3,126,2172.602748,17.2,2022,USA,Diesel,Front-wheel drive,2,18.56597988
170,,163,2343.365503,14.7,2003,Europe,Diesel,Front-wheel drive,0,18.53989409
170,1,149,2660.390721,16.9,2004,USA,Diesel,All-wheel drive,,15.94215234
310,2,113,2609.990832,15,2014,USA,Diesel,Front-wheel drive,0,16.72733392
120,2,158,2703.626153,13.6,2004,Asia,Diesel,Front-wheel drive,2,16.41524677
170,6,152,2808.445201,13.6,2008,USA,Gasoline,Front-wheel drive,1,16.47695935
240,4,168,2771.351432,14.4,2019,USA,Gasoline,All-wheel drive,0,16.10138359
150,9,214,4076.839692,16.7,2019,USA,Gasoline,Front-wheel drive,1,10.38343639
150,5,156,3332.202758,20.5,2013,Europe,Diesel,All-wheel drive,0,12.84445915
220,4,152,3388.565844,17,2000,Asia,Diesel,All-wheel drive,0,13.08415028
190,2,174,3313.37711,17.6,2005,USA,Diesel,Front-wheel drive,-1,13.63059458
220,10,90,3568.910896,,2003,Asia,Gasoline,Front-wheel drive,-1,12.12807294
300,2,128,2987.745987,11.9,2023,Europe,Gasoline,All-wheel drive,0,15.10404262
230,5,157,3698.221709,10,2012,USA,Diesel,All-wheel drive,-1,12.33689905
260,1,157,3255.684379,15.6,2020,Asia,Gasoline,All-wheel drive,-1,13.69747493
160,4,170,2933.953927,14.8,2019,USA,Gasoline,Front-wheel drive,-1,15.18165986
220,7,116,4269.659235,9.6,2007,USA,Gasoline,Front-wheel drive,-1,7.962868115
190,3,,2374.098575,9.9,2016,Europe,Diesel,All-wheel drive,0,18.70324657
230,4,160,3500.08229,16.5,2017,USA,Gasoline,Front-wheel drive,-1,13.01776485
200,6,134,3113.620015,17.5,2009,USA,Gasoline,All-wheel drive,0,13.77469327
250,2,140,2356.385246,16.4,2021,USA,Gasoline,Front-wheel drive,0,17.9851926
210,2,161,2489.078215,14.6,2020,Europe,Gasoline,Front-wheel drive,2,17.75914485
200,6,147,3146.132624,14.5,2001,Asia,Diesel,All-wheel drive,2,14.02370726
110,3,154,3017.152412,11.6,2001,USA,Diesel,All-wheel drive,0,15.54000211
240,3,135,3652.715971,13.2,2003,Europe,Gasoline,Front-wheel drive,1,11.65944586
150,,142,3648.772878,11.6,2009,USA,Gasoline,Front-wheel drive,-1,11.54412142
160,2,164,2465.496525,13,2015,Asia,Diesel,Front-wheel drive,0,18.33846042
270,1,152,2695.135472,14.5,2021,Europe,Diesel,Front-wheel drive,0,16.76210579
180,2,129,2757.646476,16.8,2021,Europe,Gasoline,Front-wheel drive,0,15.10220124
170,4,131,2761.359465,16.7,2000,Asia,Diesel,All-wheel drive,-1,15.77746651
270,4,,2819.061307,15.6,2016,USA,Gasoline,All-wheel drive,1,16.3713324
270,7,156,2949.157064,15.7,2008,USA,Diesel,Front-wheel drive,0,15.07838782
190,3,152,2535.686548,15.9,2015,Europe,Diesel,All-wheel drive,1,16.685753
130,2,,3239.270226,18.7,2017,Europe,Diesel,All-wheel drive,1,12.99364096
170,1,64,2862.504422,15.5,2002,Asia,Gasoline,All-wheel drive,1,14.71140437
180,3,103,2368.415653,18,2007,USA,Gasoline,All-wheel drive,-1,16.95280586
130,3,154,3272.473239,19.4,2001,Europe,Diesel,All-wheel drive,1,13.32794777
190,3,159,1890.303438,12.4,2018,USA,Gasoline,All-wheel drive,0,20.42510922
190,4,130,3155.621905,15,2018,Asia,Gasoline,All-wheel drive,0,13.84621806
130,4,124,1993.044305,13.3,2020,USA,Diesel,All-wheel drive,0,20.10056896
210,4,134,3097.439137,14.2,2004,USA,Gasoline,Front-wheel drive,-1,14.17293935
160,3,167,2052.615693,10.2,2010,USA,Diesel,Front-wheel drive,0,20.35396342
280,10,116,3275.096956,15.8,2012,Asia,Diesel,Front-wheel drive,0,13.28367426
180,4,151,2969.351217,,2022,USA,Gasoline,Front-wheel drive,2,15.32523018
260,4,96,2017.065843,15,2006,Europe,Gasoline,Front-wheel drive,0,19.74652871
210,4,103,3818.189411,,2004,Asia,Diesel,Front-wheel drive,0,11.43839743
260,,146,2606.771136,14.4,2010,Europe,Gasoline,Front-wheel drive,0,17.13117969
220,,108,3410.281792,17.3,2021,Europe,Diesel,All-wheel drive,1,12.75023582
180,4,132,2462.083374,16.1,2015,Asia,Gasoline,All-wheel drive,0,17.56529388
220,3,113,3385.411913,19.4,2012,Asia,Gasoline,All-wheel drive,1,12.54023533
230,5,166,3144.759247,14.4,2020,Europe,Diesel,All-wheel drive,1,14.39258097
230,3,166,3646.538973,13.3,2016,Asia,Diesel,Front-wheel drive,,12.19004037
210,5,154,3200.713154,18,2008,Europe,Diesel,All-wheel drive,-1,13.8776129
70,,135,3095.523514,,2021,Europe,Diesel,All-wheel drive,0,14.30429654
240,3,129,2043.157633,16.3,2002,Europe,Gasoline,All-wheel drive,-1,19.31072474
250,4,163,2924.371024,12.3,2012,Europe,Diesel,All-wheel drive,1,15.77776574
200,2,216,2960.574419,17.1,2021,USA,Diesel,All-wheel drive,-2,15.72035462
260,3,180,2726.94408,16.7,2015,Asia,Gasoline,All-wheel drive,-1,16.51466673
230,4,129,2322.225539,10.3,2014,Europe,Gasoline,All-wheel drive,-1,18.63744927
200,2,89,4013.22532,18,2018,Asia,Diesel,Front-wheel drive,0,8.677107511
160,0,,2425.102408,14,2022,Europe,Gasoline,Front-wheel drive,1,17.53049995
140,8,160,3192.653673,18.6,2015,Europe,Diesel,All-wheel drive,0,13.56464083
160,3,148,3316.160814,14.8,2007,Europe,Gasoline,All-wheel drive,0,13.21703751
240,2,143,3249.569577,15.2,2016,Asia,Gasoline,All-wheel drive,1,13.90028548
130,5,194,3570.144338,11.9,2021,USA,Diesel,All-wheel drive,1,13.0552561
260,3,141,2168.52431,16.2,2021,Asia,Diesel,Front-wheel drive,2,18.69772713
200,6,167,3658.583215,14.3,2003,Europe,Gasoline,All-wheel drive,,11.90670853
200,1,166,3137.715173,14.4,2004,Europe,Gasoline,All-wheel drive,0,15.27516491
160,2,177,3582.29414,17.4,2009,USA,Diesel,All-wheel drive,0,12.39763111
210,4,80,3568.342916,22,2019,Asia,Gasoline,Front-wheel drive,-2,10.07684931
270,3,176,3244.00078,11.7,2015,Asia,Gasoline,Front-wheel drive,1,14.48514168
190,4,182,3102.92409,16.5,2000,USA,Diesel,All-wheel drive,1,14.27867616
280,3,167,2594.513839,19.3,2007,USA,Diesel,All-wheel drive,1,17.41313715
200,5,211,2821.42452,13.2,2008,Asia,Diesel,All-wheel drive,-1,17.24259113
140,2,147,3182.040278,17.7,2016,Asia,Diesel,Front-wheel drive,0,14.07046762
240,6,194,2609.834801,12,2015,Asia,Gasoline,Front-wheel drive,-1,17.80560995
220,4,153,2909.318924,18.7,2016,Europe,Gasoline,All-wheel drive,0,15.04159974
270,5,159,3434.537701,,2011,Europe,Gasoline,All-wheel drive,0,13.15009359
210,8,117,2907.025247,15.6,2018,Asia,Gasoline,All-wheel drive,-1,15.94415689
150,3,,2895.278745,15,2003,Asia,Gasoline,All-wheel drive,0,16.0478192
220,6,133,2414.069675,14.5,2012,Asia,Gasoline,All-wheel drive,0,17.78081154
170,6,159,3895.489481,16.3,2008,Asia,Gasoline,All-wheel drive,-1,10.42616263
190,7,143,3252.987296,13.7,2001,Europe,Gasoline,All-wheel drive,0,13.57901796
220,5,125,2334.149627,11.9,2008,Asia,Gasoline,All-wheel drive,0,17.98498991
240,5,122,3287.858547,16.2,2023,USA,Gasoline,Front-wheel drive,1,13.02344288
190,,137,2541.972497,12.8,2006,Asia,Gasoline,All-wheel drive,,17.08667705
270,3,109,2618.977647,17.9,2004,USA,Diesel,Front-wheel drive,1,16.3773838
110,4,,3040.541038,14.4,2022,USA,Gasoline,All-wheel drive,0,14.23299247
200,6,88,2370.300137,,2011,Asia,Gasoline,Front-wheel drive,,17.57909062
100,9,139,3014.878429,17.2,2001,USA,Gasoline,All-wheel drive,-1,14.84851628
230,7,145,3083.90068,17.1,2014,USA,Gasoline,Front-wheel drive,0,13.73398404
240,2,159,3576.214732,12.2,2020,USA,Diesel,Front-wheel drive,0,12.57174949
160,2,136,3581.564639,15.7,2008,USA,Diesel,Front-wheel drive,1,11.73095606
240,8,143,3332.176453,16.7,2023,Asia,Diesel,All-wheel drive,0,13.16308816
110,4,128,3833.214164,11.4,2014,USA,Diesel,All-wheel drive,0,10.90367023
300,,,3260.519322,14.7,2005,Europe,Diesel,Front-wheel drive,2,13.72235237
200,3,184,2952.546806,,2020,Asia,Diesel,Front-wheel drive,-2,14.95467169
200,3,83,2794.270459,16,2022,Europe,Diesel,Front-wheel drive,1,15.11003098
210,0,112,3163.453512,15.4,2016,Europe,Diesel,All-wheel drive,0,14.03197119
200,6,100,3543.135692,15.4,2004,USA,Gasoline,Front-wheel drive,,11.08764979
240,6,180,3670.065682,15.1,2010,Asia,Gasoline,All-wheel drive,0,11.84719284
180,2,165,3451.614818,20.6,2015,USA,Gasoline,All-wheel drive,-1,11.67778744
160,6,102,3283.159797,18.4,2013,Asia,Diesel,Front-wheel drive,2,12.70054769
190,5,173,2829.862744,13.3,2017,USA,Gasoline,All-wheel drive,0,16.23085312
180,0,132,3736.204748,17.9,2018,Europe,Gasoline,Front-wheel drive,1,11.04976859
140,4,152,3188.422789,11.7,2015,Europe,Diesel,All-wheel drive,0,14.68591329
150,5,133,1723.827752,16.8,2019,Europe,Gasoline,All-wheel drive,0,20.90835285
170,2,118,3615.727885,11.6,2013,Europe,Gasoline,All-wheel drive,0,12.09432025
200,3,142,2807.085768,15,2017,Asia,Diesel,Front-wheel drive,1,15.93774582
270,1,144,2931.226481,11.9,2018,USA,Diesel,All-wheel drive,0,16.54710653
130,2,,2867.463799,,2003,Europe,Gasoline,All-wheel drive,0,15.59805887
270,,158,3290.137037,17.5,2013,Asia,Gasoline,All-wheel drive,-1,13.14448947
160,,151,3533.214977,16.7,2000,Asia,Gasoline,All-wheel drive,-1,12.1933293
220,8,121,2607.956512,18.8,2008,USA,Gasoline,All-wheel drive,0,16.62947182
240,2,160,3219.331666,15.7,2012,Asia,Diesel,Front-wheel drive,-1,13.42428708
190,5,136,3339.868828,16.7,2001,Asia,Gasoline,Front-wheel drive,0,12.25276909
110,4,133,2255.487013,12.3,2011,Asia,Diesel,Front-wheel drive,-1,18.7573346
170,1,123,3277.023671,16.5,2016,Europe,Gasoline,All-wheel drive,-1,12.95870597
160,3,181,3298.421798,17.8,2018,USA,Gasoline,All-wheel drive,-1,13.76603204
190,1,,3020.304909,15.7,2005,Europe,Diesel,All-wheel drive,0,15.43103469
170,2,144,2198.747598,12.2,2007,USA,Diesel,Front-wheel drive,-2,19.81881774
200,4,126,2884.484305,,2014,Europe,Diesel,All-wheel drive,-2,14.98113499
150,2,127,2307.39642,16.5,2017,Europe,Gasoline,Front-wheel drive,0,18.64591177
210,2,188,1738.846509,18.4,2015,Europe,Gasoline,All-wheel drive,0,21.61496064
150,4,174,2656.41992,15.8,2010,USA,Gasoline,All-wheel drive,1,17.48346307
180,6,163,3215.291004,13.6,2008,Europe,Diesel,All-wheel drive,-1,14.39770748
200,3,141,2461.203191,,2001,USA,Diesel,Front-wheel drive,1,17.5032015
230,5,145,3163.184606,13.4,2011,Europe,Diesel,Front-wheel drive,2,14.06250713
250,4,,3097.934444,13.8,2003,Europe,Gasoline,Front-wheel drive,-1,15.01966188
210,1,176,2486.253478,14.4,2008,Europe,Gasoline,All-wheel drive,0,17.92967963
160,3,172,3636.244723,13.4,2022,USA,Gasoline,Front-wheel drive,0,11.46519626
260,2,138,2785.537258,15.7,2011,Asia,Diesel,Front-wheel drive,-1,16.06339938
250,5,127,2598.961703,11.5,2020,Asia,Gasoline,Front-wheel drive,0,17.00891328
220,6,149,2823.234584,14.2,2001,USA,Gasoline,Front-wheel drive,-1,15.87995697
220,3,205,2814.03946,17.8,2013,Europe,Diesel,All-wheel drive,0,15.7844394
100,4,133,2301.859656,19,2014,Asia,Diesel,All-wheel drive,-2,17.5521488
180,4,191,2594.910409,16.5,2005,Asia,Diesel,Front-wheel drive,-2,17.37078038
220,3,,2826.84005,14.7,2006,Asia,Diesel,Front-wheel drive,-2,15.55265329
330,4,175,3491.459607,12.8,2014,Europe,Gasoline,Front-wheel drive,0,13.09449676
210,3,182,3152.82521,,2021,USA,Gasoline,Front-wheel drive,1,13.65985831
220,4,158,4264.563248,15.7,2016,USA,Diesel,Front-wheel drive,1,9.028015795
220,6,159,3772.201838,13.7,2019,Europe,Gasoline,Front-wheel drive,0,10.77554205
210,3,154,2699.790514,21.8,2008,USA,Diesel,Front-wheel drive,0,15.52312667
310,2,186,3047.432567,13.9,2011,USA,Gasoline,All-wheel drive,-1,16.05395812
330,5,123,3136.000674,9.3,2010,Europe,Diesel,All-wheel drive,,15.31290185
110,5,143,3094.607758,15.6,2013,USA,Diesel,All-wheel drive,0,13.86936788
240,3,154,3060.997625,16.2,2011,Europe,Diesel,All-wheel drive,0,14.5065392
210,,152,3747.467392,13.7,2021,USA,Gasoline,Front-wheel drive,1,11.74844072
180,9,108,3010.381161,16.4,2009,Asia,Gasoline,Front-wheel drive,0,14.61301098
260,5,172,3171.596526,14.6,2008,USA,Gasoline,All-wheel drive,-1,14.50677311
270,1,139,3543.367159,,2014,USA,Diesel,All-wheel drive,0,12.13706515
150,7,193,2106.627726,16,2013,Asia,Diesel,Front-wheel drive,0,19.11641949
170,6,157,2732.375263,10.7,2010,Asia,Gasoline,Front-wheel drive,0,16.63234147
140,6,189,2164.613862,15.5,2008,Europe,Gasoline,All-wheel drive,1,20.15756324
210,5,114,2997.415861,14.7,2001,USA,Diesel,All-wheel drive,-2,14.47106612
140,5,152,3263.65896,15.3,2015,Europe,Gasoline,All-wheel drive,-1,13.48160945
190,4,147,2348.797557,14.1,2006,Europe,Diesel,Front-wheel drive,1,18.3813112
120,5,,3246.935189,12.6,2004,Europe,Diesel,Front-wheel drive,1,14.3284022
260,7,122,2503.931493,14.6,2003,USA,Diesel,Front-wheel drive,0,17.17484483
90,7,127,3833.782237,10.7,2016,USA,Diesel,Front-wheel drive,-1,11.61029948
260,5,138,2488.734716,13,2014,Asia,Gasoline,All-wheel drive,-1,17.64448701
240,3,136,3155.465544,13.5,2002,Asia,Diesel,All-wheel drive,0,14.58811001
270,4,122,3796.287647,13.8,2006,USA,Gasoline,Front-wheel drive,-1,10.49576594
180,5,,3134.589024,16.6,2010,Asia,Gasoline,Front-wheel drive,0,13.85289469
180,4,135,3503.968841,8.1,2020,USA,Diesel,All-wheel drive,-1,13.35759475
210,4,119,2466.888692,14.8,2016,Europe,Gasoline,Front-wheel drive,-1,16.70913436
140,6,191,3625.169876,15.1,2003,Asia,Gasoline,Front-wheel drive,1,11.64093944
240,5,119,2716.656907,18,2011,Asia,Gasoline,Front-wheel drive,0,15.56771861
190,7,216,3213.81238,12.5,2011,Asia,Gasoline,All-wheel drive,1,15.09513818
280,9,111,2930.706834,16.9,2008,USA,Diesel,Front-wheel drive,2,13.93099831
250,3,179,3934.67803,16.1,2006,Europe,Diesel,All-wheel drive,1,10.55482517
140,4,97,3192.130244,,2013,Asia,Gasoline,All-wheel drive,0,12.44852729
150,1,157,3143.683782,15.7,2017,USA,Gasoline,Front-wheel drive,-1,14.40014493
180,3,210,2584.539341,15.7,2004,Asia,Diesel,All-wheel drive,,17.9803164
170,4,112,2070.697014,14.1,2023,Europe,Diesel,Front-wheel drive,1,19.2595941
220,4,142,3496.335636,13.2,2005,Europe,Gasoline,All-wheel drive,-1,12.19824003
180,2,101,2618.48776,18.5,2019,Asia,Diesel,Front-wheel drive,-1,15.94993048
290,0,,2608.125856,,2006,Europe,Gasoline,All-wheel drive,1,16.98465054
210,5,157,3117.197667,,2012,Europe,Diesel,Front-wheel drive,-1,14.26860662
170,5,163,4032.337352,19.4,2008,Asia,Diesel,All-wheel drive,0,9.727918526
240,10,163,3125.201021,14.8,2014,Europe,Diesel,All-wheel drive,,14.75177318
210,4,95,2866.406485,11.4,2010,Asia,Gasoline,All-wheel drive,1,15.92801119
180,5,137,3284.557401,13.6,2001,Asia,Gasoline,All-wheel drive,1,14.15210711
150,4,103,3534.453368,20.6,2003,USA,Gasoline,Front-wheel drive,-1,10.79723245
230,5,128,3118.400964,16.5,2004,Europe,Gasoline,All-wheel drive,0,13.06345463
200,5,213,2429.400643,16,2020,USA,Diesel,Front-wheel drive,,18.73735745
180,,123,2875.191411,13.6,2012,Asia,Gasoline,Front-wheel drive,-1,15.70900617
210,4,172,2621.343292,19.9,2014,Europe,Diesel,Front-wheel drive,0,17.02448434
150,6,147,3617.599231,17.7,2018,USA,Diesel,Front-wheel drive,-1,11.93235085
210,9,147,3328.10528,16.5,2022,Asia,Gasoline,Front-wheel drive,0,13.65590037
100,4,170,3385.512752,13.6,2021,USA,Diesel,Front-wheel drive,,13.6663659
170,4,150,3223.142218,12.6,2002,USA,Diesel,All-wheel drive,-1,14.50626131
160,7,106,3447.143362,16.8,2016,USA,Gasoline,Front-wheel drive,-2,12.75368871
160,4,148,3339.022146,,2021,Asia,Diesel,All-wheel drive,-1,13.5187017
190,1,161,2760.961659,15.9,2013,Asia,Diesel,All-wheel drive,-1,16.56031936
180,7,163,3490.926815,15.2,2008,Europe,Diesel,All-wheel drive,-3,12.5438445
200,6,,2735.981597,,2005,USA,Gasoline,Front-wheel drive,1,16.06032145
170,5,,2458.136178,17.3,2010,USA,Diesel,All-wheel drive,0,17.65828367
280,8,205,2386.9406,13.1,2022,Europe,Gasoline,Front-wheel drive,-2,19.06004156
90,4,154,4071.505102,,2022,Asia,Gasoline,Front-wheel drive,1,10.76118176
250,5,152,3318.389848,13.4,2018,Europe,Gasoline,Front-wheel drive,-2,13.5809758
110,2,171,3147.075682,14.9,2009,USA,Diesel,All-wheel drive,1,15.20114874
120,5,136,3378.29717,14.8,2020,Asia,Diesel,All-wheel drive,0,12.90341369
140,6,142,3823.001623,11.7,2006,Europe,Diesel,Front-wheel drive,-1,11.28716075
250,4,141,4321.391307,,2021,USA,Diesel,Front-wheel drive,0,8.256132943
190,3,,2135.088656,19.5,2022,USA,Diesel,Front-wheel drive,0,17.96773878
220,6,141,2540.137151,12.3,2008,Asia,Gasoline,Front-wheel drive,0,17.3082669
170,3,,2870.203501,11,2018,Asia,Diesel,Front-wheel drive,1,15.7562183
250,1,161,2607.748656,14.7,2018,USA,Gasoline,All-wheel drive,1,17.12075079
200,5,171,2300.587423,14.8,2006,USA,Diesel,All-wheel drive,-1,19.29790175
210,2,182,2509.775321,17.1,2011,Europe,Diesel,All-wheel drive,,17.24869725
240,,169,2806.766498,15.8,2022,Europe,Diesel,Front-wheel drive,1,15.97541589
210,5,152,3062.570464,13.6,2021,USA,Diesel,Front-wheel drive,0,14.48403154
130,2,121,2602.143159,15.1,2016,USA,Diesel,Front-wheel drive,,16.45621703
210,2,154,2834.273781,11.7,2013,USA,Diesel,Front-wheel drive,-1,15.3566797
220,4,143,3292.342856,17.4,2015,USA,Diesel,All-wheel drive,0,13.51157389
40,6,194,3703.070061,12.6,2004,Europe,Gasoline,Front-wheel drive,1,12.59444606
160,3,115,2519.320115,9.7,2006,USA,Gasoline,All-wheel drive,-1,17.66958803
150,4,165,3090.794052,18.3,2001,Europe,Gasoline,All-wheel drive,1,14.08967428
200,3,140,3123.065932,15.4,2009,USA,Diesel,Front-wheel drive,0,13.89013742
200,2,117,3550.190465,18.5,2013,Europe,Gasoline,Front-wheel drive,0,12.03456306
250,2,164,2895.955006,12.4,2010,Europe,Diesel,Front-wheel drive,1,15.37547912
320,4,174,3596.820352,,2014,Europe,Diesel,All-wheel drive,0,12.67438273
190,4,172,3342.696867,,2022,Europe,Diesel,All-wheel drive,2,13.69590058
160,4,,3300.30813,19.2,2011,USA,Diesel,All-wheel drive,-1,12.55238442
140,4,114,2760.983017,15.3,2018,Europe,Gasoline,All-wheel drive,2,15.94708637
280,1,160,3684.548385,16.5,2001,USA,Gasoline,Front-wheel drive,0,11.71239503
130,5,151,2385.383546,14.3,2005,USA,Gasoline,All-wheel drive,-1,18.15691995
220,6,,3016.863799,13.3,2017,Europe,Diesel,Front-wheel drive,-2,15.23934372
210,2,124,3617.845248,,2002,Europe,Diesel,All-wheel drive,0,11.53565043
200,13,176,3027.440317,16.2,2023,Europe,Gasoline,All-wheel drive,1,15.07940763
180,3,157,2957.449384,16.6,2014,USA,Diesel,All-wheel drive,-2,15.11935327
260,3,155,3677.055474,21.1,2005,Europe,Diesel,Front-wheel drive,0,10.93523224
250,4,150,2985.70463,,2022,USA,Gasoline,Front-wheel drive,-1,15.21527037
210,6,121,2246.982636,,2003,USA,Diesel,All-wheel drive,2,19.34707278
250,2,118,1947.765839,,2009,Europe,Diesel,Front-wheel drive,2,19.82609854
260,5,135,3039.283943,10.9,2003,Asia,Diesel,All-wheel drive,-1,15.58719899
220,0,149,3823.513418,18.4,2015,Europe,Gasoline,Front-wheel drive,0,10.10143749
210,6,,4199.036857,13.7,2003,Asia,Diesel,All-wheel drive,-2,9.959680594
210,1,148,3177.756011,12.7,2010,Europe,Diesel,Front-wheel drive,0,14.31043019
220,6,158,3310.033039,14.5,2003,USA,Gasoline,All-wheel drive,-1,13.07771526
200,3,178,3009.322521,13.3,2005,Europe,Diesel,Front-wheel drive,-1,15.41370184
130,4,115,2947.80888,,2011,Asia,Gasoline,Front-wheel drive,,14.02380524
180,6,136,3262.087887,15.8,2019,USA,Diesel,All-wheel drive,-3,13.12192262
200,8,123,3124.375516,19.3,2004,Europe,Gasoline,All-wheel drive,0,13.37518896
240,3,114,3322.618216,17.1,2007,Asia,Gasoline,All-wheel drive,2,12.78983567
200,4,166,3758.578244,15.1,2013,Asia,Gasoline,Front-wheel drive,0,11.23535385
200,3,180,3580.29281,14.8,2015,USA,Diesel,All-wheel drive,1,13.03747911
210,4,158,2587.228238,12.4,2017,Europe,Gasoline,All-wheel drive,0,17.95066289
250,4,85,3506.276343,14.8,2019,Europe,Diesel,All-wheel drive,1,12.23375864
170,3,150,2801.998639,21.8,2021,USA,Gasoline,Front-wheel drive,1,15.08473939
220,3,171,2538.050337,14,2009,Europe,Gasoline,Front-wheel drive,1,17.04328277
120,2,152,2809.193188,14.1,2015,Asia,Gasoline,All-wheel drive,2,15.39809386
160,7,152,3728.950381,14.2,2023,Europe,Diesel,All-wheel drive,0,11.5619297
170,2,162,3427.058109,20.2,2017,Europe,Gasoline,Front-wheel drive,0,12.68236714
180,12,126,2428.00227,8.5,2011,Europe,Gasoline,Front-wheel drive,-1,18.11769736
200,4,127,3685.490388,14.6,2014,Europe,Diesel,Front-wheel drive,1,11.80865934
180,4,139,2150.867054,16.8,2012,USA,Gasoline,Front-wheel drive,0,18.98744314
190,4,106,2605.792739,14.3,2022,USA,Gasoline,Front-wheel drive,-1,16.1547072
180,5,160,3803.4595,22.7,2022,Europe,Gasoline,All-wheel drive,0,10.10353502
220,3,159,2889.95706,14.3,2006,Europe,Diesel,Front-wheel drive,0,15.53544727
280,,141,2905.131463,13.4,2003,Europe,Gasoline,Front-wheel drive,0,15.24766546
210,8,141,2642.09865,11.5,2012,USA,Gasoline,Front-wheel drive,,17.39076199
130,5,198,2262.341351,17.5,2008,Asia,Diesel,Front-wheel drive,-2,18.65500065
190,3,127,2554.237176,15.9,2004,Asia,Diesel,All-wheel drive,1,16.44344738
250,5,197,3278.635511,15.7,2000,Asia,Gasoline,Front-wheel drive,-1,14.40102145
240,4,82,3067.165854,15.8,2016,Europe,Diesel,All-wheel drive,0,14.23031948
80,3,,3336.170353,17.2,2009,Europe,Gasoline,All-wheel drive,-1,13.56314434
130,6,244,2896.701173,,2013,Asia,Gasoline,Front-wheel drive,1,16.06971203
190,6,121,3739.121471,10.2,2019,Asia,Diesel,Front-wheel drive,1,10.81179611
90,5,155,3174.492706,19.1,2005,Europe,Gasoline,All-wheel drive,-2,14.06681366
260,8,153,2581.12342,14.7,2007,Europe,Gasoline,All-wheel drive,1,16.47113555
250,2,213,3394.590501,10.1,2018,Europe,Diesel,All-wheel drive,-1,13.82643232
210,3,142,2440.034914,,2021,USA,Gasoline,All-wheel drive,1,17.82699508
170,4,,3326.128788,15.5,2003,Europe,Gasoline,All-wheel drive,0,12.14373545
260,5,183,3001.216097,18.1,2006,Europe,Diesel,Front-wheel drive,0,14.44125256
210,6,194,3256.531716,12.4,2002,USA,Gasoline,All-wheel drive,,14.15722549
250,1,155,3566.609646,15,2012,Asia,Gasoline,Front-wheel drive,,12.44162393
270,3,76,3357.007458,18.1,2022,Asia,Diesel,Front-wheel drive,2,11.66397602
160,4,,2653.377736,17.9,2010,Europe,Gasoline,All-wheel drive,0,16.81971627
210,5,160,2297.741232,,2021,USA,Diesel,All-wheel drive,1,18.66358671
240,5,105,3359.724221,11.3,2018,USA,Gasoline,Front-wheel drive,0,12.9596515
70,3,158,3752.099308,11.7,2012,USA,Diesel,Front-wheel drive,0,11.96837959
110,7,145,3454.743091,16.3,2019,USA,Gasoline,Front-wheel drive,1,12.6215474
220,4,119,2339.848827,11.7,2016,USA,Gasoline,All-wheel drive,1,18.31503031
290,3,133,3396.938768,15.6,2011,Europe,Gasoline,All-wheel drive,-1,13.06837842
210,4,62,3332.463479,17.1,2005,Europe,Diesel,All-wheel drive,2,11.85279941
150,3,168,2396.034402,14.4,2014,Europe,Diesel,All-wheel drive,-2,17.88881767
170,4,192,2646.649492,15.8,2009,USA,Diesel,All-wheel drive,2,16.81696672
250,2,104,2618.450006,16.7,2014,Asia,Gasoline,Front-wheel drive,-1,16.98204075
200,1,149,2832.582943,19.4,2010,USA,Gasoline,Front-wheel drive,0,15.10354033
170,3,89,3160.301835,15.5,2015,USA,Diesel,Front-wheel drive,1,14.02349335
150,4,131,3721.999887,16.4,2020,Europe,Diesel,All-wheel drive,-1,10.2562669
110,2,110,3344.203947,15,2008,USA,Gasoline,All-wheel drive,,12.7635002
160,1,,3018.996384,16.1,2019,USA,Gasoline,Front-wheel drive,-1,15.3092404
190,2,,4124.490954,14.1,2000,Europe,Diesel,Front-wheel drive,1,10.41104589
130,4,188,3465.727676,13.7,2022,Asia,Gasoline,Front-wheel drive,1,12.90583811
130,5,123,2669.91733,15.4,2019,Europe,Gasoline,All-wheel drive,0,16.52378451
200,8,,3695.38787,15.9,2022,Asia,Gasoline,All-wheel drive,1,11.02549189
250,9,154,4035.83484,13.5,2012,Asia,Diesel,All-wheel drive,0,9.959838788
200,2,100,2421.706291,8.4,2001,Europe,Diesel,All-wheel drive,1,18.33684001
200,,210,2997.720637,14.8,2015,Asia,Gasoline,Front-wheel drive,1,15.96330623
180,6,120,3333.102118,16.5,2013,USA,Gasoline,All-wheel drive,1,13.26401314
200,1,89,4025.121017,17.2,2012,Asia,Diesel,All-wheel drive,-1,8.797062197
130,,105,2868.885511,17.1,2023,Europe,Diesel,Front-wheel drive,1,14.80468874
190,,89,3093.216453,14.2,2007,Asia,Gasoline,All-wheel drive,0,13.8749411
250,4,63,2915.644435,11.1,2006,Asia,Diesel,All-wheel drive,-1,14.61569833
260,3,165,2511.186031,14.1,2008,Europe,Gasoline,All-wheel drive,0,17.87425323
150,3,99,2747.322314,13.1,2006,Europe,Diesel,All-wheel drive,0,15.98479775
270,3,169,2807.019084,12.4,2011,Asia,Diesel,Front-wheel drive,-1,16.06113211
220,4,,2691.599486,10.9,2022,Europe,Gasoline,Front-wheel drive,1,17.13949537
230,4,93,3326.540801,16.4,2004,USA,Diesel,All-wheel drive,0,12.71774482
190,8,73,2382.740761,9.5,2003,USA,Gasoline,All-wheel drive,0,17.92533266
180,4,106,3430.057442,16,2014,Europe,Diesel,Front-wheel drive,2,11.95090493
190,2,123,3216.136021,16.7,2020,Asia,Diesel,Front-wheel drive,-1,14.05283519
210,2,166,3908.834659,15.5,2005,USA,Diesel,All-wheel drive,1,10.10107545
230,5,113,2442.339165,15.2,2011,USA,Diesel,All-wheel drive,0,17.75942782
230,6,178,2641.726394,10.5,2014,USA,Diesel,Front-wheel drive,-3,17.4385268
220,5,145,2915.992979,10.9,2001,USA,Gasoline,All-wheel drive,0,15.11919618
230,6,158,3003.88638,13.2,2006,USA,Diesel,All-wheel drive,-1,15.50993286
120,,90,2495.500136,19.4,2001,USA,Diesel,Front-wheel drive,2,16.09570347
190,2,117,2528.918348,17.1,2021,USA,Diesel,Front-wheel drive,0,16.83194623
150,6,141,3501.103217,12.1,2004,Europe,Diesel,All-wheel drive,-1,12.82644153
320,2,117,3160.729209,15.5,2002,Europe,Diesel,Front-wheel drive,-1,13.13722587
250,3,148,3475.642706,12.6,2016,Europe,Diesel,All-wheel drive,-1,12.65482691
240,4,220,3306.895131,17.9,2014,USA,Gasoline,All-wheel drive,0,13.76453981
220,5,128,3263.767176,16.3,2018,Asia,Diesel,Front-wheel drive,-2,13.47530526
220,3,146,3786.195367,14.9,2015,Asia,Diesel,Front-wheel drive,,11.44791437
220,5,131,2787.420526,13.9,2011,USA,Diesel,All-wheel drive,1,16.10555655
160,2,144,2887.463889,,2005,Europe,Gasoline,All-wheel drive,0,15.27503211
210,1,138,2588.313722,13.2,2009,Europe,Gasoline,All-wheel drive,-2,17.43789007
110,,172,3104.800153,15.6,2012,Asia,Gasoline,All-wheel drive,1,14.54534836
180,2,175,2775.381743,14,2014,Europe,Gasoline,Front-wheel drive,-1,15.93165683
170,3,127,3691.885244,12.5,2014,Asia,Diesel,Front-wheel drive,2,12.01051803
100,3,145,3457.535798,15.9,2008,Europe,Diesel,All-wheel drive,0,13.09335707
190,3,202,3440.589828,12.9,2013,Asia,Diesel,All-wheel drive,-3,13.66462376
170,2,192,3567.049182,16.1,2016,USA,Gasoline,All-wheel drive,2,12.00170131
220,3,92,2827.730162,12.8,2017,USA,Diesel,Front-wheel drive,0,15.37840142
130,2,,2713.375132,13.4,2020,USA,Diesel,Front-wheel drive,2,15.81421064
270,10,116,2396.968648,14.7,2017,Europe,Diesel,All-wheel drive,1,18.04826024
240,5,,2828.991796,15.8,2021,USA,Diesel,All-wheel drive,0,15.30404267
140,6,138,2718.422805,17.9,2018,Asia,Diesel,Front-wheel drive,-1,15.69189992
260,,127,3245.7208,,2011,Asia,Diesel,All-wheel drive,-1,13.61276456
180,6,81,2384.844206,12.1,2012,USA,Diesel,All-wheel drive,-1,17.8946398
260,0,131,2219.157659,19.2,2003,USA,Gasoline,Front-wheel drive,1,17.61904607
150,11,183,3330.402719,15.7,2015,USA,Diesel,Front-wheel drive,1,13.84215137
220,12,143,2870.762003,13.1,2010,Europe,Diesel,Front-wheel drive,1,15.01535312
200,6,,3096.862813,13.4,2015,Asia,Diesel,Front-wheel drive,1,15.8210929
190,3,102,3431.424616,13.5,2021,USA,Gasoline,All-wheel drive,1,12.64389446
220,3,96,2320.872376,14.9,2011,Europe,Gasoline,All-wheel drive,0,17.5797364
230,4,83,3218.20645,14.9,2014,USA,Gasoline,All-wheel drive,,13.10979532
180,8,120,3551.39804,,2013,Asia,Gasoline,All-wheel drive,0,12.14573402
210,6,132,2232.309212,15.2,2016,USA,Gasoline,Front-wheel drive,0,18.07375433
110,3,127,3263.152454,11.4,2010,USA,Diesel,Front-wheel drive,-1,13.63494593
210,5,126,3245.559963,,2000,Europe,Diesel,All-wheel drive,-1,12.54123395
200,4,161,2576.49233,13.1,2001,Europe,Diesel,All-wheel drive,-1,17.1499369
250,2,157,2256.47189,12,2008,Asia,Gasoline,All-wheel drive,-1,18.88136398
160,3,,2795.450479,12.2,2016,Europe,Gasoline,Front-wheel drive,0,15.50157919
190,5,127,2992.483042,15.3,2020,Europe,Diesel,All-wheel drive,1,14.53147665
190,1,139,2826.681985,10.4,2011,Europe,Diesel,Front-wheel drive,-1,16.02777151
230,9,157,2588.943646,14.2,2012,Asia,Gasoline,Front-wheel drive,1,17.83456373
190,3,162,3190.588786,15.8,2021,Asia,Gasoline,All-wheel drive,-1,14.41724082
190,4,116,2652.825424,10.1,2010,Asia,Gasoline,All-wheel drive,-2,17.35066897
180,7,149,2821.060744,15.3,2010,USA,Gasoline,All-wheel drive,-4,15.99774145
190,1,155,3521.35361,16.9,2002,USA,Gasoline,All-wheel drive,0,12.24677776
140,3,180,3252.622719,18.8,2003,USA,Gasoline,All-wheel drive,0,13.12379006
70,,215,2699.971397,,2009,USA,Diesel,Front-wheel drive,0,17.1936586
260,1,138,3621.93475,15.2,2013,Asia,Gasoline,All-wheel drive,0,11.90703495
130,5,177,3471.436242,16.5,2019,Asia,Gasoline,Front-wheel drive,0,12.57357503
160,6,161,3177.528219,12.9,2005,Europe,Diesel,Front-wheel drive,0,14.19573392
210,3,187,3063.674817,13.4,2000,Asia,Gasoline,All-wheel drive,0,14.4030069
180,6,136,2967.757476,14,2007,USA,Diesel,Front-wheel drive,-2,14.75846326
220,5,132,3288.182246,14.2,2005,Europe,Diesel,All-wheel drive,-2,13.31363077
160,2,176,2175.985057,20.1,2017,Asia,Gasoline,All-wheel drive,1,19.12111088
130,3,176,2388.221793,19,2017,USA,Diesel,All-wheel drive,1,18.86131015
190,3,169,3074.550111,15.7,2012,USA,Diesel,All-wheel drive,-1,14.68457696
210,2,144,2658.496092,12.6,2019,USA,Gasoline,All-wheel drive,,16.5491051
290,1,165,2366.739905,11.5,2006,Europe,Gasoline,Front-wheel drive,0,18.09455959
330,6,186,3440.585436,17.4,2016,USA,Gasoline,Front-wheel drive,-1,13.16778131
260,9,173,2837.923723,18.1,2006,Europe,Gasoline,Front-wheel drive,-2,15.50773148
220,2,176,2872.543521,15.4,2007,USA,Diesel,All-wheel drive,0,16.13270953
120,3,122,3292.376212,,2009,Europe,Gasoline,Front-wheel drive,1,13.87991281
190,6,152,2934.882408,16.4,2008,Asia,Diesel,Front-wheel drive,0,15.66606851
220,4,164,2563.779296,12.3,2002,USA,Gasoline,Front-wheel drive,1,18.02864426
180,8,125,2540.935534,12.2,2023,USA,Gasoline,All-wheel drive,1,17.42981296
250,2,137,3188.402717,16.3,2000,Asia,Gasoline,All-wheel drive,-1,12.73966553
260,2,164,3165.047388,15.9,2012,USA,Diesel,All-wheel drive,0,14.61280141
210,1,166,2802.626232,15.9,2017,Europe,Diesel,All-wheel drive,1,16.53808651
190,2,125,2949.765949,12.5,2014,Europe,Diesel,All-wheel drive,2,15.61927797
210,2,157,3360.022823,,2013,Europe,Gasoline,Front-wheel drive,-1,13.47210261
230,6,,3028.148805,13.3,2013,USA,Gasoline,All-wheel drive,1,15.677304
120,6,151,2637.443106,9.1,2015,USA,Gasoline,All-wheel drive,0,17.85790857
120,3,149,2932.787026,,2008,Europe,Diesel,All-wheel drive,-2,15.56886347
210,4,134,3169.9635,,2022,USA,Diesel,All-wheel drive,0,14.60238187
130,3,,3365.124313,17.9,2002,Asia,Gasoline,All-wheel drive,1,13.66928816
110,9,161,2587.969614,17.7,2020,Europe,Diesel,All-wheel drive,0,16.66280146
210,5,181,3364.093854,14.5,2015,Asia,Diesel,Front-wheel drive,0,14.31660248
240,3,155,2543.348718,17.4,2009,USA,Gasoline,All-wheel drive,0,17.22233885
250,,111,3138.84461,,2002,Europe,Gasoline,Front-wheel drive,0,14.54428702
220,3,121,2040.742234,14.2,2010,USA,Diesel,All-wheel drive,0,19.87540235
270,3,149,2850.594015,13.2,2001,Asia,Gasoline,All-wheel drive,-2,16.14604352
190,5,150,3695.761158,15.9,2018,USA,Diesel,Front-wheel drive,,11.54682489
260,4,150,2945.537345,17,2022,Asia,Gasoline,All-wheel drive,-1,14.69433811
150,6,126,1977.299682,14.5,2008,USA,Gasoline,Front-wheel drive,-1,19.95601619
190,8,,2521.416426,14,2005,Asia,Gasoline,Front-wheel drive,0,17.13406475
230,3,121,3306.214724,15.8,2011,Europe,Diesel,Front-wheel drive,-2,12.77511763
200,,182,2527.9689,18.2,2019,USA,Diesel,Front-wheel drive,1,17.84936666
260,4,125,3589.35888,11.3,2012,Asia,Gasoline,All-wheel drive,0,12.43439028
280,6,166,3027.838389,11.6,2020,USA,Diesel,All-wheel drive,-2,15.21658591
220,5,182,3069.105564,14.5,2011,Asia,Gasoline,All-wheel drive,1,15.31973569
230,5,72,3474.860688,13.5,2012,Asia,Diesel,All-wheel drive,-1,11.79463126
180,4,153,3056.321217,,2001,Europe,Gasoline,Front-wheel drive,0,14.95334058
120,5,171,2629.22785,16.4,2022,Europe,Diesel,All-wheel drive,0,17.02197763
150,9,191,2950.833311,17.7,2021,USA,Gasoline,All-wheel drive,1,15.20904606
310,5,206,2285.65935,12.7,2015,Europe,Gasoline,All-wheel drive,0,19.23180585
290,6,168,2829.965518,,2021,Asia,Gasoline,Front-wheel drive,1,15.14348225
240,3,124,3494.06255,,2001,Asia,Gasoline,All-wheel drive,1,12.73777172
100,4,80,3352.916419,17,2005,Europe,Gasoline,Front-wheel drive,1,12.71205483
260,5,121,2175.624199,14.5,2016,USA,Diesel,Front-wheel drive,-1,18.31302256
310,,132,2121.470254,13.5,2004,Europe,Gasoline,Front-wheel drive,0,19.71875765
180,5,115,3121.636347,13.9,2022,Europe,Gasoline,All-wheel drive,0,13.69795711
150,5,176,4195.52302,17.1,2001,Asia,Gasoline,All-wheel drive,-2,9.299255494
170,2,196,2076.845421,12.6,2017,Europe,Gasoline,Front-wheel drive,2,20.90860765
280,8,110,2684.597868,15.1,2009,Europe,Gasoline,All-wheel drive,,15.97829649
210,2,122,3623.565041,14.7,2012,USA,Diesel,All-wheel drive,1,11.11674819
180,3,142,3548.819919,11.4,2001,Asia,Gasoline,Front-wheel drive,0,12.84993556
160,6,173,2708.089068,11.6,2012,USA,Gasoline,All-wheel drive,0,16.7835852
160,6,201,2909.271306,10.7,2006,USA,Gasoline,All-wheel drive,0,16.25828733
190,4,112,3798.126701,15.4,2002,Europe,Gasoline,All-wheel drive,0,10.05859694
260,3,115,2690.296949,12.6,2014,USA,Gasoline,Front-wheel drive,-1,16.94102809
250,6,131,2608.308125,19.4,2020,Asia,Gasoline,All-wheel drive,-1,16.76750626
180,5,152,3027.590618,15.6,2002,Europe,Diesel,Front-wheel drive,0,15.18554601
240,5,142,3631.05671,13.5,2016,Asia,Diesel,Front-wheel drive,1,12.28756036
260,7,136,3500.978671,15.8,2020,Asia,Gasoline,All-wheel drive,-1,11.82954695
240,3,165,3093.464658,,2005,Europe,Gasoline,Front-wheel drive,0,14.49073411
320,2,181,3490.138592,13.8,2013,Asia,Diesel,All-wheel drive,1,13.29015107
200,4,137,3066.469823,14.6,2002,Asia,Diesel,Front-wheel drive,-1,14.26236167
150,2,159,3230.613567,,2013,USA,Gasoline,All-wheel drive,0,13.93222177
240,3,212,3766.325683,15,2018,Asia,Gasoline,All-wheel drive,0,12.23792693
110,1,186,2388.265001,16.3,2021,Asia,Gasoline,All-wheel drive,0,18.04793253
230,5,183,3970.914253,16.4,2000,Asia,Gasoline,All-wheel drive,0,10.70272282
130,2,172,2940.568305,17.6,2001,Asia,Diesel,Front-wheel drive,,15.73350226
220,5,140,3891.635951,12.5,2016,USA,Diesel,Front-wheel drive,,10.12831556
220,2,142,3062.558462,14,2018,USA,Diesel,Front-wheel drive,-1,14.79926243
230,1,176,2997.08981,13,2020,USA,Diesel,All-wheel drive,-1,14.95157944
130,2,132,3133.665256,18.7,2021,Asia,Gasoline,Front-wheel drive,0,13.76386357
140,2,172,4003.278184,16.9,2009,Europe,Gasoline,All-wheel drive,0,10.39599599
160,1,117,2845.255623,,2006,Europe,Gasoline,Front-wheel drive,0,14.80272921
130,4,150,2702.262743,12.4,2004,Europe,Diesel,All-wheel drive,-1,16.63215901
190,1,174,3615.252698,12.8,2021,Asia,Gasoline,Front-wheel drive,1,12.26131522
140,6,,2822.63242,13.3,2023,USA,Gasoline,All-wheel drive,1,15.97015178
270,1,126,2738.229746,17.2,2022,Europe,Diesel,Front-wheel drive,1,16.40666878
140,3,121,3852.742852,11.7,2003,Europe,Gasoline,All-wheel drive,0,10.55112523
240,1,143,3380.871209,,2007,Europe,Diesel,All-wheel drive,0,13.22110205
40,2,,3343.650063,16.3,2020,Europe,Diesel,All-wheel drive,2,13.86385072
260,2,187,2128.621982,14.4,2005,Asia,Gasoline,All-wheel drive,,20.34481515
230,1,153,3582.759453,10,2006,USA,Gasoline,All-wheel drive,-2,12.82461414
190,4,134,2608.250132,17.5,2021,Europe,Diesel,Front-wheel drive,-2,16.97236349
180,5,215,2915.697693,15.5,2018,Asia,Gasoline,All-wheel drive,0,16.42828873
160,4,157,3680.316578,15.3,2006,Europe,Diesel,All-wheel drive,1,11.48179266
170,7,155,2865.34779,12.6,2021,Asia,Gasoline,All-wheel drive,-1,16.1682284
310,5,202,2626.438421,17.6,2012,Europe,Gasoline,All-wheel drive,-1,17.14246274
220,2,111,2882.711874,21.9,2022,Europe,Diesel,Front-wheel drive,0,14.30153999
180,7,127,3305.136167,15.4,2010,Europe,Diesel,All-wheel drive,0,13.01751206
240,6,132,3487.707992,19.7,2000,Asia,Gasoline,Front-wheel drive,,12.22730171
170,1,144,2367.337673,13.1,2014,USA,Diesel,All-wheel drive,-1,18.831349
240,5,201,4108.924183,14.9,2006,Asia,Diesel,Front-wheel drive,-1,9.951868755
190,4,126,2514.896674,16.3,2013,Europe,Gasoline,All-wheel drive,-2,17.1057049
190,5,176,2604.670393,14.4,2016,USA,Gasoline,Front-wheel drive,0,17.81703559
170,3,145,2669.029768,21.5,2015,USA,Diesel,Front-wheel drive,-1,16.18123764
200,2,124,2414.517125,17.1,2018,USA,Diesel,Front-wheel drive,,16.96175165
170,3,87,1926.787682,,2004,USA,Diesel,Front-wheel drive,1,20.38074637
310,3,139,1959.954828,,2010,Europe,Gasoline,Front-wheel drive,1,20.30541784
220,,156,3065.012402,17.5,2007,Europe,Diesel,Front-wheel drive,0,14.43153002
120,5,169,2966.679505,13.9,2005,USA,Gasoline,Front-wheel drive,-1,15.3014754
280,5,163,3372.001389,13.5,2002,USA,Gasoline,All-wheel drive,1,13.40146412
300,7,110,3053.006948,17.6,2009,Asia,Diesel,All-wheel drive,-1,14.12886222
150,2,178,2240.057496,15.5,2016,Asia,Diesel,All-wheel drive,0,18.53584299
290,5,148,3357.600704,12.9,2022,Europe,Diesel,Front-wheel drive,1,13.97454949
130,1,124,2632.751688,17.2,2003,Asia,Gasoline,Front-wheel drive,0,16.68506243
220,6,177,2674.634565,12.8,2006,Asia,Gasoline,All-wheel drive,0,17.12879109
230,2,148,2906.446179,15.3,2023,Europe,Diesel,All-wheel drive,0,15.22314203
180,1,90,3321.590705,14.9,2001,Asia,Diesel,Front-wheel drive,0,12.33491746
150,3,233,3315.388796,,2008,USA,Gasoline,All-wheel drive,-1,14.48650065
250,5,191,3059.484688,14.4,2018,Asia,Gasoline,Front-wheel drive,-1,14.97609372
180,2,131,3537.204671,13.5,2014,Europe,Gasoline,Front-wheel drive,1,11.81219068
160,9,162,2937.884688,18.5,2010,USA,Diesel,All-wheel drive,0,15.28576063
170,3,168,3345.430871,15.2,2011,Asia,Diesel,Front-wheel drive,1,13.18679967
170,5,153,3147.780243,16,2004,Europe,Diesel,Front-wheel drive,0,13.61713546
190,7,212,2945.656571,18.9,2022,Europe,Gasoline,Front-wheel drive,1,15.41731122
190,7,135,2704.301401,16.3,2015,USA,Diesel,Front-wheel drive,0,16.54875251
220,1,132,2921.744351,16.4,2000,Europe,Diesel,Front-wheel drive,-1,14.73171129
260,3,160,2717.8875,15.3,2018,Europe,Diesel,All-wheel drive,0,16.28079931
190,5,223,3391.81692,15.3,2012,Europe,Gasoline,Front-wheel drive,0,13.4709395
190,5,121,3603.489099,16,2009,Europe,Diesel,Front-wheel drive,-1,11.78180434
250,5,150,3069.158259,14.7,2017,USA,Diesel,All-wheel drive,0,15.41718981
200,6,140,3426.165979,14,2008,USA,Gasoline,Front-wheel drive,0,12.86065621
140,5,,2839.218928,20.9,2012,Europe,Gasoline,Front-wheel drive,0,15.5302628
190,2,162,2039.200382,12.6,2019,Asia,Gasoline,Front-wheel drive,0,20.33305536
170,4,161,2398.63112,9.8,2013,Europe,Gasoline,All-wheel drive,0,18.46826808
180,4,140,3661.678048,15.6,2023,Europe,Gasoline,Front-wheel drive,0,11.84915988
320,5,,2620.272212,16.8,2020,Europe,Gasoline,Front-wheel drive,0,17.11762228
180,,132,2663.707094,14.7,2005,Asia,Diesel,Front-wheel drive,-2,16.44290841
130,6,149,3040.577001,13.9,2017,Asia,Diesel,All-wheel drive,1,14.58550398
100,4,139,2602.151202,14.3,2013,Europe,Gasoline,All-wheel drive,0,16.90475498
140,0,110,3199.339483,,2013,Asia,Diesel,Front-wheel drive,0,13.44503906
280,4,185,2403.713542,13.9,2010,Europe,Gasoline,All-wheel drive,0,18.56476559
180,1,163,3064.356607,13.3,2013,USA,Gasoline,All-wheel drive,1,14.86280963
220,8,100,3063.45521,14.4,2008,Asia,Diesel,All-wheel drive,0,13.88002589
240,2,142,3774.517464,16.1,2013,Europe,Gasoline,All-wheel drive,-1,11.12807146
210,,154,2481.474991,16.4,2013,Europe,Diesel,All-wheel drive,2,16.93076928
160,6,169,2939.226736,14.2,2014,USA,Diesel,Front-wheel drive,1,15.48712916
200,6,167,3218.24648,13.3,2001,Europe,Diesel,All-wheel drive,0,14.3015418
220,4,142,3864.864353,17.9,2005,USA,Gasoline,All-wheel drive,0,9.945605253
210,,164,3202.550047,14.9,2017,Asia,Gasoline,Front-wheel drive,-1,14.41261776
200,4,132,3039.643354,17.1,2000,Asia,Gasoline,Front-wheel drive,0,14.56977429
200,4,176,2750.879655,,2004,Europe,Gasoline,All-wheel drive,2,16.73848312
210,7,88,2467.793127,15.2,2020,USA,Gasoline,Front-wheel drive,0,17.83277712
70,3,,2608.782015,17.6,2015,Europe,Gasoline,Front-wheel drive,-1,16.6821575
250,,120,3495.794906,13.8,2011,Europe,Gasoline,All-wheel drive,1,12.2663352
200,4,133,2233.086568,13.6,2007,USA,Gasoline,Front-wheel drive,-2,19.25466183
220,3,127,3478.134427,14.7,2021,Europe,Diesel,All-wheel drive,0,12.69717378
290,2,134,3105.510928,10.6,2013,Europe,Diesel,Front-wheel drive,0,15.0140717
270,1,215,2767.052368,11.8,2013,Europe,Diesel,All-wheel drive,2,16.59812745
50,7,,2921.170941,15.2,2018,Asia,Diesel,Front-wheel drive,0,15.30354348
180,3,185,2870.716343,14.4,2005,Asia,Gasoline,Front-wheel drive,-1,16.16165997
240,3,144,3210.232564,13.6,2015,Europe,Gasoline,All-wheel drive,-2,14.34614698
130,4,155,3353.151372,15.2,2011,Asia,Gasoline,Front-wheel drive,1,13.12651516
90,7,168,2650.51953,16.9,2016,Asia,Gasoline,All-wheel drive,0,16.27279791
170,2,145,3245.586901,16.2,2006,Asia,Gasoline,Front-wheel drive,-3,13.38176164
170,4,132,2393.929589,,2010,Asia,Gasoline,All-wheel drive,0,17.59126107
180,3,94,3270.295726,16.1,2002,Europe,Diesel,Front-wheel drive,0,12.4506283
190,1,,2595.896562,11.7,2020,Asia,Gasoline,Front-wheel drive,1,16.48937991
180,4,153,3343.849426,16.2,2004,USA,Diesel,Front-wheel drive,0,13.24332019
130,1,143,3844.275732,15.8,2018,Asia,Diesel,All-wheel drive,1,10.58786952
200,6,240,3500.019581,14,2015,Asia,Gasoline,Front-wheel drive,0,13.72807058
170,2,,2845.268006,,2020,USA,Gasoline,All-wheel drive,1,15.71388488
250,9,199,3378.266841,15.6,2016,USA,Diesel,All-wheel drive,0,13.86370686
170,3,133,3351.575674,15.7,2009,Europe,Diesel,All-wheel drive,0,12.99322418
140,2,153,2926.104776,18.1,2016,Asia,Diesel,All-wheel drive,0,14.7192926
220,5,181,2686.389123,12,2004,Europe,Gasoline,Front-wheel drive,-1,18.0726915
180,3,130,2852.757211,16.2,2017,Europe,Diesel,All-wheel drive,,15.18122583
280,4,116,3482.131849,17.4,2003,Europe,Gasoline,Front-wheel drive,1,12.50806388
180,7,140,4068.249327,15.8,2017,Europe,Gasoline,All-wheel drive,0,9.31914054
260,4,153,2974.153904,,2003,Europe,Gasoline,All-wheel drive,-2,15.53984932
220,0,172,3774.468977,,2020,Asia,Gasoline,Front-wheel drive,0,11.77902236
310,3,123,2592.838309,17.2,2002,Asia,Diesel,Front-wheel drive,-1,16.41933943
250,1,,3452.042486,14,2022,Europe,Diesel,Front-wheel drive,0,12.58365334
270,3,165,3610.22063,13.3,2007,Europe,Diesel,All-wheel drive,,12.89071718
180,5,,3181.467933,9.6,2016,Europe,Gasoline,Front-wheel drive,-1,14.87954452
220,4,185,3352.204985,12.7,2004,USA,Gasoline,Front-wheel drive,0,13.48132279
260,5,75,2192.657433,,2016,Asia,Diesel,Front-wheel drive,1,17.87866432
210,5,170,3236.685104,14.2,2011,Europe,Diesel,Front-wheel drive,0,14.04775666
320,2,,3909.087713,14,2019,USA,Gasoline,Front-wheel drive,0,9.786036177
160,5,102,3712.291435,13.1,2017,Europe,Gasoline,Front-wheel drive,-1,10.80579637
130,10,137,3262.728711,14.9,2017,Asia,Diesel,All-wheel drive,0,13.57742924
250,9,103,2661.545736,,2002,Asia,Diesel,All-wheel drive,0,15.82587501
200,4,145,2524.516391,,2012,Asia,Gasoline,Front-wheel drive,1,16.80572966
220,9,162,3010.186935,15.2,2013,Asia,Diesel,Front-wheel drive,-1,14.68917652
150,4,181,2600.242513,8.8,2007,Asia,Gasoline,All-wheel drive,-1,18.35102194
230,3,147,2546.463095,10.1,2018,Europe,Diesel,All-wheel drive,-1,17.43685843
230,5,130,3442.167138,13.1,2007,USA,Gasoline,Front-wheel drive,1,12.76278639
120,6,158,2921.789171,15.3,2007,Asia,Gasoline,All-wheel drive,0,15.37365293
240,3,78,3215.584474,12,2009,Europe,Diesel,Front-wheel drive,0,14.14332555
120,4,212,2833.248198,16.5,2005,Asia,Diesel,All-wheel drive,1,16.48072876
190,5,204,2327.34664,11.6,2022,USA,Diesel,All-wheel drive,-1,19.26851869
210,4,214,2268.856017,15.2,2007,USA,Gasoline,Front-wheel drive,0,18.95893226
280,7,148,3594.080875,17.5,2015,USA,Gasoline,All-wheel drive,0,11.58068212
220,8,159,3007.024926,13.7,2000,Asia,Gasoline,Front-wheel drive,-1,14.92760965
130,3,130,3106.110692,14.9,2023,USA,Diesel,All-wheel drive,0,14.06291039
140,7,181,3652.186151,,2016,USA,Diesel,All-wheel drive,1,12.24703219
260,5,177,1823.971978,19.6,2006,Asia,Diesel,All-wheel drive,0,20.29253247
190,3,154,3061.44219,16.7,2018,Asia,Diesel,All-wheel drive,0,14.62003197
180,3,151,2569.091666,,2010,Europe,Gasoline,All-wheel drive,1,16.58557101
210,2,115,3229.281275,16,2005,Europe,Diesel,Front-wheel drive,0,14.01758722
270,2,154,3243.854073,14.7,2019,USA,Gasoline,All-wheel drive,1,13.79725365
200,3,125,2787.549541,13.3,2001,Europe,Gasoline,All-wheel drive,0,15.86312493
210,2,207,3090.415679,14.6,2019,Asia,Diesel,All-wheel drive,0,15.23195173
190,7,123,3640.022276,13.1,2013,Asia,Gasoline,All-wheel drive,-1,12.35943073
250,1,208,3411.408057,14.3,2023,Europe,Gasoline,All-wheel drive,1,12.95833315
160,7,136,4015.303004,15.7,2004,USA,Gasoline,All-wheel drive,-1,10.11277625
270,,152,2812.524009,15.3,2022,Asia,Diesel,Front-wheel drive,1,15.78237336
220,1,191,3173.219683,,2009,USA,Gasoline,All-wheel drive,-1,14.36265326
220,4,169,2062.427164,16.2,2002,Asia,Diesel,Front-wheel drive,,19.76987132
290,11,110,3140.265854,16.5,2018,Asia,Gasoline,All-wheel drive,-1,13.25255
180,4,176,2829.240037,15.1,2015,USA,Diesel,Front-wheel drive,0,16.23000392
210,2,149,3505.783996,13.6,2018,Europe,Diesel,All-wheel drive,1,12.94685521
100,3,171,2875.455099,12.1,2021,Asia,Gasoline,All-wheel drive,-1,16.53234262
190,1,166,2032.937685,18,2010,USA,Gasoline,Front-wheel drive,,19.23218161
180,3,216,3448.056341,11.3,2014,Asia,Diesel,All-wheel drive,,13.70786978
230,5,135,3035.892569,12.5,2020,Europe,Gasoline,Front-wheel drive,1,14.77844004
230,9,168,2574.688086,11.3,2016,USA,Gasoline,Front-wheel drive,0,16.95356169
260,8,157,4045.251127,15.3,2014,Asia,Gasoline,All-wheel drive,1,9.565678378
290,4,163,3184.417502,13.7,2018,Asia,Diesel,Front-wheel drive,0,14.18345969
190,,129,2781.760175,13.7,2014,USA,Gasoline,Front-wheel drive,0,16.30608249
140,5,183,3278.528763,15.4,2014,Europe,Gasoline,All-wheel drive,2,13.19029671
230,4,87,3635.260242,13.5,2022,Europe,Diesel,All-wheel drive,-2,11.49802625
170,1,130,3563.592833,12.9,2002,USA,Gasoline,Front-wheel drive,2,12.06968398
290,1,146,3821.363213,12.9,2016,Europe,Gasoline,Front-wheel drive,0,10.28558563
220,3,167,2332.882871,15,2008,Asia,Gasoline,All-wheel drive,1,18.47300521
200,,163,3376.364614,18.6,2003,Europe,Gasoline,All-wheel drive,-2,13.17013436
190,1,152,3108.98308,12.5,2022,Asia,Gasoline,All-wheel drive,-1,15.44650553
170,3,187,3904.82232,15.5,2021,Europe,Gasoline,All-wheel drive,0,10.77171611
200,7,186,3572.727628,18.2,2006,Asia,Gasoline,Front-wheel drive,1,12.21215517
200,7,164,3279.668573,15.2,2008,Asia,Gasoline,Front-wheel drive,1,14.19613125
230,3,134,2898.491268,10.8,2021,Asia,Diesel,Front-wheel drive,1,15.9888425
210,5,141,2979.784665,16.1,2007,USA,Gasoline,All-wheel drive,,14.50471049
210,8,204,2506.113963,17.6,2001,Europe,Gasoline,All-wheel drive,0,17.9045086
230,2,161,3073.167035,15.5,2002,USA,Gasoline,Front-wheel drive,2,14.67071522
100,2,112,3783.011346,16.6,2009,USA,Diesel,Front-wheel drive,0,10.65856251
230,3,160,3397.196111,15.4,2006,USA,Gasoline,Front-wheel drive,-1,12.79523418
180,,141,2601.180263,17.8,2001,Asia,Diesel,Front-wheel drive,-1,16.13004761
210,2,,2795.109922,9.8,2002,Asia,Diesel,All-wheel drive,0,16.67339065
160,5,140,3195.03678,18.6,2012,USA,Diesel,All-wheel drive,1,13.12468503
250,5,165,3458.350753,15.1,2015,USA,Diesel,All-wheel drive,0,13.05582875
250,2,121,2573.420266,12.1,2016,Europe,Diesel,All-wheel drive,-1,17.48639327
190,6,113,3337.669404,19.7,2007,Asia,Diesel,All-wheel drive,,12.60320033
290,5,170,2616.867362,11.6,2019,Europe,Gasoline,All-wheel drive,0,17.72919291
150,6,137,3274.495329,18.2,2017,USA,Gasoline,Front-wheel drive,1,13.13345425
170,5,174,2834.84575,13.4,2010,Europe,Gasoline,All-wheel drive,1,17.12588589
210,5,124,3241.763589,14.3,2010,USA,Diesel,Front-wheel drive,2,13.99098796
240,6,173,3186.789919,13.8,2015,USA,Diesel,All-wheel drive,1,14.10633074
210,8,166,3097.192967,17.9,2001,Asia,Diesel,Front-wheel drive,0,14.9704203
220,3,173,3483.951133,16.6,2017,Asia,Gasoline,All-wheel drive,0,13.22081105
200,4,187,2618.435415,16.7,2013,Asia,Gasoline,All-wheel drive,-1,16.61857857
190,4,164,2650.534925,16.2,2018,Asia,Gasoline,Front-wheel drive,-1,16.27793816
230,,148,2854.349656,17.5,2006,Asia,Gasoline,All-wheel drive,0,15.46965939
160,4,105,2404.639399,16.3,2006,USA,Diesel,All-wheel drive,1,17.496536
190,5,140,3285.057009,19.4,2018,Asia,Gasoline,Front-wheel drive,,13.4145916
220,2,113,2222.794753,10.5,2002,Europe,Diesel,Front-wheel drive,0,19.43844438
250,7,,3495.275193,16.7,2004,Europe,Gasoline,All-wheel drive,2,12.62196406
250,3,140,3335.856626,16.5,2006,USA,Diesel,All-wheel drive,1,13.1615393
140,3,129,3447.455537,13.7,2005,Asia,Gasoline,Front-wheel drive,0,12.98906968
270,6,159,2816.232549,15.7,2001,Europe,Gasoline,All-wheel drive,-1,16.27795181
210,3,145,2545.119046,13.1,2021,Asia,Gasoline,All-wheel drive,0,17.37574127
220,2,148,2483.315905,13.2,2002,USA,Gasoline,Front-wheel drive,-2,17.81730225
190,5,142,2467.487772,9.2,2002,Asia,Gasoline,All-wheel drive,0,17.83410318
180,4,154,3506.986832,16.8,2012,Europe,Diesel,All-wheel drive,0,12.61357327
250,4,131,2278.779825,17.1,2009,Asia,Diesel,Front-wheel drive,-1,18.66359659
240,7,115,3842.612464,12.9,2010,USA,Diesel,Front-wheel drive,1,11.17125845
160,7,172,3093.403566,15.4,2014,Asia,Diesel,All-wheel drive,-1,14.7923693
140,4,104,3165.38118,16.6,2010,USA,Diesel,Front-wheel drive,-1,13.79965912
140,4,134,3362.578666,14.2,2013,Europe,Gasoline,Front-wheel drive,0,13.03031863
110,5,155,2712.160875,8.1,2014,USA,Gasoline,All-wheel drive,2,16.99765893
190,5,129,2833.297984,12.5,2006,Asia,Diesel,All-wheel drive,0,16.08704842
140,7,161,3004.391473,13.8,2015,Asia,Diesel,Front-wheel drive,0,14.22046529
280,5,204,3354.376962,15.2,2001,Asia,Diesel,Front-wheel drive,1,13.46529562
200,5,109,2255.293999,15.4,2008,Europe,Gasoline,Front-wheel drive,-1,18.89289437
180,3,167,2898.643378,18.9,2018,Europe,Diesel,All-wheel drive,,14.54442871
200,1,109,2600.985526,15.7,2017,USA,Gasoline,All-wheel drive,-2,16.27032415
190,4,188,4164.938839,16,2005,USA,Gasoline,All-wheel drive,0,9.998199301
180,5,170,2689.860333,15.6,2008,USA,Gasoline,Front-wheel drive,0,16.31307875
260,3,121,4115.127581,12.3,2023,Asia,Gasoline,All-wheel drive,,8.721199466
220,,141,2499.052678,22.8,2007,USA,Diesel,Front-wheel drive,1,16.38135649
240,3,169,2777.810443,16.4,2021,Europe,Gasoline,All-wheel drive,,15.79725259
180,7,147,2453.34143,15.2,2015,Europe,Gasoline,All-wheel drive,,17.3967514
170,1,185,2605.775611,12.6,2000,USA,Diesel,Front-wheel drive,-2,17.39329443
150,2,195,2403.807222,9.1,2007,USA,Diesel,All-wheel drive,0,19.2243562
270,,162,3570.371588,15.7,2007,Europe,Diesel,Front-wheel drive,0,11.61137195
180,7,140,2604.935403,12.6,2001,Asia,Diesel,Front-wheel drive,1,17.03057613
140,6,206,3120.64865,18.7,2023,USA,Diesel,All-wheel drive,0,14.50122222
210,,,2416.174128,19.6,2006,Asia,Diesel,Front-wheel drive,-1,17.78895855
170,4,165,3375.296062,14.1,2019,Asia,Diesel,All-wheel drive,-1,13.09761657
140,1,,2767.588582,11.2,2017,Asia,Gasoline,Front-wheel drive,0,17.06813729
120,7,141,3545.349798,15.8,2020,Europe,Diesel,Front-wheel drive,0,11.58529226
140,4,149,2718.37503,14.8,2017,Asia,Gasoline,Front-wheel drive,,16.44071242
100,2,120,3277.845227,16.7,2012,Asia,Diesel,All-wheel drive,-1,12.87567846
210,4,145,2609.402781,20.1,2000,Europe,Diesel,Front-wheel drive,0,16.27609225
100,7,98,3069.124869,13.2,2005,USA,Gasoline,All-wheel drive,1,14.34717146
240,8,161,3342.082041,,2014,Asia,Diesel,Front-wheel drive,,13.71510485
220,5,143,2338.688121,15.3,2009,Asia,Diesel,All-wheel drive,1,18.79218512
270,,178,2643.708457,16.3,2021,USA,Diesel,Front-wheel drive,1,16.47789646
120,4,161,2520.65584,18.1,2010,Asia,Gasoline,Front-wheel drive,-2,16.72405527
170,6,138,2953.852064,13.8,2010,USA,Diesel,All-wheel drive,-1,15.12012517
200,4,131,3204.697049,17.8,2005,Asia,Gasoline,Front-wheel drive,,12.9643702
340,0,129,4052.265913,18.4,2019,Europe,Gasoline,Front-wheel drive,-1,9.51239818
90,3,174,4726.977269,16.5,2020,Europe,Diesel,Front-wheel drive,1,6.200970533
230,1,91,3160.426774,20,2009,USA,Gasoline,All-wheel drive,1,13.2622793
200,4,160,2636.530597,13.7,2019,Europe,Gasoline,All-wheel drive,-1,17.42918318
130,3,174,2703.817442,15.9,2017,Asia,Diesel,All-wheel drive,0,17.36078936
230,7,192,3114.364448,17.4,2007,Europe,Diesel,All-wheel drive,1,14.421724
230,3,192,1885.273922,17.7,2016,Europe,Gasoline,All-wheel drive,0,21.08604813
140,3,126,3155.565591,20.4,2012,Europe,Gasoline,All-wheel drive,0,13.54204596
150,2,129,2530.790208,14.4,2019,Europe,Gasoline,All-wheel drive,1,17.41544273
230,2,144,2117.49113,13.2,2012,USA,Gasoline,Front-wheel drive,0,19.29539099
160,4,185,3254.877204,14.3,2003,Europe,Diesel,Front-wheel drive,1,14.04771456
260,5,133,3801.071219,14.8,2016,USA,Diesel,All-wheel drive,1,11.04467258
200,2,129,2865.359342,12.7,2012,USA,Gasoline,Front-wheel drive,0,15.88453756
300,5,110,4037.05435,17.1,2005,USA,Diesel,All-wheel drive,-1,9.218056742
180,4,174,3513.188433,,2011,Asia,Gasoline,All-wheel drive,-1,12.55253006
200,3,166,2536.611171,16.6,2008,Asia,Gasoline,Front-wheel drive,0,17.51659022
190,2,132,2382.487497,14.7,2014,USA,Diesel,All-wheel drive,0,17.90652681
170,4,108,2989.821197,12,2003,Asia,Diesel,Front-wheel drive,-1,14.39078986
230,8,82,2407.332283,,2020,USA,Gasoline,Front-wheel drive,-2,17.27183861
230,2,185,2814.235022,,2017,USA,Gasoline,Front-wheel drive,1,16.71088471
160,7,150,2476.683618,12.5,2008,Asia,Diesel,Front-wheel drive,0,17.23923379
250,4,157,2092.582798,,2004,Asia,Gasoline,Front-wheel drive,0,18.89436186
140,0,143,3084.337636,16.7,2002,Asia,Gasoline,Front-wheel drive,-1,14.39240203
140,5,165,2480.952734,11.5,2014,Europe,Diesel,All-wheel drive,1,17.38842765
210,3,173,3036.32095,14.2,2011,Europe,Gasoline,All-wheel drive,-1,15.01732047
120,4,225,3324.104322,12.2,2023,USA,Diesel,All-wheel drive,0,14.2552858
240,2,176,3720.832249,14.6,2018,Europe,Gasoline,All-wheel drive,2,10.98571226
270,4,,3350.33383,10.3,2015,USA,Diesel,Front-wheel drive,1,13.56257094
250,6,143,2923.194247,16.8,2004,USA,Gasoline,Front-wheel drive,0,14.99430685
130,3,165,3156.653622,18.1,2008,USA,Diesel,All-wheel drive,2,13.70472965
220,4,95,3270.830529,15.9,2011,Asia,Diesel,Front-wheel drive,-1,12.8672502
180,5,110,2378.975001,9.5,2002,Asia,Gasoline,Front-wheel drive,-1,18.44256579
190,3,105,3503.358776,13.9,2004,USA,Gasoline,All-wheel drive,0,11.83950656
220,4,,3910.191446,13.3,2010,Asia,Diesel,All-wheel drive,0,10.42262606
230,3,175,2380.095592,,2002,Asia,Diesel,All-wheel drive,2,18.26211364
240,3,121,2044.461321,18.2,2022,Europe,Diesel,All-wheel drive,-1,19.5637659
160,2,179,2750.414857,13.2,2004,Europe,Diesel,Front-wheel drive,1,16.97580221
190,4,140,2715.425463,15.3,2012,USA,Diesel,All-wheel drive,0,16.44035477
250,7,186,2183.413102,15.1,2017,USA,Gasoline,All-wheel drive,-2,19.97202835
210,5,153,2949.530891,15.5,2010,Europe,Diesel,Front-wheel drive,0,14.7130151
130,2,155,3415.462738,12.8,2010,USA,Gasoline,Front-wheel drive,,12.46135676
220,4,192,3030.795911,13.7,2011,USA,Gasoline,All-wheel drive,0,15.24826052
180,4,133,2644.529815,17.8,2014,Europe,Diesel,All-wheel drive,0,17.04492538
240,2,160,3234.381357,18.2,2007,USA,Gasoline,Front-wheel drive,-3,13.556344
130,10,155,3337.728178,10,2021,USA,Gasoline,All-wheel drive,0,13.95159648
220,4,95,2609.416009,17.5,2011,USA,Gasoline,Front-wheel drive,1,15.91015526
180,4,129,3308.753047,14.2,2008,Europe,Gasoline,All-wheel drive,1,14.10225438
240,3,122,3206.821839,14.4,2009,Europe,Diesel,Front-wheel drive,1,13.31422535
230,2,111,3308.294005,16.3,2011,Europe,Diesel,Front-wheel drive,1,12.83590758
160,1,166,4604.49458,16.4,2007,USA,Diesel,All-wheel drive,0,6.695482768
210,7,188,2831.750193,,2010,Europe,Diesel,All-wheel drive,2,15.75172313
170,0,129,3213.841346,16.1,2008,USA,Diesel,All-wheel drive,0,13.98908446
140,4,161,2613.44411,14.7,2005,Europe,Gasoline,All-wheel drive,-2,17.48843748
140,3,148,3543.759671,20.8,2008,USA,Gasoline,Front-wheel drive,-1,11.53498006
180,2,174,2779.729465,17.2,2008,Asia,Gasoline,All-wheel drive,0,15.89183806
80,8,128,3100.516093,,2003,Europe,Diesel,All-wheel drive,1,15.05935166
140,,160,2823.004705,13.8,2010,Europe,Diesel,All-wheel drive,2,15.52485325
220,5,145,2964.919908,17.5,2013,USA,Gasoline,Front-wheel drive,1,14.02496239
230,6,145,2193.874214,,2017,Asia,Diesel,All-wheel drive,-2,18.93156914
180,2,,2543.025719,16.5,2013,Asia,Gasoline,Front-wheel drive,0,17.31031997
250,7,155,2363.242201,14.2,2007,Europe,Gasoline,All-wheel drive,1,17.86824228
210,5,155,3280.335626,12.2,2015,Asia,Gasoline,Front-wheel drive,2,13.47789243
100,,214,3101.08113,18.1,2008,USA,Gasoline,All-wheel drive,-1,15.23652712
180,3,175,2652.321235,16.1,2016,Europe,Gasoline,All-wheel drive,0,17.28066528
280,4,133,2642.710146,11.9,2012,Asia,Gasoline,All-wheel drive,-1,16.85855222
270,5,158,2527.006402,16.6,2002,Asia,Diesel,Front-wheel drive,1,17.36797015
250,4,134,3394.407125,11.7,2003,Europe,Gasoline,All-wheel drive,0,13.08193833
240,2,156,2950.658364,16.7,2013,Asia,Gasoline,Front-wheel drive,1,14.70394331
140,7,,2627.484994,14,2005,USA,Gasoline,All-wheel drive,1,16.81609846
190,2,162,2299.328013,,2022,Asia,Gasoline,All-wheel drive,1,18.33073577
220,5,145,2409.67137,17,2014,Europe,Diesel,Front-wheel drive,1,17.66783034
200,4,133,2958.512995,12.9,2007,Asia,Diesel,Front-wheel drive,-1,15.97132354
130,4,148,2809.213829,16,2002,USA,Gasoline,Front-wheel drive,,15.80242895
230,4,208,2275.823784,17.2,2017,Europe,Gasoline,All-wheel drive,0,18.29635697
230,6,114,2890.134735,12.4,2016,Europe,Gasoline,Front-wheel drive,0,15.78150267
130,6,117,2929.543949,17.8,2015,Europe,Gasoline,Front-wheel drive,1,15.30028655
140,4,202,3614.75618,16.5,2016,Europe,Diesel,Front-wheel drive,,13.02240875
210,,159,3213.405831,13.7,2007,USA,Diesel,All-wheel drive,,14.94920271
180,6,165,3417.021429,13.5,2017,Europe,Gasoline,All-wheel drive,1,12.49520661
190,,,2720.125701,16.3,2015,Europe,Gasoline,All-wheel drive,0,15.75521955
200,0,148,3056.498598,15.4,2018,USA,Diesel,All-wheel drive,1,14.39643406
280,6,178,2276.18061,13.2,2008,Europe,Gasoline,Front-wheel drive,-1,18.66359119
180,5,141,3769.040126,16.4,2009,Asia,Diesel,Front-wheel drive,0,10.84443964
110,2,185,2710.801846,12.2,2021,Europe,Gasoline,Front-wheel drive,0,17.08602149
220,6,152,3190.901505,12.9,2008,USA,Gasoline,Front-wheel drive,0,13.87579432
130,7,125,3539.48304,15.9,2007,Asia,Gasoline,All-wheel drive,1,12.16776393
180,4,190,2816.892603,16.6,2009,USA,Gasoline,Front-wheel drive,0,15.59069326
250,3,178,2835.093338,16.2,2003,Europe,Diesel,Front-wheel drive,1,15.51306953
170,6,137,3268.366761,15,2005,Asia,Diesel,Front-wheel drive,-2,13.9895388
190,2,192,3139.903262,14.5,2016,USA,Diesel,Front-wheel drive,0,14.47818144
190,1,131,3441.197654,11.4,2011,USA,Gasoline,Front-wheel drive,,13.37353667
160,1,172,3608.195925,13.8,2023,USA,Diesel,Front-wheel drive,0,12.08960985
170,2,,3192.662727,18,2020,Europe,Gasoline,Front-wheel drive,1,13.68478175
210,2,148,2771.806902,18,2003,USA,Diesel,Front-wheel drive,-2,15.42369706
190,2,146,4031.905202,12.8,2002,Asia,Gasoline,Front-wheel drive,-1,10.26630254
200,0,137,2671.016845,14.7,2004,USA,Gasoline,All-wheel drive,0,16.69293736
210,5,182,2937.435645,15.7,2013,Europe,Diesel,All-wheel drive,1,15.97906065
210,4,124,3871.893246,13.1,2006,USA,Diesel,Front-wheel drive,-1,11.15163746
160,5,139,3290.808722,18.7,2000,Europe,Gasoline,All-wheel drive,0,12.94426292
210,4,127,3488.88709,14.7,2023,Asia,Gasoline,Front-wheel drive,0,11.76059492
160,4,,2592.486385,17.2,2018,USA,Gasoline,All-wheel drive,0,17.46392753
170,5,123,2675.098059,13.7,2020,USA,Gasoline,All-wheel drive,-1,15.78038552
180,6,126,3598.396675,16.6,2022,USA,Gasoline,Front-wheel drive,0,12.28374399
180,3,187,2997.960027,13.5,2005,Asia,Diesel,All-wheel drive,-1,15.35299206
210,4,,2502.173643,14.4,2002,Europe,Diesel,All-wheel drive,0,17.60607145
190,5,143,2866.556368,15,2003,USA,Gasoline,Front-wheel drive,1,15.56155789
120,9,156,2986.541031,19.4,2011,Asia,Gasoline,All-wheel drive,0,14.82056132
150,4,143,3629.99295,17.5,2007,USA,Gasoline,All-wheel drive,-1,11.06422889
130,3,181,3120.328621,15,2021,USA,Diesel,Front-wheel drive,-1,14.56108317
150,9,151,1996.180717,18,2002,Europe,Diesel,All-wheel drive,1,19.83925764
150,5,153,2376.565708,18.1,2019,USA,Diesel,Front-wheel drive,-1,18.44404464
140,2,165,3652.349615,14.5,2022,Europe,Diesel,All-wheel drive,1,11.39482894
210,3,127,2889.108384,10.6,2002,Asia,Diesel,Front-wheel drive,2,16.20251978
170,3,153,3760.476715,15.6,2000,Asia,Diesel,All-wheel drive,-1,10.49384156
300,1,127,4078.886939,,2003,Asia,Gasoline,Front-wheel drive,-1,9.410652885
240,3,138,2971.757005,13.5,2003,Asia,Diesel,All-wheel drive,2,15.32698717
240,,160,2296.384636,13.8,2003,Europe,Gasoline,All-wheel drive,0,18.64389867
200,3,154,2265.732216,12.8,2011,Europe,Gasoline,All-wheel drive,0,18.57166201
220,8,149,2357.80361,,2001,Asia,Gasoline,Front-wheel drive,0,18.21766891
260,7,220,3221.9006,12.5,2001,Asia,Gasoline,Front-wheel drive,1,14.69918505
300,5,,3572.775572,14.4,2009,Europe,Gasoline,Front-wheel drive,-1,13.34358528
240,4,107,2773.566837,14.7,2009,Europe,Gasoline,Front-wheel drive,0,15.77987975
170,1,156,4238.219026,15.5,2003,USA,Diesel,Front-wheel drive,0,8.984985598
190,6,155,3388.741335,15.6,2021,USA,Gasoline,Front-wheel drive,1,13.70877139
230,4,141,2481.75009,20.3,2010,USA,Diesel,All-wheel drive,0,17.44467349
160,1,168,2977.58489,12.4,2023,Europe,Gasoline,All-wheel drive,-1,15.97862421
170,3,172,3558.699661,11.9,2011,Asia,Gasoline,Front-wheel drive,-1,12.34903027
260,5,146,2456.131671,13.9,2009,USA,Diesel,All-wheel drive,1,18.16004546
210,3,206,952.6817606,18.5,2015,Europe,Gasoline,Front-wheel drive,-1,25.96722205
130,4,128,2976.423331,15.6,2006,USA,Gasoline,Front-wheel drive,-2,15.39867587
280,3,135,2734.779432,19,2018,Europe,Diesel,Front-wheel drive,-1,16.14221135
210,3,181,3817.785084,14.9,2001,USA,Diesel,Front-wheel drive,2,10.55049987
180,3,180,2682.427021,18.2,2008,USA,Diesel,All-wheel drive,-2,16.97277306
170,5,,3315.182858,13.5,2019,Asia,Gasoline,All-wheel drive,0,13.37647756
290,4,170,3417.04389,,2011,Asia,Gasoline,Front-wheel drive,0,13.17322681
210,5,139,3160.864642,8.2,2001,Asia,Diesel,Front-wheel drive,0,14.71914774
140,5,191,2613.277091,14,2000,Asia,Diesel,All-wheel drive,0,17.54695077
200,0,133,2899.590749,16,2008,USA,Diesel,All-wheel drive,0,14.89205412
140,1,113,2233.523748,17.3,2008,USA,Diesel,Front-wheel drive,0,17.92212013
230,2,,2660.034459,16.6,2016,USA,Diesel,All-wheel drive,-1,16.18879495
200,6,166,3058.856777,17.3,2020,USA,Diesel,Front-wheel drive,0,13.96205721
250,4,161,2376.267302,13.8,2020,Europe,Gasoline,Front-wheel drive,1,18.45450839
270,5,123,2955.956183,13.7,2017,Asia,Diesel,All-wheel drive,0,14.1785002
120,3,164,3367.339234,14.4,2010,Europe,Diesel,All-wheel drive,-1,12.79811773
230,3,111,2461.330265,15.2,2011,USA,Diesel,All-wheel drive,1,17.1346835
220,5,171,2623.539808,16,2023,Europe,Diesel,All-wheel drive,-2,16.90756259
310,2,148,2866.420897,13.8,2003,Europe,Gasoline,All-wheel drive,-1,16.5885991
110,,152,3448.725302,13.5,2002,Asia,Diesel,All-wheel drive,0,12.72869137
170,6,134,3017.460821,10.5,2000,USA,Diesel,Front-wheel drive,0,14.80432979
230,6,180,2855.392711,15.2,2014,Asia,Gasoline,All-wheel drive,1,16.61641463
160,6,,3305.77342,14.2,2006,Europe,Diesel,All-wheel drive,,13.66516016
220,0,132,4643.568672,15.2,2020,Europe,Diesel,All-wheel drive,1,6.676475471
230,2,121,3757.978339,,2003,Europe,Diesel,All-wheel drive,1,11.02635356
250,2,119,2746.45062,16.2,2012,USA,Diesel,All-wheel drive,-1,14.92071071
220,3,103,3543.274336,13.9,2002,USA,Gasoline,All-wheel drive,1,11.92084421
260,4,186,3449.506176,13.3,2010,Asia,Diesel,All-wheel drive,-1,13.27870675
180,4,144,3270.877642,16.7,2016,Europe,Diesel,All-wheel drive,0,13.84335856
270,3,194,2683.611833,17.4,2009,Asia,Gasoline,All-wheel drive,2,16.68906846
110,4,104,2797.423704,15.3,2020,USA,Gasoline,All-wheel drive,0,14.7788253
210,8,161,3379.799086,13.7,2019,Europe,Diesel,Front-wheel drive,1,13.4360346
190,4,153,2676.619301,15.8,2003,Europe,Diesel,All-wheel drive,1,16.32323302
240,2,125,3818.517769,,2012,USA,Diesel,All-wheel drive,1,10.70855881
240,5,188,2287.964967,19.4,2017,Asia,Gasoline,Front-wheel drive,-1,19.67353907
210,6,179,3056.36236,16.4,2010,Asia,Gasoline,Front-wheel drive,-1,15.01020731
140,5,155,3102.526431,19.2,2002,USA,Gasoline,All-wheel drive,-1,13.62939474
280,3,167,3212.812921,13.4,2020,USA,Diesel,All-wheel drive,,14.35620956
220,7,162,3245.572346,13.1,2002,Asia,Diesel,Front-wheel drive,,13.93123723
130,3,,3721.07498,,2006,Asia,Diesel,Front-wheel drive,0,11.56202807
240,2,132,3483.865955,,2002,USA,Diesel,All-wheel drive,0,12.03040114
270,3,183,3024.562302,11.3,2019,Europe,Gasoline,Front-wheel drive,-1,15.63501514
220,,145,2498.312933,11.3,2000,Asia,Diesel,Front-wheel drive,1,18.57226994
220,4,146,3216.046281,14.3,2012,Asia,Gasoline,All-wheel drive,-1,13.92520101
180,7,165,2554.175445,13.3,2022,Europe,Gasoline,Front-wheel drive,0,17.74539735
180,0,156,2817.403743,14.9,2010,Europe,Gasoline,Front-wheel drive,0,15.88074409
190,2,138,2600.877961,20.6,2002,USA,Diesel,Front-wheel drive,0,16.03646846
300,7,191,2833.456353,13.2,2011,USA,Gasoline,All-wheel drive,1,16.3523569
220,5,178,2524.115208,13.6,2023,Europe,Diesel,All-wheel drive,-1,17.68370356
220,4,133,3353.813558,14.3,2015,Asia,Gasoline,All-wheel drive,0,13.22086044
270,3,166,3542.374639,14.9,2014,Europe,Diesel,All-wheel drive,0,12.95824399
200,6,116,2706.38694,13.9,2002,Europe,Diesel,Front-wheel drive,-2,15.90909398
180,2,146,2564.186171,,2008,Asia,Gasoline,Front-wheel drive,1,17.60522107
170,2,164,2631.46492,19.1,2001,Asia,Diesel,All-wheel drive,0,16.27290065
210,4,145,2743.000581,14.2,2010,Asia,Diesel,All-wheel drive,0,15.64328313
120,8,140,2910.193145,18.4,2013,USA,Gasoline,Front-wheel drive,0,14.6121929
180,1,141,3573.983093,11.9,2014,Europe,Gasoline,All-wheel drive,-1,12.34033439
170,9,183,3553.223832,19.1,2009,USA,Gasoline,Front-wheel drive,0,11.75475938
170,3,185,2525.406154,14.5,2020,Asia,Gasoline,Front-wheel drive,-1,17.79235191
100,2,140,3624.656493,15.5,2015,Asia,Diesel,Front-wheel drive,1,11.39351253
170,4,171,3892.571343,13,2022,Europe,Gasoline,Front-wheel drive,2,10.74472757
90,3,126,2829.887928,17.1,2019,USA,Diesel,All-wheel drive,-1,16.03991835
190,3,148,2801.096882,13.5,2018,Asia,Diesel,All-wheel drive,-1,16.75124164
170,6,,2795.174771,21,2010,Europe,Gasoline,All-wheel drive,-1,14.82839913
250,5,156,3352.770999,15.7,2015,Asia,Diesel,All-wheel drive,0,13.94000504
280,2,109,3298.439161,16.3,2008,USA,Gasoline,Front-wheel drive,0,13.68457652
190,6,146,2831.066283,18.3,2022,Asia,Diesel,All-wheel drive,0,15.3617308
270,3,111,3568.271716,17.4,2021,Europe,Gasoline,All-wheel drive,0,11.10381431
210,5,129,2615.187617,13.8,2011,Asia,Diesel,All-wheel drive,1,16.84339371
200,4,180,3234.007687,15.6,2020,Europe,Diesel,Front-wheel drive,-1,14.46900647
160,3,136,3306.107144,17.3,2014,USA,Diesel,Front-wheel drive,1,12.89729083
260,6,120,3616.680604,16.7,2013,Asia,Gasoline,All-wheel drive,-1,11.31575561
220,1,229,2362.266165,20.3,2007,Europe,Diesel,All-wheel drive,,18.38470227
230,6,122,3467.42945,15.5,2014,Asia,Gasoline,Front-wheel drive,-1,12.31705019
270,3,,3303.816716,11.7,2003,Europe,Gasoline,Front-wheel drive,-3,13.00206072
170,4,144,2904.453015,16.1,2011,USA,Diesel,Front-wheel drive,-1,14.81225442
180,3,164,2987.273898,11,2013,Asia,Diesel,Front-wheel drive,1,14.98923338
170,8,92,2714.512688,11.6,2014,USA,Diesel,All-wheel drive,-1,16.69739942
130,6,,3579.272769,16.2,2000,Asia,Diesel,Front-wheel drive,2,12.21470483
180,1,160,2730.963997,17.4,2006,Asia,Gasoline,All-wheel drive,0,16.08892313
210,4,93,2232.941414,14.6,2011,Europe,Diesel,All-wheel drive,1,18.02888034
270,3,132,3378.052253,17.8,2021,Asia,Diesel,Front-wheel drive,-2,12.74605975
210,5,201,2386.351054,,2023,Europe,Gasoline,Front-wheel drive,0,18.87270836
270,6,130,2717.960661,15.7,2002,Europe,Diesel,Front-wheel drive,-1,16.62613966
150,4,110,3423.058359,,2008,USA,Diesel,All-wheel drive,-1,11.47852357
270,2,121,2583.168705,,2017,Europe,Gasoline,Front-wheel drive,0,16.59306622
220,2,195,3374.655016,18,2018,Asia,Diesel,Front-wheel drive,,12.60623336
110,2,,3102.707132,15.1,2009,USA,Gasoline,Front-wheel drive,2,14.82507385
150,,218,2256.036606,12.7,2018,Asia,Diesel,All-wheel drive,0,19.14311682
200,2,143,2552.598631,17.8,2000,USA,Diesel,All-wheel drive,0,17.30471532
240,5,131,2571.557241,17.7,2013,Europe,Diesel,All-wheel drive,0,16.83836963
120,4,89,3036.512637,19.5,2018,Asia,Diesel,Front-wheel drive,2,13.38263309
250,2,105,2806.483282,15.3,2012,Asia,Diesel,All-wheel drive,-2,15.34938953
140,5,132,2485.782425,14,2015,USA,Diesel,Front-wheel drive,1,17.91497239
240,1,94,4225.260172,10.3,2018,Europe,Diesel,All-wheel drive,0,8.172301988
240,6,149,3858.240267,19,2013,Europe,Gasoline,Front-wheel drive,0,11.0624473
250,5,186,3097.507912,18.2,2014,Asia,Diesel,All-wheel drive,-1,14.01639402
330,,132,2149.859842,13.7,2018,Asia,Diesel,Front-wheel drive,2,19.59692441
220,5,141,3345.711623,18.7,2010,Europe,Gasoline,Front-wheel drive,0,12.48319159
280,3,165,2132.771511,13.2,2018,USA,Diesel,Front-wheel drive,-1,19.77397509
190,4,107,2489.632655,12.6,2000,Europe,Diesel,All-wheel drive,1,16.99432889
260,5,116,3056.611973,11.6,2009,USA,Diesel,All-wheel drive,0,14.72218164
190,6,,2918.480819,12.1,2016,Europe,Diesel,All-wheel drive,1,15.72306804
180,7,217,2776.305729,10.9,2013,Europe,Diesel,Front-wheel drive,-1,17.56334026
140,,144,3167.307552,10.6,2021,Asia,Gasoline,Front-wheel drive,,14.30429893
240,4,172,2769.270159,,2018,Asia,Gasoline,All-wheel drive,-1,17.5281754
290,7,140,3198.327961,,2002,Europe,Gasoline,Front-wheel drive,-1,13.28951621
170,1,75,3875.145146,14.8,2002,USA,Diesel,Front-wheel drive,-2,9.217262249
170,4,166,3162.96253,13.5,2018,Asia,Diesel,Front-wheel drive,0,14.68685452
250,7,160,2026.787685,15.6,2014,Europe,Gasoline,Front-wheel drive,0,19.7452231
240,2,133,3250.521728,14.1,2014,Europe,Gasoline,All-wheel drive,-3,13.52273525
240,3,170,2951.619783,11.4,2021,USA,Diesel,All-wheel drive,1,15.6017324
200,,,3159.934369,15.2,2009,USA,Gasoline,Front-wheel drive,1,13.45415165
40,3,,3770.735256,10.9,2017,Europe,Gasoline,Front-wheel drive,1,11.60074132
230,6,164,3727.009088,13.7,2012,Asia,Diesel,All-wheel drive,1,11.19378899
230,1,134,3101.70311,15.1,2002,USA,Diesel,Front-wheel drive,0,13.83667796
200,4,158,4295.2014,17.6,2012,Asia,Diesel,All-wheel drive,0,8.421575291
210,4,184,2564.65,13.2,2017,Europe,Gasoline,All-wheel drive,-1,16.80478491
220,4,165,2731.180611,14.4,2020,Asia,Diesel,Front-wheel drive,0,16.70905657
200,2,153,3394.284075,16.8,2001,USA,Diesel,All-wheel drive,1,13.09488321
250,4,98,3562.987633,16.7,2002,USA,Diesel,All-wheel drive,0,11.18218713
250,4,168,3085.298309,15.1,2002,USA,Gasoline,Front-wheel drive,2,14.88479755
240,6,152,2625.684865,13.6,2023,USA,Diesel,All-wheel drive,-2,16.4919467
250,3,174,3057.859242,14.6,2018,Asia,Diesel,All-wheel drive,0,15.05818023
210,5,92,2685.329102,14.8,2004,USA,Diesel,Front-wheel drive,2,15.3350607
200,2,121,2683.159329,,2010,USA,Gasoline,Front-wheel drive,3,16.65558354
230,,141,3776.328095,15,2002,USA,Gasoline,Front-wheel drive,0,10.96832523
330,3,,3866.383559,13,2010,Asia,Gasoline,Front-wheel drive,-1,11.43943081
190,4,,2829.486515,15,2004,USA,Gasoline,Front-wheel drive,-1,15.64302918
230,5,155,3817.29199,11.7,2003,Europe,Gasoline,All-wheel drive,-1,11.27474242
250,5,158,3442.871451,12,2015,USA,Diesel,Front-wheel drive,-1,13.11284412
240,6,120,1746.645776,9.9,2001,Europe,Diesel,Front-wheel drive,2,21.67684861
190,4,161,3475.746153,15.3,2012,Europe,Gasoline,Front-wheel drive,0,12.56435581
210,3,152,2926.456916,15.8,2022,Europe,Diesel,Front-wheel drive,0,15.14507976
210,2,155,2589.87176,15.3,2013,USA,Diesel,All-wheel drive,-1,16.71984203
130,6,161,2567.443478,9.8,2015,USA,Diesel,All-wheel drive,0,18.26423745
150,5,126,3520.100769,16.9,2022,USA,Diesel,Front-wheel drive,0,11.83818312
220,,102,2908.342032,16.9,2016,Europe,Diesel,All-wheel drive,-1,14.52293144
210,5,129,3065.264776,14,2016,Asia,Diesel,Front-wheel drive,0,14.42544844
190,8,,2835.346054,10.6,2021,USA,Diesel,Front-wheel drive,-1,16.65296589
230,2,,2595.541633,15.8,2020,Asia,Diesel,All-wheel drive,1,17.24019716
240,5,164,3527.384383,16.1,2012,Europe,Diesel,All-wheel drive,0,12.4831358
220,9,,3192.294729,16.2,2004,USA,Gasoline,All-wheel drive,2,14.32012162
200,7,153,2794.288822,16.6,2008,Asia,Diesel,Front-wheel drive,0,16.35923027
280,7,151,3024.72701,12,2014,USA,Gasoline,Front-wheel drive,0,15.57184875
210,,137,3918.607742,17.4,2004,USA,Gasoline,Front-wheel drive,0,10.19142785
150,6,118,2344.461088,17.3,2013,Europe,Diesel,All-wheel drive,1,17.47083326
150,1,235,2819.400374,15.2,2007,Asia,Diesel,All-wheel drive,0,16.97461944
280,,157,2728.375114,17.6,2002,USA,Gasoline,All-wheel drive,0,15.32715862
210,1,,3240.659393,18.5,2002,Asia,Gasoline,All-wheel drive,1,13.64595108
200,7,166,3791.238788,17.1,2013,Asia,Diesel,All-wheel drive,1,10.92080116
270,1,179,2859.235275,15.8,2005,Europe,Gasoline,Front-wheel drive,-1,15.50338611
120,1,181,2923.661003,14.9,2017,Asia,Gasoline,All-wheel drive,1,15.11534398
170,3,184,1729.799268,17.4,2011,Europe,Diesel,Front-wheel drive,1,21.62528025
180,6,165,2487.042451,19.5,2011,Asia,Gasoline,All-wheel drive,-1,17.87178613
220,8,181,3215.145525,14.7,2013,Europe,Gasoline,All-wheel drive,0,14.25872638
260,5,122,3082.996335,19,2022,Europe,Gasoline,Front-wheel drive,-2,13.44250048
240,8,186,2315.136106,12.6,2008,Asia,Gasoline,All-wheel drive,-1,18.72901903
150,2,,2930.496015,17.8,2014,Asia,Gasoline,Front-wheel drive,0,14.4364733
190,7,131,3105.300354,12.9,2022,Europe,Diesel,Front-wheel drive,-1,14.59715976
160,0,,2275.365385,13.1,2010,USA,Gasoline,Front-wheel drive,-2,19.22964528
230,3,122,2158.701055,13.5,2019,Asia,Gasoline,All-wheel drive,-2,19.39015783
230,4,161,2663.346689,10.6,2015,USA,Diesel,All-wheel drive,1,17.78417964
170,1,172,2645.831116,16,2003,Asia,Diesel,All-wheel drive,0,16.87634266
210,7,169,2808.935218,10.5,2017,Asia,Gasoline,Front-wheel drive,1,17.29439674
210,,174,2733.357943,,2004,Europe,Gasoline,All-wheel drive,-1,16.16760463
310,4,199,2529.505227,20.8,2021,USA,Diesel,All-wheel drive,-1,17.39893281
250,2,136,2783.711005,,2020,Asia,Gasoline,All-wheel drive,1,15.73971716
190,2,178,3324.494974,15.4,2001,Asia,Diesel,Front-wheel drive,0,13.70623049
180,4,197,1863.08572,15.6,2006,USA,Gasoline,Front-wheel drive,0,21.41842761
240,5,174,3208.076863,16.3,2022,Europe,Gasoline,All-wheel drive,1,13.28776714
130,5,114,2130.997444,11.6,2008,Europe,Gasoline,Front-wheel drive,0,19.34178944
100,4,164,2669.613843,17.7,2020,Asia,Diesel,Front-wheel drive,-1,16.49720113
170,4,,3507.407761,20.5,2020,Europe,Gasoline,Front-wheel drive,-1,12.22114251
240,6,159,2274.400635,11,2021,Europe,Diesel,All-wheel drive,-1,19.63196522
180,5,163,3436.245818,17.2,2011,Asia,Diesel,All-wheel drive,-1,12.93234181
310,5,139,3599.88163,,2004,Europe,Diesel,Front-wheel drive,0,11.19595096
160,4,126,3011.588014,16.4,2009,Europe,Diesel,All-wheel drive,-1,14.65105558
270,4,113,1860.388023,12.2,2017,Asia,Gasoline,Front-wheel drive,-1,20.36434359
150,4,146,4054.463911,11.9,2006,Europe,Diesel,All-wheel drive,,10.31617193
150,3,271,3112.125987,16.7,2019,Europe,Gasoline,Front-wheel drive,1,15.46528524
130,9,143,3530.564597,15.2,2006,Europe,Diesel,Front-wheel drive,0,11.76782121
110,4,133,3345.280271,16.9,2008,Asia,Gasoline,All-wheel drive,0,12.98829878
200,3,156,3730.779284,,2005,Asia,Gasoline,All-wheel drive,0,11.12148681
40,5,157,2942.639275,11.2,2007,Europe,Diesel,Front-wheel drive,-1,15.74244499
80,5,151,3739.268026,15,2023,Europe,Gasoline,Front-wheel drive,1,11.01683411
170,4,102,2833.295416,13.7,2015,Europe,Diesel,Front-wheel drive,-1,15.45319272
180,7,102,3198.968708,14.5,2001,Europe,Diesel,Front-wheel drive,0,13.48294616
200,1,198,3423.203973,14.5,2013,USA,Gasoline,All-wheel drive,-1,13.2508533
250,4,213,3276.025396,15.6,2019,Europe,Gasoline,All-wheel drive,2,14.05721954
210,5,164,2627.847819,12.1,2021,USA,Gasoline,Front-wheel drive,0,17.15484423
220,4,131,3946.688822,14.5,2006,Asia,Gasoline,Front-wheel drive,-1,10.67896904
180,9,185,2443.201237,17.1,2008,USA,Gasoline,Front-wheel drive,0,17.58800783
180,4,104,3687.438135,14.8,2018,USA,Gasoline,Front-wheel drive,0,11.03498223
170,5,134,2639.699518,,2022,Asia,Diesel,All-wheel drive,3,16.94142208
250,3,,3611.958063,14.5,2012,Europe,Gasoline,Front-wheel drive,1,11.71811542
250,1,,2738.44544,21.4,2006,Asia,Diesel,All-wheel drive,-2,14.58959294
160,3,157,3249.506705,12.2,2013,USA,Diesel,All-wheel drive,-1,13.9213029
210,0,189,2837.944249,11.6,2023,Europe,Diesel,Front-wheel drive,0,17.10316404
240,2,,2522.923718,17.5,2011,Europe,Diesel,Front-wheel drive,1,16.33870861
310,5,,2800.652316,,2014,USA,Gasoline,Front-wheel drive,-2,15.84148946
150,5,183,3101.221539,16.8,2002,USA,Gasoline,Front-wheel drive,2,14.6219171
260,6,72,2892.834348,13.5,2005,Europe,Diesel,Front-wheel drive,1,14.81935604
150,4,112,3201.682229,14.9,2018,Asia,Gasoline,All-wheel drive,,13.55966112
230,4,145,3158.739932,18.7,2023,Europe,Diesel,All-wheel drive,1,14.27902225
130,6,184,2958.252155,15.9,2014,Europe,Diesel,All-wheel drive,0,15.24457204
220,6,134,2792.113291,16,2015,Europe,Diesel,All-wheel drive,-1,15.36375933
190,6,150,3441.762046,19.5,2022,USA,Diesel,Front-wheel drive,0,11.73434953
200,5,122,2595.193166,16.4,2009,Europe,Diesel,Front-wheel drive,0,16.34716753
190,2,110,3131.891424,14.7,2002,Asia,Diesel,All-wheel drive,-2,13.98160526
220,1,,2345.894893,17.2,2021,Europe,Gasoline,Front-wheel drive,1,18.53268214
200,5,85,3366.678062,19.1,2007,Asia,Gasoline,All-wheel drive,0,12.18727987
200,4,203,2090.604958,15.8,2005,Europe,Gasoline,Front-wheel drive,0,19.59311571
260,4,172,3832.60314,14.8,2010,USA,Gasoline,Front-wheel drive,0,10.48059034
310,4,,2419.234018,10.4,2009,Asia,Gasoline,Front-wheel drive,-1,18.64745919
150,5,149,3637.499384,9.6,2014,Asia,Diesel,All-wheel drive,-1,13.01147732
160,,129,2823.041895,10.4,2011,Europe,Gasoline,All-wheel drive,1,16.75733288
270,5,170,2939.310742,13.1,2013,Europe,Diesel,All-wheel drive,-3,15.24306527
340,1,176,2814.097252,20.4,2014,USA,Gasoline,All-wheel drive,-1,15.33192589
220,5,128,2785.960625,15.6,2021,Asia,Gasoline,Front-wheel drive,-1,15.87568195
210,3,194,3200.812099,14.5,2000,Europe,Diesel,All-wheel drive,,14.72823134
130,5,174,3020.311046,12.5,2018,USA,Gasoline,Front-wheel drive,-1,15.25552019
270,4,145,3069.870883,14.5,2021,Asia,Gasoline,All-wheel drive,0,14.12491495
180,5,149,3332.312745,16.4,2022,Europe,Gasoline,Front-wheel drive,0,12.69683172
230,6,166,3511.001238,21.3,2015,Asia,Diesel,All-wheel drive,1,12.1964407
190,4,167,3290.815049,19.7,2011,Asia,Diesel,Front-wheel drive,0,13.67634263
250,4,90,2737.0591,19.9,2006,USA,Gasoline,Front-wheel drive,0,14.87463728
220,2,134,2589.321392,14,2001,Europe,Gasoline,Front-wheel drive,-1,17.08748886
210,8,149,3102.424836,15.1,2007,Asia,Diesel,Front-wheel drive,0,15.12954479
200,1,119,2752.379056,13.3,2010,Europe,Diesel,Front-wheel drive,0,16.06481791
250,1,123,2963.167471,12.8,2014,Europe,Gasoline,Front-wheel drive,-1,15.54081602
240,6,119,2925.282953,16,2011,Asia,Diesel,All-wheel drive,1,14.85974245
160,1,144,2709.07287,14.8,2001,Europe,Gasoline,Front-wheel drive,0,17.05049595
270,7,,2798.64957,12.3,2006,Asia,Gasoline,All-wheel drive,,15.93761555
200,2,188,3149.653703,12.2,2009,Europe,Diesel,Front-wheel drive,0,14.76414581
130,1,124,2880.626648,15.8,2012,Europe,Diesel,Front-wheel drive,-2,15.49865728
180,0,188,1655.701608,13.5,2011,Europe,Diesel,Front-wheel drive,-1,22.54729762
310,4,134,2403.687053,14.6,2018,USA,Gasoline,Front-wheel drive,0,18.26273895
250,3,161,3562.074313,16.8,2016,USA,Diesel,All-wheel drive,0,12.34812323
200,4,139,2260.606956,14,2020,Asia,Diesel,All-wheel drive,0,19.07104421
250,4,140,2708.535127,13.2,2003,Asia,Diesel,All-wheel drive,,16.32381689
180,2,159,2706.719339,16.7,2006,Asia,Diesel,All-wheel drive,1,16.30769055
280,5,173,2487.535685,13.7,2015,Europe,Diesel,Front-wheel drive,-1,17.73658483
120,3,105,3183.006074,15.2,2012,Asia,Gasoline,Front-wheel drive,0,14.02070022
190,1,143,2320.879247,,2009,USA,Gasoline,All-wheel drive,0,18.49056057
150,4,159,2605.880111,12.8,2012,Asia,Gasoline,Front-wheel drive,,16.92519206
250,4,183,2474.807548,15.6,2012,Europe,Diesel,All-wheel drive,0,17.58476471
180,2,132,2172.274157,,2016,Europe,Gasoline,Front-wheel drive,0,18.41353603
190,2,76,2600.252672,10.2,2016,Asia,Gasoline,Front-wheel drive,1,17.50234465
300,2,164,3432.505503,21.9,2020,Asia,Diesel,All-wheel drive,0,12.58370985
160,3,178,2606.156138,16.2,2013,USA,Diesel,All-wheel drive,1,17.25354752
270,5,174,3190.204999,14.3,2004,USA,Gasoline,Front-wheel drive,0,13.75033561
220,6,109,3798.636787,15.2,2023,Asia,Gasoline,Front-wheel drive,1,10.1617749
300,4,174,3089.110434,12.3,2011,Europe,Gasoline,Front-wheel drive,1,15.21934358
140,4,121,3663.328602,12.8,2019,Europe,Diesel,Front-wheel drive,1,11.63461072
130,4,142,2741.799801,20,2012,USA,Diesel,All-wheel drive,-2,15.69844729
250,4,202,2769.868266,16.8,2006,Europe,Diesel,Front-wheel drive,0,16.63446238
170,4,,3448.228051,12.7,2006,Europe,Gasoline,All-wheel drive,1,13.02340869
200,,182,3948.409879,,2007,Europe,Diesel,All-wheel drive,1,10.64081004
210,4,130,2681.35985,21.3,2017,Asia,Diesel,All-wheel drive,1,15.54986906
200,4,158,2633.976499,13.7,2011,Europe,Gasoline,Front-wheel drive,2,17.26929781
200,6,192,2899.233703,17.8,2021,Europe,Gasoline,All-wheel drive,1,15.97379505
220,1,199,3392.334958,16.3,2019,Asia,Diesel,All-wheel drive,,13.71943358
280,8,155,1699.486814,15.2,2016,Asia,Diesel,Front-wheel drive,0,20.91235172
230,7,147,2687.417991,15.9,2019,Asia,Diesel,All-wheel drive,0,16.31750905
150,2,133,3328.632936,20,2002,Europe,Diesel,Front-wheel drive,-2,12.53519366
230,4,160,3457.151633,16.1,2022,Asia,Gasoline,Front-wheel drive,0,12.16229783
190,3,191,2696.754378,15.4,2016,Europe,Diesel,All-wheel drive,0,16.57908474
210,4,190,2803.471944,19.5,2006,Europe,Gasoline,Front-wheel drive,-1,15.7749985
280,4,123,3396.249816,16.3,2008,Europe,Gasoline,All-wheel drive,-1,13.08174435
200,5,151,3222.528592,,2008,Asia,Diesel,All-wheel drive,1,14.04532984
140,4,164,3920.700066,13.4,2012,Asia,Gasoline,All-wheel drive,-1,10.46567812
190,5,166,1960.439992,13.3,2023,Asia,Diesel,Front-wheel drive,0,20.30976076
150,3,179,3275.235916,16.9,2001,USA,Diesel,All-wheel drive,0,13.46635034
170,6,121,3785.906583,18.1,2002,Europe,Diesel,Front-wheel drive,1,10.33975975
290,1,181,2602.218251,11.7,2012,Europe,Gasoline,Front-wheel drive,0,17.48709118
170,0,102,3140.418335,15.1,2015,USA,Gasoline,Front-wheel drive,0,13.36593171
170,3,110,3322.377602,19.1,2015,Europe,Gasoline,Front-wheel drive,1,12.63715536
230,4,181,3363.845019,22.8,2003,USA,Gasoline,All-wheel drive,-2,13.17578436
210,3,146,2691.075157,13,2009,Europe,Diesel,Front-wheel drive,3,16.15797017
260,5,150,3138.224974,13.2,2017,Europe,Gasoline,Front-wheel drive,0,14.57519524
180,4,200,2617.509468,13.2,2022,Asia,Gasoline,All-wheel drive,-1,18.32718701
220,,160,2737.328068,11.1,2010,Europe,Gasoline,Front-wheel drive,2,16.47435343
180,4,157,1586.190833,,2008,USA,Gasoline,All-wheel drive,0,22.28420802
150,8,98,3697.61882,15.8,2003,USA,Diesel,Front-wheel drive,0,10.97691894
150,,165,3220.279452,,2020,USA,Diesel,Front-wheel drive,,13.83686165
220,4,114,2513.75899,12.2,2015,Asia,Diesel,Front-wheel drive,0,17.72584913
250,7,160,2202.387115,9.4,2000,Europe,Diesel,All-wheel drive,0,19.82235757
190,6,149,3115.854497,13.4,2005,Europe,Diesel,All-wheel drive,1,14.90013359
190,,150,2696.913538,9.2,2015,Asia,Diesel,Front-wheel drive,0,17.64237664
190,4,153,3424.448679,11.8,2012,Europe,Diesel,Front-wheel drive,0,13.28253254
250,4,149,2863.066182,15.7,2004,Asia,Gasoline,Front-wheel drive,2,16.10061306
190,,128,2474.150543,14.3,2013,Asia,Gasoline,All-wheel drive,-1,17.74149442
200,7,147,3177.52812,13.6,2010,USA,Gasoline,All-wheel drive,0,14.76162745
220,,160,3494.243554,15.1,2003,Asia,Diesel,All-wheel drive,-1,12.40268757
180,3,109,2825.292837,16.4,2019,Asia,Gasoline,Front-wheel drive,,14.11109312
250,5,152,3302.356311,15.4,2007,USA,Diesel,Front-wheel drive,0,13.38755259
200,5,119,2863.061353,11.5,2022,USA,Diesel,Front-wheel drive,0,15.99639232
130,5,115,3252.817065,12.4,2020,Europe,Diesel,All-wheel drive,0,13.00981968
210,3,145,3054.84128,16,2021,Asia,Gasoline,All-wheel drive,-1,14.21687098
160,4,122,2357.204919,,2011,Europe,Diesel,Front-wheel drive,-1,18.94557514
160,6,149,2884.634836,15.6,2002,Europe,Gasoline,All-wheel drive,1,15.35083878
210,4,200,3205.820108,13.9,2020,Europe,Gasoline,All-wheel drive,1,14.60637258
280,4,172,3724.64118,11.7,2001,Asia,Gasoline,All-wheel drive,0,11.57862206
220,4,153,3043.611889,12.8,2008,Europe,Gasoline,All-wheel drive,0,15.29072433
220,4,177,3693.376615,,2003,Asia,Gasoline,Front-wheel drive,-3,11.28273278
260,,138,3074.207529,14.6,2020,Asia,Gasoline,All-wheel drive,-1,14.83224962
210,6,159,4131.106849,16.5,2002,Asia,Diesel,Front-wheel drive,0,9.578060653
130,5,149,3227.404217,14.5,2022,Asia,Gasoline,All-wheel drive,0,13.44821289
170,6,121,2801.049706,17.6,2006,Europe,Diesel,Front-wheel drive,0,15.95848939
140,4,143,3989.511348,14.3,2012,USA,Diesel,All-wheel drive,0,10.51791749
240,5,122,3279.457631,,2007,USA,Diesel,Front-wheel drive,0,13.75131886
130,4,105,3323.946293,16,2003,Asia,Gasoline,All-wheel drive,0,12.51627251
230,6,,2773.198466,15.1,2002,Asia,Gasoline,All-wheel drive,2,15.96843754
230,2,124,3311.366914,15.9,2021,USA,Gasoline,Front-wheel drive,0,12.1964735
220,6,134,2550.288025,12.9,2009,USA,Gasoline,Front-wheel drive,1,17.78682972
210,3,141,3165.087511,13.7,2000,Asia,Gasoline,All-wheel drive,-1,13.86722329
90,7,143,3348.131992,12.4,2003,Europe,Diesel,All-wheel drive,2,12.86930038
120,3,141,2999.683392,14.2,2021,Asia,Gasoline,Front-wheel drive,0,14.50171958
250,1,182,2380.755976,10.5,2020,USA,Gasoline,All-wheel drive,1,19.30638924
200,6,174,3873.73578,15.7,2017,Europe,Diesel,Front-wheel drive,-1,9.86382367
190,0,100,3921.32659,13.9,2009,Asia,Diesel,Front-wheel drive,0,10.25966654
220,6,138,2676.043036,15.5,2004,USA,Gasoline,Front-wheel drive,0,16.00757913
200,3,153,2665.762645,12.1,2012,Europe,Diesel,Front-wheel drive,-1,17.03047909
180,7,169,4292.421766,17.4,2006,USA,Diesel,Front-wheel drive,-1,7.956867309
240,,148,2184.342816,13.8,2001,Europe,Gasoline,Front-wheel drive,-1,19.52689542
130,3,178,2969.526745,15.9,2020,Asia,Gasoline,Front-wheel drive,1,15.59949881
260,2,144,3320.038635,15.9,2012,Europe,Gasoline,All-wheel drive,1,13.1181921
150,5,180,4056.066395,14.8,2005,Asia,Diesel,All-wheel drive,0,10.56828868
200,4,127,2723.328584,13,2013,Asia,Diesel,All-wheel drive,-1,16.95830757
220,4,160,3067.727823,10.7,2022,USA,Gasoline,Front-wheel drive,0,15.04443252
190,1,139,2419.96121,14.6,2016,Asia,Gasoline,Front-wheel drive,1,17.8885145
190,3,,3064.356569,,2002,Asia,Diesel,All-wheel drive,-1,14.38488871
280,4,148,2846.950923,13.1,2021,Asia,Diesel,Front-wheel drive,-2,16.92372149
150,2,,2513.122652,12.7,2016,Europe,Diesel,All-wheel drive,0,17.29227088
200,2,184,3689.507985,12.9,2012,Europe,Gasoline,Front-wheel drive,0,13.00345764
190,4,138,3696.981857,14.6,2019,Europe,Diesel,All-wheel drive,-1,11.17825088
140,4,130,2657.011389,15.8,2005,Asia,Gasoline,All-wheel drive,0,16.74385018
190,2,145,4273.867878,16.8,2022,USA,Gasoline,Front-wheel drive,0,8.598851825
180,3,147,3748.901395,12,2011,Asia,Gasoline,Front-wheel drive,0,11.7577941
170,6,160,2654.643614,15.8,2008,Europe,Diesel,All-wheel drive,0,16.62204431
240,2,123,3331.943177,16.7,2017,Europe,Diesel,All-wheel drive,-1,13.05458058
180,4,143,2815.159716,17.3,2015,Europe,Gasoline,All-wheel drive,2,16.1555079
230,3,,2766.447875,12,2018,Asia,Diesel,All-wheel drive,1,16.56689393
170,1,186,2915.30165,12.8,2007,Asia,Gasoline,Front-wheel drive,0,15.95384315
130,3,155,2732.816562,16,2015,Europe,Diesel,Front-wheel drive,,16.56172898
180,,126,3312.451405,18,2002,USA,Diesel,Front-wheel drive,0,13.11725656
160,3,194,2357.438333,16.1,2002,Europe,Diesel,Front-wheel drive,-1,17.75688834
220,6,,3464.316918,13.5,2005,Europe,Gasoline,Front-wheel drive,-2,13.15224252
160,5,178,2804.085909,12,2013,Europe,Gasoline,Front-wheel drive,0,16.85645263
180,2,152,3249.923429,16.8,2005,Europe,Gasoline,Front-wheel drive,2,13.74130162
170,6,113,2915.976346,11.7,2015,USA,Diesel,All-wheel drive,2,15.36919259
180,,142,2368.214181,20.3,2015,Europe,Gasoline,All-wheel drive,-1,17.69590612
290,5,150,3246.119162,,2009,USA,Diesel,All-wheel drive,-1,12.78744049
240,6,103,3585.711918,10.8,2014,USA,Diesel,All-wheel drive,1,11.98348107
230,5,120,2482.587635,11.3,2004,USA,Gasoline,All-wheel drive,-1,17.78268927
260,5,154,3155.958119,19.6,2017,Europe,Diesel,All-wheel drive,1,13.43609258
260,3,172,3438.427936,15.3,2007,Europe,Diesel,Front-wheel drive,,13.27239652
130,3,125,2766.3736,,2003,Asia,Diesel,All-wheel drive,,15.88838024
190,6,163,3280.129767,14.9,2004,Europe,Diesel,All-wheel drive,0,13.4480921
200,6,152,2997.330955,17.4,2004,USA,Gasoline,All-wheel drive,1,14.24910622
210,6,147,2681.103881,15.5,2005,USA,Gasoline,All-wheel drive,1,15.62324298
190,5,115,3245.306767,14.1,2011,Asia,Gasoline,Front-wheel drive,0,13.73421827
300,5,145,3443.597563,14.7,2018,Europe,Gasoline,All-wheel drive,0,12.33232007
200,2,169,2869.606696,17.5,2018,Asia,Gasoline,All-wheel drive,-2,15.74796066
170,3,192,2387.987777,15.6,2014,USA,Diesel,All-wheel drive,2,18.87625076
240,8,106,3232.919455,18.5,2023,Europe,Diesel,Front-wheel drive,0,12.39794518
170,3,157,2628.541916,13.5,2019,Europe,Diesel,Front-wheel drive,2,17.20002754
190,4,193,3681.227979,15.6,2006,USA,Diesel,Front-wheel drive,2,12.13454945
150,1,117,3105.003763,18.3,2021,USA,Gasoline,All-wheel drive,-1,14.189125
160,4,140,2796.994455,17.6,2023,Europe,Gasoline,All-wheel drive,0,15.20168556
180,5,130,3156.241438,,2023,Asia,Diesel,All-wheel drive,0,14.05441044
280,2,144,3074.681384,,2010,USA,Gasoline,Front-wheel drive,-2,14.99399421
220,1,168,2706.460138,17.9,2016,Asia,Diesel,Front-wheel drive,0,16.64119364
200,0,,3798.318494,14.3,2023,USA,Gasoline,All-wheel drive,0,11.34352828
220,1,128,2940.178347,16.7,2013,USA,Diesel,All-wheel drive,0,14.34075588
290,7,187,2440.508039,,2019,USA,Gasoline,All-wheel drive,-1,18.40443466
270,4,198,2565.664681,10.3,2008,Europe,Diesel,All-wheel drive,1,17.96836398
100,,157,3419.534389,16.5,2002,USA,Gasoline,All-wheel drive,0,12.29973696
180,2,173,2634.423566,,2008,USA,Diesel,Front-wheel drive,1,16.38930917
220,8,150,2812.026579,8.7,2012,Asia,Gasoline,All-wheel drive,1,16.60835003
160,3,160,2814.729928,,2014,USA,Diesel,Front-wheel drive,0,16.94330246
110,4,129,2279.051568,16.9,2007,Asia,Gasoline,Front-wheel drive,0,18.54889435
210,6,131,2645.91898,,2010,Asia,Diesel,Front-wheel drive,1,16.49434879
260,4,93,3715.570586,20.1,2023,Asia,Diesel,All-wheel drive,-1,10.25840033
240,5,,3433.43357,15.7,2008,Asia,Diesel,All-wheel drive,-2,12.91158061
150,1,134,2925.570975,15.7,2017,USA,Gasoline,All-wheel drive,0,14.53518933
200,4,164,3785.648172,10.6,2018,Europe,Gasoline,Front-wheel drive,1,12.01623376
300,8,129,2914.278961,18.6,2011,Europe,Diesel,All-wheel drive,1,14.81270079
210,2,,3294.223434,,2019,USA,Gasoline,All-wheel drive,1,13.78698386
140,7,159,2668.548798,,2005,Asia,Diesel,All-wheel drive,0,17.78203357
230,2,161,2887.786921,13.9,2021,Asia,Diesel,Front-wheel drive,1,15.55425111
250,5,111,3349.061453,11.8,2009,Asia,Diesel,Front-wheel drive,1,13.32807437
200,4,133,2454.997781,18.8,2012,Asia,Gasoline,All-wheel drive,-1,16.97577732
250,,,2690.520655,12.8,2006,USA,Gasoline,Front-wheel drive,2,15.8299639
130,6,40,3229.259098,18.9,2006,Asia,Diesel,Front-wheel drive,1,12.16060661
210,8,104,3470.902792,17.8,2019,Europe,Gasoline,Front-wheel drive,0,11.51249398
220,1,195,3119.691051,14.7,2010,Europe,Diesel,All-wheel drive,1,15.50761599
230,6,173,2936.591527,,2007,Asia,Diesel,All-wheel drive,-1,15.55148871
270,6,169,2963.488575,14.8,2020,Asia,Gasoline,Front-wheel drive,1,14.97800565
180,0,114,3224.553143,13.3,2004,USA,Diesel,All-wheel drive,0,13.67053824
240,4,104,3541.45752,,2016,USA,Diesel,All-wheel drive,,12.14895699
250,6,173,1354.78712,17.3,2007,Asia,Gasoline,Front-wheel drive,0,22.85815569
190,5,167,2519.384812,12.3,2020,Asia,Gasoline,Front-wheel drive,0,17.39407693
230,5,108,2904.776952,12.7,2017,Asia,Diesel,Front-wheel drive,0,15.72279461
210,6,213,2510.915599,11.2,2008,Asia,Gasoline,Front-wheel drive,-2,18.1757224
260,3,126,2008.437607,17.2,2002,Europe,Gasoline,All-wheel drive,0,19.00547436
140,4,149,3177.057094,,2015,Asia,Gasoline,All-wheel drive,0,14.59166013
190,5,211,3028.346716,15.8,2013,Asia,Gasoline,All-wheel drive,1,15.66489901
160,3,124,3216.335757,13.7,2021,Europe,Gasoline,Front-wheel drive,0,13.70486303
230,1,139,2487.757417,17.8,2012,USA,Gasoline,All-wheel drive,0,17.21999323
140,3,198,2797.64614,12.7,2013,Asia,Diesel,All-wheel drive,0,16.41731448
160,6,175,2918.221476,,2011,USA,Diesel,Front-wheel drive,-2,16.30819127
200,3,183,2535.850081,10.2,2004,Europe,Gasoline,Front-wheel drive,-1,18.06854546
170,2,117,3087.305968,16.2,2005,USA,Diesel,All-wheel drive,2,14.19835867
210,2,192,2854.907245,16.5,2006,Europe,Gasoline,Front-wheel drive,-2,15.79278601
170,7,159,3750.877938,13.5,2017,Asia,Diesel,All-wheel drive,-1,11.11906446
190,6,115,3933.530971,13.8,2000,USA,Diesel,Front-wheel drive,1,10.86357708
270,7,135,3642.564109,14.2,2009,USA,Diesel,All-wheel drive,1,11.43326178
150,3,205,2885.877609,14.4,2011,Asia,Diesel,Front-wheel drive,0,16.42710515
170,8,163,3256.561856,18.8,2012,Europe,Gasoline,Front-wheel drive,1,13.21547522
220,1,145,2805.924343,8.9,2012,USA,Diesel,All-wheel drive,-1,17.22685101
160,7,149,3062.819379,15.2,2001,Europe,Gasoline,All-wheel drive,-2,14.37363977
240,4,127,2713.747728,18,2019,Europe,Gasoline,Front-wheel drive,2,16.09415637
220,4,143,3617.541225,,2003,Asia,Gasoline,Front-wheel drive,-3,11.9272141
170,6,213,3864.651125,14.4,2017,Asia,Gasoline,Front-wheel drive,0,10.95765731
120,3,,2847.109173,16.8,2012,Asia,Gasoline,All-wheel drive,0,15.72557738
230,5,,3257.440215,16.8,2019,Asia,Gasoline,All-wheel drive,2,13.15853284
170,4,,2670.425168,16.3,2017,Asia,Diesel,All-wheel drive,1,16.99988205
160,4,125,2794.196383,12.7,2020,Europe,Diesel,All-wheel drive,-3,16.12212288
160,4,57,3362.975357,16.4,2002,Asia,Gasoline,All-wheel drive,1,11.24557812
130,5,124,2428.345095,17.5,2017,Asia,Diesel,All-wheel drive,1,17.40516204
110,7,,3262.842249,12.4,2011,USA,Diesel,Front-wheel drive,,14.04516057
180,5,193,3846.977754,11.3,2010,Asia,Diesel,Front-wheel drive,2,11.66023384
280,3,217,3768.789325,15.6,2020,Asia,Diesel,Front-wheel drive,0,11.43758132
130,4,,2620.179827,18.6,2014,Europe,Gasoline,All-wheel drive,1,16.50887499
200,6,164,3127.323786,13.4,2017,USA,Gasoline,All-wheel drive,2,15.52612591
200,10,120,2881.512613,,2012,Asia,Diesel,Front-wheel drive,0,15.39939852
180,2,,2710.739333,15.5,2004,USA,Gasoline,Front-wheel drive,1,15.99146503
200,3,106,2898.933789,14.1,2017,Asia,Diesel,Front-wheel drive,3,15.18165973
170,3,,3589.617492,15.5,2017,USA,Gasoline,Front-wheel drive,-2,11.7174906
200,3,151,3123.341074,15.9,2010,Asia,Gasoline,All-wheel drive,0,14.2303849
230,4,141,3507.635867,18.5,2016,USA,Gasoline,All-wheel drive,1,11.36354438
180,5,125,3446.450965,12.1,2003,Asia,Gasoline,Front-wheel drive,2,12.22803903
160,1,176,2950.506864,17.8,2023,USA,Diesel,All-wheel drive,0,15.06234545
180,3,149,3119.492147,14.4,2012,Asia,Gasoline,Front-wheel drive,2,14.48474819
300,,124,3605.524246,,2014,Europe,Gasoline,All-wheel drive,0,11.89213868
280,5,136,2990.717842,20.5,2004,Europe,Gasoline,Front-wheel drive,1,13.94231479
290,4,153,3117.063879,15.6,2009,Europe,Diesel,All-wheel drive,0,14.98909228
230,6,136,2776.559877,13.9,2022,Asia,Diesel,All-wheel drive,0,15.4703675
140,6,104,3322.892797,12.9,2022,USA,Diesel,Front-wheel drive,-1,13.67232687
130,2,131,2482.550772,,2001,Asia,Gasoline,Front-wheel drive,0,17.58973057
140,5,146,3131.598295,,2019,Asia,Gasoline,Front-wheel drive,1,13.92583485
220,6,169,3291.643628,12.3,2001,Asia,Gasoline,Front-wheel drive,1,14.08674361
140,6,129,2264.784884,18.1,2022,Asia,Diesel,All-wheel drive,1,18.13038602
210,1,128,2922.846351,15.8,2001,Europe,Gasoline,Front-wheel drive,1,15.09872449
150,8,,2491.752421,17.6,2014,USA,Gasoline,Front-wheel drive,0,16.66588767
80,3,167,2232.86406,15.7,2014,USA,Gasoline,Front-wheel drive,-3,18.96071025
70,3,157,2333.467773,14.5,2016,Europe,Gasoline,All-wheel drive,,18.42654814
200,2,201,2842.504466,20.1,2021,Europe,Diesel,All-wheel drive,-1,16.68170693
210,3,152,3633.374755,15,2019,Europe,Gasoline,Front-wheel drive,2,12.09806075
230,6,161,3484.995569,18,2023,Europe,Diesel,All-wheel drive,-1,12.81505855
270,3,90,2049.328307,,2010,Europe,Gasoline,Front-wheel drive,1,18.94554317
270,3,152,2693.607337,15.9,2013,Asia,Gasoline,Front-wheel drive,0,16.43609425
190,4,152,2948.037091,17.4,2011,Europe,Diesel,All-wheel drive,2,14.72895531
190,4,165,3220.668715,17.2,2007,USA,Diesel,Front-wheel drive,0,14.11840887
120,,97,2536.190387,,2010,Europe,Gasoline,Front-wheel drive,-1,16.26241583
220,4,151,2661.936141,15.7,2001,Asia,Gasoline,Front-wheel drive,3,16.37328913
140,4,237,3763.20512,,2011,Asia,Diesel,All-wheel drive,0,12.46785294
230,4,190,2780.671707,17.1,2016,Asia,Diesel,Front-wheel drive,0,16.28412128
180,6,139,2921.490821,19.6,2013,Asia,Diesel,All-wheel drive,2,14.10590643
220,,114,3149.491983,15.4,2001,Europe,Diesel,Front-wheel drive,0,14.04593637
200,6,,2438.209734,13.5,2018,USA,Diesel,Front-wheel drive,1,18.15713635
180,7,123,2533.422296,15.3,2003,Europe,Diesel,Front-wheel drive,0,16.83899831
110,7,124,2292.586182,19.7,2021,Europe,Diesel,Front-wheel drive,0,18.11359213
200,2,114,2147.289939,17.6,2008,USA,Diesel,Front-wheel drive,1,18.91310124
110,4,197,2962.724926,10.9,2020,USA,Diesel,Front-wheel drive,0,16.0995468
240,,167,2977.829639,15.3,2013,Asia,Gasoline,All-wheel drive,2,15.81105725
220,2,140,3136.799681,15.8,2011,Asia,Diesel,Front-wheel drive,,14.17005831
160,6,166,3365.825666,17.6,2015,USA,Gasoline,Front-wheel drive,-2,13.00382265
250,4,163,2827.916329,17.9,2001,Europe,Diesel,Front-wheel drive,0,16.60256662
150,1,165,3632.316332,15.9,2001,Asia,Diesel,All-wheel drive,-2,12.32386393
170,5,152,2724.701623,16.8,2009,USA,Diesel,All-wheel drive,1,16.24148882
120,3,152,2865.307138,14.3,2006,USA,Gasoline,All-wheel drive,0,15.92035667
190,,166,3788.773134,13.4,2022,Europe,Gasoline,All-wheel drive,0,11.54407257
210,9,162,2742.40115,15.3,2015,Europe,Diesel,All-wheel drive,0,15.78297208
230,4,104,2696.37255,15.3,2020,USA,Diesel,All-wheel drive,-2,16.01727285
190,2,130,3089.440624,15.4,2002,Europe,Diesel,All-wheel drive,0,14.66966137
170,,162,2957.134907,16.1,2014,Europe,Diesel,All-wheel drive,1,14.67094714
250,2,211,3278.163084,13.1,2015,Europe,Gasoline,Front-wheel drive,0,14.58626527
210,7,192,3247.484665,15.5,2009,Asia,Diesel,All-wheel drive,-3,13.50659245
180,7,152,3078.33012,15.7,2003,USA,Diesel,Front-wheel drive,0,13.77279753
140,5,200,2970.163293,17.4,2013,Asia,Gasoline,Front-wheel drive,0,15.32274247
230,5,175,2222.783408,12,2012,Europe,Gasoline,All-wheel drive,1,19.03323324
170,6,177,3480.287803,11.6,2003,Europe,Diesel,Front-wheel drive,-1,12.69680888
50,,133,2864.863475,14.7,2021,Asia,Gasoline,Front-wheel drive,1,15.66475176
180,2,171,2756.050804,16.2,2022,USA,Diesel,All-wheel drive,0,15.97034814
260,5,97,3664.594235,11.4,2021,USA,Diesel,All-wheel drive,0,11.11507026
240,1,160,3565.112061,12.8,2023,USA,Diesel,Front-wheel drive,0,12.42799301
150,1,169,2728.448708,13.4,2008,Europe,Diesel,All-wheel drive,0,16.98145689
240,7,164,4052.015087,14,2018,USA,Gasoline,Front-wheel drive,0,10.29473708
90,1,116,2888.611407,18,2018,Asia,Diesel,Front-wheel drive,0,14.53876054
160,6,135,3277.716814,17.1,2021,Europe,Gasoline,Front-wheel drive,-1,13.00338372
230,5,193,3227.792369,16.5,2016,Europe,Diesel,Front-wheel drive,-2,14.39516025
150,2,126,3165.387252,17.3,2018,Asia,Gasoline,Front-wheel drive,-1,13.22180684
220,6,123,2983.054539,19.6,2007,Europe,Gasoline,Front-wheel drive,-1,14.4851179
200,5,186,2844.524893,18.3,2010,Asia,Gasoline,Front-wheel drive,-1,14.68209866
70,3,158,2612.910502,,2014,Europe,Gasoline,Front-wheel drive,0,17.16824324
240,2,145,2475.639094,10.7,2010,USA,Gasoline,Front-wheel drive,1,18.73004372
240,3,183,3258.445472,16.2,2020,Asia,Diesel,Front-wheel drive,-1,13.82429866
160,6,129,2913.408685,11.9,2010,USA,Gasoline,All-wheel drive,1,15.37376682
210,,,4326.824064,14.9,2009,Europe,Diesel,All-wheel drive,-1,7.610048053
240,6,187,3637.629524,10.3,2001,Europe,Diesel,All-wheel drive,0,12.66977088
130,5,,2867.723588,,2018,Europe,Gasoline,All-wheel drive,0,15.16275578
210,3,144,2873.809695,12.8,2021,Europe,Diesel,Front-wheel drive,0,15.73416946
210,4,162,2816.370384,16.8,2019,Asia,Gasoline,All-wheel drive,0,15.61658446
230,0,172,2895.298111,19,2011,Asia,Diesel,Front-wheel drive,-1,14.81883939
160,6,97,2815.718971,,2008,USA,Gasoline,All-wheel drive,1,15.02983831
200,4,145,2848.424312,15.8,2021,Asia,Gasoline,Front-wheel drive,0,15.2957498
140,6,114,2958.277227,14.5,2018,Asia,Gasoline,Front-wheel drive,-1,15.01608566
240,2,214,3698.458668,13.4,2014,Asia,Diesel,Front-wheel drive,0,12.48926434
220,5,103,2959.978086,13.7,2013,USA,Gasoline,Front-wheel drive,1,14.88404861
220,1,151,2670.38052,14.9,2017,Europe,Gasoline,Front-wheel drive,-1,17.21721605
200,3,110,2859.300947,12.6,2017,USA,Diesel,Front-wheel drive,1,15.24143596
150,5,146,3122.512605,16.5,2003,Asia,Gasoline,All-wheel drive,0,14.2255842
180,3,114,2742.484115,16.3,2022,Europe,Diesel,All-wheel drive,0,16.02314746
270,4,184,2832.481662,15.2,2006,Europe,Diesel,Front-wheel drive,2,16.17848853
220,1,125,3281.24678,12.8,2013,Europe,Diesel,All-wheel drive,3,12.46357136
140,3,174,2444.656578,12.3,2016,Asia,Diesel,All-wheel drive,-2,18.05099389
260,3,78,3102.29918,13.5,2004,Asia,Gasoline,All-wheel drive,,13.34300771
150,3,143,3384.808579,16.8,2016,Europe,Gasoline,Front-wheel drive,-1,12.80557638
240,3,149,3128.796363,15.8,2008,Europe,Gasoline,Front-wheel drive,-1,13.22504074
200,3,86,2748.30574,12.4,2019,Europe,Diesel,All-wheel drive,-1,14.90739293
200,3,192,3317.802816,14.8,2005,USA,Gasoline,All-wheel drive,0,14.4044069
170,6,158,3103.24885,14.7,2016,Asia,Diesel,Front-wheel drive,0,14.53609203
210,4,107,2944.728147,12.8,2005,Europe,Gasoline,All-wheel drive,-2,15.03952778
180,5,149,2870.559685,,2021,USA,Diesel,All-wheel drive,-1,16.46144851
160,7,179,3227.148748,17.2,2012,Europe,Gasoline,All-wheel drive,0,13.43688389
170,2,163,2277.01961,15.2,2006,Europe,Diesel,All-wheel drive,0,19.30903651
220,7,183,2905.95498,14.9,2001,Asia,Diesel,All-wheel drive,,16.21929046
170,2,,2972.333678,16.4,2021,Asia,Gasoline,Front-wheel drive,1,13.31171282
160,4,183,3058.178818,12.5,2014,USA,Diesel,All-wheel drive,1,14.87046635
210,2,75,3361.390311,14.4,2006,USA,Gasoline,All-wheel drive,-1,12.58210556
270,6,148,2973.951474,16.1,2008,Europe,Gasoline,All-wheel drive,,14.33913847
200,6,136,3760.005673,14.3,2018,USA,Gasoline,All-wheel drive,1,11.38402595
170,9,192,3527.820469,17.5,2017,USA,Diesel,Front-wheel drive,0,12.64832843
240,2,150,3736.302847,13.9,2000,Asia,Gasoline,Front-wheel drive,0,11.61482641
220,3,158,2724.103533,16.1,2003,Europe,Diesel,Front-wheel drive,0,16.08244346
160,7,195,2255.544633,12.6,2021,Asia,Gasoline,Front-wheel drive,-1,19.69961346
150,5,180,3282.158508,10.7,2013,Europe,Diesel,Front-wheel drive,0,13.65328195
210,6,96,3046.049021,12.2,2008,Asia,Gasoline,All-wheel drive,-1,15.20266576
210,4,186,2749.314954,15.2,2002,Asia,Gasoline,Front-wheel drive,1,16.23363573
240,5,149,2741.45767,15.9,2015,Europe,Gasoline,Front-wheel drive,-2,15.91249427
250,0,170,3235.501162,17.1,2008,USA,Gasoline,All-wheel drive,0,13.93550253
190,5,165,2711.345692,17.9,2011,Europe,Gasoline,All-wheel drive,1,16.75694705
210,2,152,3370.605144,15.9,2004,Europe,Gasoline,Front-wheel drive,0,13.73018592
180,2,157,3100.36505,13.5,2013,Europe,Gasoline,Front-wheel drive,0,14.63000028
240,6,101,3531.69796,11.1,2017,Europe,Diesel,Front-wheel drive,-2,12.39571849
250,0,128,2319.323533,13.7,2008,Europe,Gasoline,Front-wheel drive,2,18.76815206
200,4,163,2138.270791,12.9,2009,Europe,Gasoline,Front-wheel drive,0,19.79964762
200,4,176,2266.848958,16.6,2002,Asia,Gasoline,Front-wheel drive,0,18.6633202
290,6,187,2709.246074,14,2022,Asia,Diesel,All-wheel drive,0,16.7099925
250,2,180,3046.059463,15.9,2010,USA,Gasoline,Front-wheel drive,0,15.08216383
210,5,116,3072.101271,12.7,2014,Europe,Diesel,Front-wheel drive,0,14.67765704
230,3,206,3299.975896,14.8,2015,Asia,Gasoline,All-wheel drive,0,13.8800498
220,4,157,3091.884751,12.4,2015,Europe,Diesel,All-wheel drive,0,14.37282462
130,2,177,2777.423028,14.3,2013,USA,Gasoline,All-wheel drive,1,16.31479286
230,6,180,3504.511367,17.8,2022,Europe,Gasoline,Front-wheel drive,-2,12.71188387
190,3,183,2033.530672,8.7,2014,Europe,Diesel,Front-wheel drive,1,19.8786077
300,5,146,3366.989939,15.6,2016,Europe,Diesel,Front-wheel drive,-1,13.01836282
220,,147,3658.895694,,2000,Europe,Diesel,Front-wheel drive,1,11.57349263
160,3,131,2559.583133,13.5,2001,Asia,Gasoline,Front-wheel drive,-2,17.4204905
240,4,191,2834.615785,12,2015,Europe,Diesel,All-wheel drive,1,16.40505189
200,2,183,2463.579822,17.3,2009,Europe,Gasoline,All-wheel drive,-1,17.32950671
110,4,105,2590.875486,10.3,2001,Europe,Diesel,Front-wheel drive,1,17.13239026
90,2,89,2725.955546,16.2,2021,Asia,Diesel,All-wheel drive,-1,14.84006536
130,2,131,1855.770305,19.3,2003,Europe,Diesel,Front-wheel drive,0,19.45408414
220,2,130,4332.523113,16.4,2005,Asia,Gasoline,All-wheel drive,-2,7.701908867
190,6,,2975.23211,15.8,2013,Europe,Diesel,Front-wheel drive,0,14.72483753
240,1,109,2980.521231,11.9,2012,Europe,Diesel,Front-wheel drive,1,15.14957914
140,4,127,2504.434799,13.7,2001,USA,Diesel,All-wheel drive,-1,17.62598409
190,4,146,2962.54472,,2016,USA,Gasoline,Front-wheel drive,0,14.48559685
140,,187,2851.56398,15.3,2017,Asia,Gasoline,Front-wheel drive,1,15.92980956
180,3,128,2631.931399,17,2014,Europe,Gasoline,All-wheel drive,-1,16.93310253
90,4,,2421.671875,17.3,2003,Asia,Gasoline,Front-wheel drive,-1,16.65723591
200,1,,3504.102124,12.8,2021,Asia,Diesel,Front-wheel drive,-2,13.13874694
240,4,,2913.71978,11.5,2021,Asia,Diesel,Front-wheel drive,-1,16.27378787
130,2,136,2641.776362,17.4,2021,Asia,Diesel,Front-wheel drive,1,16.26290217
240,4,164,3346.255157,14,2007,Europe,Diesel,All-wheel drive,1,13.41172665
280,6,151,3341.782363,14.3,2011,Asia,Diesel,Front-wheel drive,0,13.4913686
180,3,143,3069.847682,15.6,2010,Asia,Gasoline,Front-wheel drive,-1,14.36788422
230,3,152,3460.055525,12.1,2010,USA,Diesel,All-wheel drive,1,13.91734578
220,2,143,2466.927434,15.4,2008,USA,Gasoline,Front-wheel drive,1,17.2896543
220,5,188,3111.313304,18.3,2009,Asia,Diesel,Front-wheel drive,0,14.95366812
280,5,87,2228.164314,14,2021,Europe,Gasoline,Front-wheel drive,1,17.78084212
190,1,161,3286.277951,14,2015,Europe,Gasoline,All-wheel drive,0,13.65684314
240,6,169,2422.434365,11.8,2009,Asia,Diesel,Front-wheel drive,0,18.14823135
180,2,160,3066.377051,15.4,2011,Asia,Diesel,Front-wheel drive,-1,15.31570474
230,4,,2502.300936,11.2,2004,Europe,Gasoline,All-wheel drive,0,17.14713035
190,6,187,2728.335126,,2013,Europe,Gasoline,Front-wheel drive,-1,16.65195705
170,2,148,3169.318898,14,2021,USA,Gasoline,Front-wheel drive,0,14.22656504
210,1,138,3418.30491,16.2,2018,Europe,Diesel,Front-wheel drive,0,12.42761512
210,1,155,3572.049998,16.2,2007,Europe,Diesel,Front-wheel drive,2,12.4668687
160,7,184,2733.269441,14.7,2007,USA,Gasoline,Front-wheel drive,1,16.11695879
240,0,90,3207.142168,16.5,2021,USA,Gasoline,Front-wheel drive,0,13.51532619
160,7,195,2980.062384,11.9,2006,Asia,Diesel,Front-wheel drive,1,16.30139803
180,2,131,3238.633269,19.3,2020,USA,Diesel,Front-wheel drive,-2,12.77309531
220,8,169,2186.608249,12.1,2016,Europe,Gasoline,Front-wheel drive,1,19.30062295
150,4,165,2706.031273,17.4,2006,Asia,Diesel,Front-wheel drive,1,16.84390433
250,5,134,2178.683941,16.5,2022,Europe,Gasoline,Front-wheel drive,1,18.94664738
280,6,145,3961.840753,11.4,2004,Europe,Gasoline,Front-wheel drive,-1,9.9952659
160,3,129,4138.376873,14.1,2001,Europe,Diesel,Front-wheel drive,0,9.291284238
230,4,127,3067.510424,15.5,2018,USA,Diesel,All-wheel drive,2,14.35439635
190,4,138,2844.473398,13.2,2021,USA,Diesel,Front-wheel drive,-1,16.17135808
210,8,151,3250.358923,21.8,2016,Asia,Gasoline,All-wheel drive,1,13.26633672
190,4,123,2808.820636,13.1,2022,Europe,Diesel,Front-wheel drive,0,15.90409538
170,4,130,2553.118367,12.4,2014,Europe,Diesel,All-wheel drive,-1,17.62373586
160,,204,3324.759267,15,2021,Asia,Gasoline,Front-wheel drive,1,14.14169351
220,7,168,3119.395501,17.3,2021,USA,Diesel,Front-wheel drive,0,13.94361521
210,5,120,1864.448915,15.5,2016,USA,Gasoline,All-wheel drive,0,20.20864062
220,5,166,3889.095901,16.6,2012,Asia,Gasoline,All-wheel drive,-1,9.855092267
260,3,106,3535.615996,15.9,2019,Asia,Gasoline,All-wheel drive,1,12.13049152
200,4,130,2756.99936,11.6,2010,Europe,Diesel,Front-wheel drive,0,15.57232415
170,,162,1898.247736,15.5,2021,Europe,Gasoline,All-wheel drive,,20.41173454
140,3,112,3905.135803,19.6,2004,USA,Diesel,Front-wheel drive,0,9.928650048
260,5,161,3370.755876,,2019,USA,Diesel,All-wheel drive,-1,13.96316007
240,5,209,2821.494602,,2023,USA,Gasoline,All-wheel drive,0,15.61712277
210,3,168,3798.690691,17,2007,Asia,Diesel,Front-wheel drive,1,11.3923216
250,4,149,4020.206283,15.4,2017,Europe,Gasoline,All-wheel drive,1,9.53322694
200,3,,3739.433178,20.8,2009,USA,Diesel,All-wheel drive,0,10.77231226
210,3,140,2365.307295,14.4,2013,USA,Diesel,All-wheel drive,0,18.29181129
210,4,165,2566.373512,18,2013,USA,Gasoline,All-wheel drive,0,17.13891961
230,4,108,2352.870229,13.7,2023,Europe,Diesel,All-wheel drive,-2,17.51999214
150,5,135,3567.329069,13.8,2001,Europe,Gasoline,All-wheel drive,-1,12.34213448
210,4,133,3742.474914,13.9,2004,Europe,Gasoline,All-wheel drive,2,11.42134472
290,4,111,2931.569075,13.4,2018,Europe,Diesel,Front-wheel drive,-1,15.3002623
70,4,,2753.093701,14.3,2006,USA,Gasoline,Front-wheel drive,-1,16.51373481
240,4,127,3383.832419,15.4,2017,Asia,Gasoline,Front-wheel drive,-1,12.9263753
240,5,206,3747.831562,19.5,2002,USA,Diesel,All-wheel drive,0,11.68876998
270,4,154,3618.705538,,2021,Asia,Gasoline,All-wheel drive,-1,11.55924102
250,6,186,2318.941615,14.4,2015,Asia,Gasoline,Front-wheel drive,2,18.87387312
120,3,154,2487.28032,17.2,2020,Asia,Gasoline,Front-wheel drive,0,18.04354751
180,9,152,3283.485975,,2022,Europe,Gasoline,Front-wheel drive,1,13.36073178
250,3,133,3485.001449,11.3,2013,Europe,Gasoline,All-wheel drive,-1,12.52241029
180,1,166,3212.530163,15.7,2012,Europe,Diesel,All-wheel drive,-2,14.02473052
150,4,131,3353.928508,15.3,2010,Europe,Diesel,All-wheel drive,-1,12.4491256
200,3,181,3597.483663,12.7,2006,Europe,Diesel,Front-wheel drive,0,12.36333522
220,5,111,3166.829731,15.1,2003,USA,Gasoline,Front-wheel drive,-1,14.21329229
220,5,146,3439.232161,18.1,2013,Asia,Gasoline,All-wheel drive,-1,12.01576611
150,5,155,1608.063073,15.9,2010,Asia,Gasoline,Front-wheel drive,,21.84522267
180,4,179,3017.849377,12.9,2014,Asia,Gasoline,All-wheel drive,0,15.42430234
240,1,200,2277.441837,,2022,Europe,Diesel,Front-wheel drive,0,18.8228857
280,2,128,2623.741181,14.6,2022,Europe,Diesel,All-wheel drive,0,16.78126014
280,3,196,3411.415296,16.7,2020,USA,Gasoline,Front-wheel drive,-1,13.50170244
170,5,162,3092.426902,12.8,2016,Asia,Gasoline,All-wheel drive,-2,15.0958435
170,4,115,2856.033297,15.7,2009,Europe,Gasoline,Front-wheel drive,-1,15.62233316
300,4,155,3334.009473,13,2018,USA,Diesel,All-wheel drive,0,13.57297732
240,5,,2616.423472,18.3,2007,Asia,Diesel,Front-wheel drive,-1,16.47011657
150,,126,3720.137257,19.2,2020,Asia,Diesel,All-wheel drive,0,11.21431292
250,6,120,2779.281467,17.1,2019,Europe,Diesel,Front-wheel drive,-1,15.23437427
220,5,137,3313.62889,14.8,2003,Europe,Gasoline,All-wheel drive,1,13.02451144
170,3,121,3315.701729,12.6,2016,Europe,Gasoline,Front-wheel drive,-1,13.6013978
130,5,140,3352.099874,10.5,2001,Europe,Diesel,Front-wheel drive,3,13.77763888
210,1,186,2868.416488,12.2,2011,USA,Gasoline,Front-wheel drive,-1,16.21987522
160,3,161,3041.899918,13.2,2020,Europe,Gasoline,Front-wheel drive,-1,15.58329481
200,5,206,4021.81793,12.3,2020,Europe,Diesel,Front-wheel drive,1,10.46118824
190,4,129,2364.408121,19.7,2003,Europe,Diesel,Front-wheel drive,1,17.21133621
120,6,,2980.570495,17.8,2015,Europe,Diesel,All-wheel drive,0,14.99674003
250,0,116,2060.361668,10.3,2009,Europe,Gasoline,All-wheel drive,2,20.25728342
160,2,102,2842.941206,13,2001,Europe,Gasoline,All-wheel drive,1,15.13673665
200,3,177,2558.098588,13.1,2007,Europe,Diesel,Front-wheel drive,1,18.09850448
280,4,132,4004.214323,12.8,2014,Europe,Diesel,Front-wheel drive,2,10.05909406
200,7,145,3765.85513,,2012,USA,Diesel,All-wheel drive,1,11.00079984
270,6,163,2338.938951,12.7,2018,Asia,Gasoline,Front-wheel drive,0,18.66037729
160,6,,3217.564152,20.1,2013,USA,Gasoline,Front-wheel drive,-1,13.30266036
210,3,,2195.928478,15.3,2016,Asia,Gasoline,All-wheel drive,1,20.06677273
250,1,152,2892.196156,13.5,2016,Europe,Diesel,All-wheel drive,1,15.57350947
220,6,,2358.521222,,2015,USA,Gasoline,All-wheel drive,0,18.89691029
180,6,202,2555.623225,15.1,2012,USA,Diesel,All-wheel drive,0,18.02098386
190,4,107,2670.936915,14.7,2016,Asia,Diesel,Front-wheel drive,3,15.77045741
170,7,136,2022.865413,14.2,2020,Asia,Gasoline,Front-wheel drive,0,19.70751568
210,3,200,2998.010172,15.5,2012,USA,Diesel,Front-wheel drive,2,16.02176436
220,2,,2084.202686,13,2005,USA,Diesel,All-wheel drive,0,19.91901175
230,5,196,2768.347778,17.6,2004,Europe,Diesel,All-wheel drive,0,16.20971769
120,4,153,2796.13485,10.7,2005,Europe,Gasoline,Front-wheel drive,2,17.24308291
210,5,92,2445.889443,8,2004,USA,Diesel,Front-wheel drive,-1,18.01036834
140,2,165,2584.353018,17,2005,Asia,Gasoline,Front-wheel drive,0,16.90426246
200,2,131,2174.192315,18.2,2020,USA,Diesel,All-wheel drive,0,18.82922302
320,6,170,2312.222509,19.2,2015,Europe,Diesel,Front-wheel drive,0,18.14203289
190,5,101,2988.399837,11.8,2003,USA,Gasoline,All-wheel drive,0,14.99973114
190,5,163,2963.298768,17.9,2011,USA,Diesel,Front-wheel drive,2,14.55475667
280,5,207,2621.176734,17.2,2007,Asia,Gasoline,Front-wheel drive,0,16.65351709
180,4,171,2744.231625,18.1,2012,Europe,Diesel,All-wheel drive,1,16.85621311
190,4,139,3179.326051,11,2008,Europe,Gasoline,All-wheel drive,1,14.42186647
220,3,162,3775.688443,11.4,2013,USA,Diesel,All-wheel drive,0,11.25315813
160,7,158,2393.326153,,2022,Asia,Gasoline,All-wheel drive,-1,18.17191572
200,3,200,3587.857199,11.3,2004,Europe,Gasoline,All-wheel drive,0,13.23248032
260,7,187,3253.904337,17.8,2004,USA,Gasoline,Front-wheel drive,-1,14.06633905
180,6,200,3952.62923,20.2,2012,USA,Diesel,Front-wheel drive,-1,10.46799774
140,4,155,3142.618002,16.5,2006,Europe,Gasoline,Front-wheel drive,-2,14.13990297
220,5,157,2685.540636,14.5,2006,Europe,Gasoline,Front-wheel drive,-1,16.97096493
250,8,,2404.052083,,2018,Europe,Gasoline,Front-wheel drive,2,18.85373014
280,6,162,3167.100854,11.2,2005,USA,Diesel,All-wheel drive,-1,13.92611974
230,1,145,3126.97848,16.2,2017,USA,Diesel,All-wheel drive,1,13.40693435
290,3,146,2143.919078,15.6,2019,Asia,Gasoline,Front-wheel drive,0,19.38025804
140,3,160,3159.07906,15.2,2000,USA,Diesel,Front-wheel drive,1,14.03562573
190,4,198,2943.25397,11.5,2008,USA,Diesel,All-wheel drive,-1,16.02932809
220,5,176,2918.823987,18.3,2008,Asia,Gasoline,All-wheel drive,-2,14.8097482
130,7,148,3297.044243,16.7,2003,USA,Gasoline,Front-wheel drive,1,13.64006
230,3,,3088.622784,,2021,Asia,Gasoline,Front-wheel drive,1,14.54626692
150,7,141,3551.902239,16.4,2001,Europe,Gasoline,All-wheel drive,-1,11.92430781
230,2,,3166.382689,17.1,2021,Europe,Diesel,All-wheel drive,-1,14.65629699
180,5,154,3705.984962,13.7,2004,Europe,Diesel,Front-wheel drive,1,11.51554215
130,3,169,3143.439981,16.3,2009,USA,Gasoline,Front-wheel drive,1,14.02334166
150,3,157,3057.830949,12.5,2014,USA,Gasoline,All-wheel drive,,14.71921462
180,4,197,3768.752425,13.8,2012,USA,Diesel,All-wheel drive,0,11.46882681
220,8,207,3632.055515,,2020,Asia,Diesel,Front-wheel drive,0,12.47474603
160,0,122,2386.304507,15.1,2005,Asia,Gasoline,All-wheel drive,1,18.32832664
140,2,162,3434.920741,17.4,2015,Europe,Diesel,All-wheel drive,1,12.40312803
150,7,161,3247.402895,13.7,2010,Asia,Diesel,All-wheel drive,-1,14.0654045
210,2,163,1972.029124,14.4,2011,Europe,Diesel,All-wheel drive,1,19.96167241
240,4,142,2258.532612,13.6,2022,Europe,Diesel,All-wheel drive,0,18.54645879
180,,168,1987.760228,13.7,2002,USA,Diesel,All-wheel drive,0,19.84357111
230,7,,4366.357146,16.2,2016,Europe,Gasoline,Front-wheel drive,0,7.626868474
190,4,147,3391.945914,17,2005,USA,Diesel,Front-wheel drive,-1,13.08771914
190,2,134,2741.198887,,2005,Europe,Diesel,All-wheel drive,1,16.47608203
220,2,161,3446.246798,13.8,2017,USA,Diesel,Front-wheel drive,-2,12.82862426
170,2,93,2988.879247,17.3,2014,Asia,Gasoline,All-wheel drive,2,14.09735114
150,2,201,3648.058,9.5,2003,Europe,Gasoline,All-wheel drive,1,13.11350916
230,7,180,2046.116613,16.2,2008,Europe,Gasoline,Front-wheel drive,-1,20.63927805
270,4,172,1682.277564,12.2,2011,Europe,Gasoline,All-wheel drive,2,21.92914714
240,0,146,3142.691066,16.5,2008,Europe,Gasoline,All-wheel drive,-1,13.83727655
150,4,106,2688.011274,19.3,2003,Asia,Diesel,All-wheel drive,0,15.81441225
190,1,151,3584.166187,15.7,2003,Asia,Diesel,Front-wheel drive,-2,12.24819483
230,6,159,2978.754927,15.3,2001,Asia,Gasoline,All-wheel drive,0,15.05237389
180,4,131,2920.276729,20.9,2000,Europe,Diesel,All-wheel drive,0,14.88111774
100,9,160,2625.660818,15.8,2022,USA,Diesel,Front-wheel drive,-1,17.09831671
260,2,168,2905.424605,14.3,2003,USA,Diesel,Front-wheel drive,0,15.65690756
190,5,228,3100.699504,15.3,2003,Asia,Gasoline,All-wheel drive,-1,15.48725643
210,3,175,2819.614197,17.5,2015,Europe,Diesel,All-wheel drive,1,15.62335637
220,,127,2894.34184,15.1,2009,USA,Gasoline,All-wheel drive,1,14.53521854
230,3,153,3256.804773,15.1,2016,USA,Gasoline,Front-wheel drive,-1,13.95961122
170,5,152,3125.577946,14.9,2017,Europe,Diesel,All-wheel drive,-2,14.07598627
250,8,105,2170.386209,10.9,2017,Europe,Gasoline,Front-wheel drive,1,18.85537964
240,2,155,3588.038933,11.7,2000,Asia,Gasoline,Front-wheel drive,-1,12.33411914
170,3,179,3578.380055,16.4,2006,USA,Diesel,All-wheel drive,0,12.45386575
180,10,159,2000.561448,15.3,2008,Europe,Diesel,Front-wheel drive,2,20.15665444
200,6,,2998.363227,16.3,2009,USA,Gasoline,All-wheel drive,1,15.80349895
150,3,153,2648.837185,14.3,2022,Europe,Gasoline,All-wheel drive,0,16.37670776
160,4,171,3074.600568,12.8,2010,USA,Diesel,All-wheel drive,-1,14.90025534
260,6,103,2716.910529,15.1,2017,Asia,Gasoline,Front-wheel drive,-1,15.97782362
210,3,,2997.986071,14.9,2017,USA,Gasoline,All-wheel drive,0,15.45943867
260,1,129,3141.36234,14.3,2010,Asia,Gasoline,All-wheel drive,-1,14.74447745
170,1,144,2361.693899,17.5,2021,Europe,Gasoline,Front-wheel drive,2,17.86986943
140,,147,2376.622008,,2018,Europe,Gasoline,All-wheel drive,0,18.12941229
200,1,184,2944.933568,13.4,2012,Asia,Diesel,All-wheel drive,-1,15.47016296
230,10,,3726.729677,17.5,2003,USA,Diesel,All-wheel drive,,10.32155188
180,0,183,2933.811894,11.7,2019,USA,Gasoline,Front-wheel drive,1,16.12387551
220,3,174,3092.578438,16.6,2021,Europe,Gasoline,Front-wheel drive,0,15.0803192
150,5,182,2524.063754,15.1,2010,Asia,Gasoline,All-wheel drive,0,17.01919193
170,7,,3703.763509,14.8,2004,USA,Diesel,Front-wheel drive,0,12.25749937
300,2,140,2682.231991,15.2,2021,USA,Diesel,Front-wheel drive,0,16.4821245
190,4,146,2968.725561,13.5,2008,USA,Gasoline,Front-wheel drive,0,15.47269307
220,1,173,1928.916412,13.4,2017,USA,Diesel,Front-wheel drive,0,20.56375209
210,3,126,2324.463249,18.7,2000,Europe,Diesel,All-wheel drive,-2,18.15851519
100,2,,3728.768122,15.2,2018,Asia,Diesel,Front-wheel drive,0,12.29971846
200,6,152,3432.966476,,2021,Asia,Diesel,Front-wheel drive,1,13.40069182
190,5,119,2426.810223,15.4,2006,USA,Gasoline,All-wheel drive,1,17.64205009
110,2,69,2305.836172,14.6,2009,Asia,Diesel,All-wheel drive,1,17.19179058
200,6,198,3612.115709,15.2,2005,Europe,Diesel,Front-wheel drive,-2,12.55618425
230,5,164,3209.241832,11.1,2008,Asia,Gasoline,All-wheel drive,0,14.34589702
150,10,155,2712.943859,17.8,2009,USA,Diesel,All-wheel drive,-1,16.34083016
250,2,156,3407.636451,10.1,2009,USA,Diesel,All-wheel drive,-1,13.65443888
220,4,140,3162.659673,12,2021,Europe,Diesel,Front-wheel drive,-2,14.26053419
280,4,163,2966.007259,17.8,2005,Europe,Diesel,All-wheel drive,-1,15.20892967
180,3,130,3461.810267,20.9,2011,Asia,Diesel,Front-wheel drive,-1,11.4262157
180,6,126,2426.501946,14.7,2004,Asia,Gasoline,Front-wheel drive,-1,17.42184713
180,6,166,3097.892152,18.3,2009,Europe,Gasoline,All-wheel drive,0,14.53393926
270,,157,2957.669717,,2002,Europe,Gasoline,All-wheel drive,1,14.67779778
300,1,170,1565.093638,13.5,2012,USA,Gasoline,All-wheel drive,-1,22.12218348
220,4,163,3500.060581,16.1,2008,USA,Gasoline,Front-wheel drive,0,12.59741181
170,,205,2766.248352,14.8,2021,USA,Gasoline,Front-wheel drive,,16.22806155
240,5,159,3200.661542,15.5,2009,USA,Gasoline,Front-wheel drive,-2,13.6074005
210,5,102,3401.890685,11.5,2013,Asia,Gasoline,Front-wheel drive,1,12.37981715
210,0,197,3109.864762,16.6,2022,Europe,Gasoline,All-wheel drive,1,14.60676806
170,3,193,3014.813484,19.1,2011,Asia,Gasoline,All-wheel drive,0,14.86721143
130,5,,3405.874946,14,2005,Asia,Diesel,Front-wheel drive,1,12.53744689
190,3,178,2925.95374,18.5,2013,Europe,Diesel,All-wheel drive,-1,15.57460577
170,5,139,3169.383601,15.2,2003,Asia,Diesel,All-wheel drive,1,14.36400994
160,3,131,2913.776451,12.1,2018,Europe,Diesel,All-wheel drive,1,15.41665471
190,4,149,4095.559844,21.5,2004,USA,Gasoline,Front-wheel drive,0,8.059243887
230,7,148,3466.897013,15.3,2022,Europe,Gasoline,Front-wheel drive,1,12.22813754
190,2,175,2816.343577,10.4,2009,USA,Gasoline,Front-wheel drive,-1,16.59448505
260,0,111,3131.947094,12.5,2019,Europe,Gasoline,Front-wheel drive,0,14.47137618
180,4,141,3079.515516,15.2,2022,Asia,Gasoline,All-wheel drive,-1,14.8381084
190,2,163,2854.181,13.7,2010,USA,Diesel,Front-wheel drive,-1,15.96874683
330,3,187,2873.785651,15.9,2008,Europe,Gasoline,All-wheel drive,-1,16.09692875
60,10,102,3694.883195,16.7,2013,Asia,Diesel,Front-wheel drive,0,11.36576628
220,6,161,3748.556433,14.3,2013,USA,Diesel,All-wheel drive,0,11.79138072
270,2,,3146.152391,14.8,2021,Europe,Diesel,All-wheel drive,0,14.23325377
200,3,191,2696.344081,15,2006,Asia,Gasoline,All-wheel drive,0,16.44897015
180,2,188,1066.328301,,2013,USA,Gasoline,Front-wheel drive,2,24.97145236
150,7,181,2348.494426,14.1,2014,Asia,Gasoline,Front-wheel drive,-1,18.21127231
150,0,161,4068.513641,15.3,2015,Asia,Gasoline,All-wheel drive,-2,10.15340164
200,4,148,3702.68943,17,2014,USA,Gasoline,All-wheel drive,0,11.53612529
160,4,156,2990.334203,14.6,2020,Asia,Diesel,Front-wheel drive,,15.29495774
240,7,105,3495.100812,13.8,2014,Asia,Gasoline,All-wheel drive,1,12.42605359
210,4,171,3434.25218,15.3,2011,USA,Diesel,Front-wheel drive,1,12.50929142
180,3,172,2967.708852,,2018,USA,Gasoline,All-wheel drive,0,14.74657087
180,4,152,2483.54452,18.3,2014,USA,Gasoline,Front-wheel drive,0,16.8484484
190,5,154,3155.165485,17.3,2019,Asia,Diesel,Front-wheel drive,0,14.24017164
160,5,134,3401.093783,13.6,2007,Europe,Gasoline,All-wheel drive,0,13.96250068
160,7,164,3799.748282,13.5,2004,USA,Gasoline,All-wheel drive,-2,11.42680538
170,2,140,3508.135917,22.1,2001,Asia,Diesel,All-wheel drive,1,11.83202923
60,3,169,2289.214556,14.7,2010,Europe,Gasoline,All-wheel drive,-2,18.44387164
210,3,87,2294.460675,12.2,2012,Asia,Diesel,Front-wheel drive,1,18.54831901
200,,159,2703.923844,,2021,USA,Diesel,Front-wheel drive,0,15.94118808
260,2,,4039.37263,11.8,2012,USA,Gasoline,All-wheel drive,0,10.08915068
230,2,156,2393.022887,16.9,2020,Europe,Diesel,All-wheel drive,1,17.76540484
210,2,148,3173.011432,14,2017,USA,Gasoline,All-wheel drive,-1,13.85919327
170,10,186,4112.593471,18.4,2019,Asia,Gasoline,All-wheel drive,-1,9.571961058
220,7,113,3203.238425,,2005,USA,Gasoline,Front-wheel drive,1,12.7853488
200,1,151,3850.080098,17.6,2011,Europe,Gasoline,Front-wheel drive,1,10.24264518
220,1,,3174.425917,16.2,2015,Europe,Gasoline,Front-wheel drive,0,13.83935575
280,5,191,2505.599125,14.6,2017,Asia,Gasoline,All-wheel drive,1,18.29966992
230,4,130,3342.325179,,2003,USA,Diesel,All-wheel drive,0,12.41498448
260,2,149,2620.115709,,2010,USA,Diesel,Front-wheel drive,-2,17.42286014
230,9,186,3380.769372,10,2022,USA,Gasoline,Front-wheel drive,0,13.5370352
230,4,130,3055.302197,10,2019,Asia,Diesel,All-wheel drive,-2,15.38426438
150,5,117,3129.560745,16.1,2023,Asia,Gasoline,All-wheel drive,-1,13.77178776
200,3,,3259.102764,17.7,2002,Europe,Diesel,All-wheel drive,-1,12.74761816
240,2,177,2705.329454,11.7,2004,Europe,Gasoline,Front-wheel drive,0,17.42333171
270,4,97,3220.162328,17.5,2022,Europe,Diesel,All-wheel drive,-1,12.66895989
120,11,186,3177.663388,18.4,2012,USA,Gasoline,All-wheel drive,0,14.958067
130,5,163,2846.548661,14.7,2014,Europe,Diesel,Front-wheel drive,-1,15.8086468
180,5,153,2781.968022,19.1,2018,Europe,Diesel,All-wheel drive,2,15.51914523
240,4,122,3106.239167,19.2,2003,USA,Diesel,All-wheel drive,0,13.71190057
200,7,122,3249.479712,12.5,2006,Asia,Gasoline,All-wheel drive,-1,13.58811403
150,4,72,3380.645562,17.6,2014,Asia,Diesel,Front-wheel drive,0,11.50801493
150,1,177,3084.746354,13.2,2005,Europe,Gasoline,All-wheel drive,-2,14.88989194
180,2,173,2596.078507,19.3,2012,USA,Diesel,Front-wheel drive,-2,17.59642721
220,4,164,2972.383929,13,2013,Europe,Gasoline,All-wheel drive,0,16.06130242
190,5,203,3140.424556,17.2,2013,Asia,Diesel,All-wheel drive,0,15.00826992
260,6,209,2795.655873,,2010,USA,Diesel,All-wheel drive,0,16.95765113
210,3,111,3707.429173,15.3,2006,USA,Gasoline,All-wheel drive,,10.80547308
220,2,196,2420.660013,16.8,2007,USA,Gasoline,All-wheel drive,0,17.92681438
50,2,160,3541.503022,13,2017,USA,Gasoline,Front-wheel drive,-1,12.28981139
210,,92,2602.946491,13.8,2021,USA,Gasoline,All-wheel drive,1,16.77075685
170,3,116,3213.732482,15.2,2016,Asia,Diesel,Front-wheel drive,1,13.18824278
190,1,155,3370.037435,13.9,2007,USA,Gasoline,All-wheel drive,2,13.16162364
190,5,171,3654.244559,15.2,2009,Europe,Diesel,Front-wheel drive,0,11.93208364
180,3,137,3592.88391,13.1,2000,Asia,Diesel,Front-wheel drive,0,11.99760042
210,6,140,3114.704698,11.6,2010,Asia,Diesel,All-wheel drive,-1,15.08723968
150,3,130,3563.199459,16.7,2003,USA,Gasoline,All-wheel drive,1,11.49044141
200,4,134,3326.32643,13.5,2019,Europe,Diesel,All-wheel drive,0,13.9502514
210,6,183,2979.057569,14.2,2018,Asia,Gasoline,All-wheel drive,0,15.60125598
190,6,,3537.250699,13.8,2012,Asia,Diesel,Front-wheel drive,1,12.25898853
150,1,221,3234.45543,15.7,2004,Europe,Gasoline,Front-wheel drive,1,14.74483399
110,2,145,2986.532807,,2022,USA,Diesel,Front-wheel drive,-1,14.4656569
220,7,109,2356.154661,15.5,2023,Asia,Diesel,All-wheel drive,0,18.18804401
190,5,135,2557.400951,12,2001,Asia,Diesel,Front-wheel drive,-1,17.18462288
200,3,112,2797.755035,8.1,2005,Asia,Gasoline,Front-wheel drive,0,16.31016725
150,3,128,3311.40452,16.3,2013,USA,Gasoline,All-wheel drive,0,12.62020747
110,5,166,3341.667626,16.5,2008,Europe,Diesel,All-wheel drive,1,13.28915798
210,2,156,2894.461247,13.1,2011,USA,Gasoline,All-wheel drive,0,15.86726735
190,4,98,3028.806652,16.2,2007,Asia,Gasoline,All-wheel drive,0,14.93870264
110,7,183,2638.381775,16,2020,Asia,Gasoline,Front-wheel drive,-4,17.28983915
220,5,201,3025.014702,9.1,2022,Asia,Gasoline,Front-wheel drive,2,15.74223827
260,,185,2837.368579,13.9,2006,Europe,Diesel,Front-wheel drive,1,16.17921821
190,5,165,3130.509595,18.5,2015,Europe,Gasoline,Front-wheel drive,0,14.37017385
190,4,126,2781.738205,,2000,Asia,Diesel,All-wheel drive,1,15.68885651
210,3,118,3620.351977,,2018,Europe,Diesel,Front-wheel drive,0,11.37839917
140,1,141,3437.33842,14.5,2013,Europe,Gasoline,Front-wheel drive,0,12.954735
140,4,185,3554.328715,15.4,2022,Europe,Gasoline,All-wheel drive,1,12.44333816
180,3,140,3596.98831,17.1,2019,USA,Diesel,Front-wheel drive,0,11.05801377
300,1,185,3005.205428,12.9,2004,Asia,Diesel,Front-wheel drive,0,15.47461822
280,7,124,2278.738923,14.7,2022,Asia,Diesel,Front-wheel drive,1,18.50581139
230,3,,2514.176099,,2015,USA,Gasoline,Front-wheel drive,,18.0336399
200,5,171,2714.738047,19,2016,USA,Gasoline,All-wheel drive,,16.57358486
220,6,156,4089.599004,,2003,USA,Diesel,All-wheel drive,0,10.19465279
270,3,139,3190.942232,18.7,2013,Europe,Diesel,All-wheel drive,-1,13.36948856
170,5,148,2695.127555,11.9,2006,Asia,Diesel,Front-wheel drive,-1,16.4084119
200,6,113,4072.417976,17.6,2008,USA,Gasoline,All-wheel drive,-1,8.439513336
220,4,118,4004.752568,14,2007,USA,Diesel,All-wheel drive,-1,9.874077964
300,4,139,3021.991905,17,2002,Europe,Gasoline,Front-wheel drive,1,14.87428661
260,2,157,2655.94591,19.2,2019,Asia,Diesel,Front-wheel drive,1,16.69159816
210,5,112,3745.526457,10.9,2007,USA,Diesel,All-wheel drive,1,11.55934997
210,5,168,3534.3109,15.2,2018,Asia,Diesel,Front-wheel drive,0,12.10825911
160,5,,3074.121023,14.5,2011,USA,Diesel,All-wheel drive,-1,15.02302706
240,4,201,2786.775637,15.2,2019,Europe,Diesel,Front-wheel drive,0,17.23914423
70,3,145,3593.384574,13.7,2001,Europe,Gasoline,All-wheel drive,-1,12.28113676
130,3,128,2684.560974,8.8,2011,Asia,Gasoline,All-wheel drive,2,16.83482431
280,9,202,3391.733657,10.3,2021,Asia,Gasoline,All-wheel drive,1,14.00404936
240,4,147,2812.892682,13.4,2012,Europe,Diesel,All-wheel drive,0,15.92577468
220,4,192,2889.016282,11.4,2022,USA,Diesel,Front-wheel drive,-1,15.47568061
160,5,114,3610.214613,,2014,USA,Diesel,Front-wheel drive,-3,11.52768531
200,4,134,2913.509569,14.4,2022,USA,Diesel,Front-wheel drive,-1,15.26423923
140,3,149,3520.098543,14.8,2002,Asia,Diesel,Front-wheel drive,0,11.9276865
140,4,197,2844.21013,15.4,2012,Europe,Gasoline,Front-wheel drive,2,17.11668769
220,2,184,3395.821494,19.8,2001,Europe,Diesel,Front-wheel drive,1,12.8966223
220,2,162,3220.811119,13.8,2020,Europe,Diesel,All-wheel drive,-1,14.21844626
220,4,105,2784.587364,9.2,2014,Europe,Gasoline,Front-wheel drive,0,15.29565694
230,6,,2406.413778,12.3,2001,Europe,Diesel,All-wheel drive,1,19.34685526
160,3,68,2244.607556,18.9,2008,Europe,Diesel,All-wheel drive,1,18.05482838
190,8,149,2849.16963,17.2,2018,Europe,Diesel,All-wheel drive,0,15.25339577
210,1,147,3390.592739,11.7,2007,Asia,Gasoline,Front-wheel drive,0,13.04889881
150,5,181,2039.713747,15.3,2009,Europe,Gasoline,All-wheel drive,1,20.62053341
170,3,115,2887.135517,,2002,Europe,Diesel,All-wheel drive,-1,15.47099598
190,2,128,2705.833636,16.7,2014,Asia,Diesel,Front-wheel drive,0,16.4859906
230,1,143,2125.187927,13.1,2015,Asia,Gasoline,Front-wheel drive,,19.05247404
150,3,180,2376.519493,16,2004,Europe,Diesel,All-wheel drive,1,17.88243296
210,2,179,2859.506144,15.4,2017,Asia,Diesel,All-wheel drive,,16.02948515
240,4,109,3544.208768,11.5,2009,Europe,Gasoline,All-wheel drive,-1,12.65022389
180,,164,3584.942205,20.4,2014,USA,Diesel,All-wheel drive,-1,12.36618654
240,7,148,3140.961053,16.7,2015,USA,Diesel,Front-wheel drive,-1,14.63586859
290,3,109,2487.398521,,2023,USA,Diesel,All-wheel drive,1,17.55179617
200,5,147,2304.186264,,2013,Europe,Diesel,Front-wheel drive,2,17.75596426
270,6,151,3498.931301,14.7,2021,USA,Diesel,All-wheel drive,1,12.23967112
230,3,69,2557.599537,14,2020,Europe,Gasoline,Front-wheel drive,,16.60989027
260,7,88,3038.443866,14.5,2022,USA,Diesel,All-wheel drive,,14.22009174
210,2,136,2544.818998,14.5,2021,USA,Gasoline,Front-wheel drive,-3,17.28614795
200,4,144,3497.805421,19.7,2007,Asia,Diesel,All-wheel drive,-1,11.91004518
280,1,203,3116.263657,12.8,2010,Asia,Diesel,Front-wheel drive,0,15.19431106
170,4,138,3535.647894,16.4,2014,Asia,Diesel,Front-wheel drive,-2,12.11465891
210,7,175,2651.539888,15.3,2002,Asia,Diesel,All-wheel drive,1,16.92721091
200,9,142,3242.150768,18.5,2008,Europe,Gasoline,Front-wheel drive,1,13.90866962
260,2,173,2368.973383,9.7,2019,Asia,Gasoline,Front-wheel drive,0,19.17569908
130,3,152,3023.254216,23.5,2017,Europe,Gasoline,Front-wheel drive,-1,14.60630221
210,,169,3125.976428,17.5,2023,Asia,Gasoline,All-wheel drive,-1,14.33622123
230,2,160,3417.916094,10.9,2002,Europe,Gasoline,Front-wheel drive,-3,13.17417029
110,2,154,1916.132165,15.2,2017,Asia,Diesel,All-wheel drive,-1,19.81107775
220,,150,2701.178378,14.1,2012,Asia,Diesel,All-wheel drive,-2,16.82070751
200,3,150,3572.139507,14,2012,USA,Gasoline,All-wheel drive,0,11.47491866
340,4,129,2583.818931,19.4,2000,Europe,Diesel,All-wheel drive,3,16.56896033
220,4,184,3261.281917,,2016,USA,Gasoline,Front-wheel drive,1,14.17711448
150,3,98,3341.567786,17.6,2011,Asia,Gasoline,All-wheel drive,1,12.68382694
120,1,110,2675.036667,17.6,2001,Europe,Gasoline,Front-wheel drive,1,15.32655354
210,4,149,2605.591093,12,2018,USA,Gasoline,All-wheel drive,2,17.02377134
140,,,2378.872618,17.6,2004,Europe,Diesel,All-wheel drive,0,17.63784078
180,,62,2396.471869,15.7,2016,USA,Diesel,All-wheel drive,-1,16.89102666
210,4,91,2564.254248,17.5,2013,Asia,Gasoline,All-wheel drive,0,15.96881566
160,5,148,2540.253302,17.8,2013,Asia,Gasoline,All-wheel drive,1,16.94871069
340,3,115,3344.999733,13,2010,Asia,Gasoline,Front-wheel drive,1,12.99620416
230,4,184,3029.744692,12.7,2007,Asia,Diesel,Front-wheel drive,0,14.81254979
190,6,130,2494.144445,12.1,2000,Europe,Diesel,All-wheel drive,1,17.39149079
210,2,100,3334.077015,18.1,2014,Europe,Diesel,All-wheel drive,-1,12.47283311
250,5,110,2470.277313,14.2,2015,Asia,Gasoline,All-wheel drive,1,17.30368872
170,3,178,2882.40725,,2023,USA,Diesel,Front-wheel drive,0,16.92209392
130,2,121,3644.0135,16.7,2020,USA,Diesel,All-wheel drive,1,11.25863705
280,4,174,3302.925786,12.3,2001,USA,Gasoline,All-wheel drive,-1,14.26802509
220,2,141,2213.731746,16.2,2019,USA,Diesel,All-wheel drive,0,18.15265824
100,4,135,1759.973117,15.3,2006,Asia,Diesel,Front-wheel drive,-2,20.6121918
200,4,144,3158.440791,13.7,2010,Asia,Gasoline,All-wheel drive,0,14.52856177
210,5,170,3042.461487,19.7,2019,Europe,Diesel,Front-wheel drive,1,14.45852051
190,6,164,3286.194349,18.1,2013,Asia,Diesel,All-wheel drive,,13.71067794
190,5,172,2996.753846,18.9,2004,Europe,Gasoline,All-wheel drive,2,14.97935154
60,8,176,3213.544068,10.4,2013,Asia,Diesel,All-wheel drive,1,15.10489471
110,7,104,3084.83938,17.9,2018,Europe,Diesel,Front-wheel drive,,14.09260644
140,4,106,2786.556191,10.6,2002,Asia,Diesel,Front-wheel drive,1,15.63777323
180,4,186,2069.847626,10.3,2022,Europe,Gasoline,Front-wheel drive,2,20.68762425
240,3,185,3205.12898,14.7,2008,Asia,Diesel,Front-wheel drive,-1,14.3538038
200,2,,3223.279602,15.7,2013,USA,Diesel,All-wheel drive,,13.80961634
90,5,175,3022.724313,13.7,2022,Europe,Gasoline,All-wheel drive,-1,15.1630554
210,3,184,2941.246751,13.3,2020,USA,Gasoline,Front-wheel drive,-1,16.27508821
190,2,136,2457.44139,14.7,2007,Asia,Diesel,All-wheel drive,0,17.56331286
250,5,,2673.677314,14.4,2002,Europe,Diesel,Front-wheel drive,,16.27867602
170,3,163,3238.122697,11.6,2017,USA,Diesel,All-wheel drive,1,14.17401497
90,4,165,2473.877055,,2004,USA,Diesel,All-wheel drive,1,18.23448292
140,3,119,3084.610455,15.1,2011,USA,Gasoline,Front-wheel drive,,14.90882791
160,3,193,3144.971618,12.2,2022,USA,Diesel,All-wheel drive,-1,14.56415301
220,8,155,2239.780228,,2009,Europe,Gasoline,All-wheel drive,0,18.94716895
200,6,168,3495.906339,18.9,2002,Asia,Diesel,Front-wheel drive,-2,12.52724911
200,2,136,3694.772428,13.8,2001,Europe,Gasoline,All-wheel drive,1,10.77912389
230,2,154,3403.863326,14.5,2022,Asia,Diesel,All-wheel drive,-2,13.6148161
180,1,100,3344.821939,,2001,Europe,Diesel,All-wheel drive,-3,13.01185992
150,6,176,2247.660188,,2008,USA,Gasoline,Front-wheel drive,0,19.14521124
300,3,152,3175.008267,12.8,2021,USA,Gasoline,Front-wheel drive,0,14.45881478
220,3,197,2374.072465,14.2,2006,USA,Diesel,All-wheel drive,1,18.20816043
190,8,186,2971.862189,,2020,USA,Diesel,All-wheel drive,0,16.3287507
210,4,,2361.102264,11.5,2003,USA,Diesel,All-wheel drive,0,18.79244075
220,,126,3339.646499,13.4,2008,USA,Gasoline,Front-wheel drive,2,13.49598192
220,5,,3184.460618,,2012,Europe,Gasoline,Front-wheel drive,-1,14.024149
180,,,2472.462346,17,2012,Asia,Gasoline,Front-wheel drive,1,17.62492358
180,,143,3883.082725,13.3,2007,USA,Gasoline,All-wheel drive,-2,10.46809916
160,4,,2935.636424,13.9,2001,USA,Gasoline,Front-wheel drive,-1,15.46116228
250,4,180,3067.66435,15.7,2010,Asia,Diesel,All-wheel drive,-1,14.9453536
220,5,156,2864.287347,11.4,2007,Asia,Diesel,All-wheel drive,0,16.2667983
170,5,166,2725.844704,17.6,2001,USA,Diesel,Front-wheel drive,0,16.04161101
190,4,87,3604.585855,15.6,2014,Europe,Gasoline,Front-wheel drive,1,11.87896889
240,2,,3819.981826,14.6,2008,Europe,Gasoline,All-wheel drive,0,11.98086904
120,2,156,2715.836858,15.1,2000,USA,Diesel,All-wheel drive,0,17.26999033
120,5,163,2968.988837,10.7,2007,Europe,Gasoline,All-wheel drive,-1,15.42614607
200,6,138,3438.548746,17.5,2003,Europe,Gasoline,Front-wheel drive,0,12.247049
250,5,158,2438.672999,14.1,2015,Europe,Diesel,Front-wheel drive,-1,17.49353673
100,4,219,3431.144761,11.7,2019,USA,Diesel,All-wheel drive,-1,14.03278818
250,4,,3049.053688,17.1,2015,Europe,Gasoline,Front-wheel drive,0,13.77145515
220,3,155,2960.487583,13.5,2001,USA,Diesel,All-wheel drive,-1,16.00226078
190,6,182,3207.129717,15.9,2016,USA,Diesel,Front-wheel drive,0,13.97587794
120,1,117,3434.339708,8,2006,Europe,Gasoline,All-wheel drive,-1,13.00076602
200,8,103,2926.329466,21.8,2019,Asia,Diesel,Front-wheel drive,2,13.97471242
200,5,150,2863.068121,14.9,2007,Europe,Diesel,Front-wheel drive,0,15.68788326
290,8,165,3155.54915,14.2,2018,USA,Diesel,All-wheel drive,0,13.88587951
270,2,,3298.446498,14,2013,Europe,Gasoline,Front-wheel drive,0,14.16607846
190,,171,2952.761172,15.5,2010,Europe,Gasoline,Front-wheel drive,1,15.1781423
190,2,129,3227.162598,9.9,2010,Europe,Diesel,All-wheel drive,-1,14.02224191
230,4,121,2891.154758,12.1,2009,Asia,Gasoline,Front-wheel drive,0,15.46384165
180,,181,3297.518676,18.9,2011,USA,Gasoline,Front-wheel drive,1,12.89032316
210,8,107,2860.416185,15.9,2015,Asia,Gasoline,Front-wheel drive,0,14.95661635
220,3,167,2897.531564,13,2017,Europe,Gasoline,Front-wheel drive,1,16.13270905
250,6,213,2924.87181,17.9,2006,Asia,Gasoline,Front-wheel drive,0,15.18219748
290,4,153,2878.853322,13.7,2018,Asia,Diesel,All-wheel drive,0,15.20592879
190,1,164,3134.072679,14.7,2009,Asia,Diesel,Front-wheel drive,0,14.54274909
190,6,232,3119.602285,17.2,2006,USA,Gasoline,All-wheel drive,,15.10819151
190,4,163,2496.63515,8.9,2011,Europe,Diesel,Front-wheel drive,-1,18.4077553
250,3,142,2675.88981,16.2,2012,USA,Gasoline,All-wheel drive,1,16.58694614
290,1,99,2904.960934,,2018,USA,Diesel,Front-wheel drive,-1,14.66677948
100,3,147,3476.833601,14.4,2017,Asia,Diesel,All-wheel drive,-1,12.37483376
180,3,149,3739.626447,15,2006,Europe,Diesel,Front-wheel drive,,11.46199704
210,2,125,3221.50374,15.5,2013,Europe,Diesel,Front-wheel drive,1,13.99642807
210,4,185,2437.601064,13,2023,Europe,Gasoline,Front-wheel drive,1,18.20648646
160,2,188,3636.404066,13.5,2010,USA,Diesel,Front-wheel drive,-1,12.77919218
190,5,150,3343.735432,11.8,2007,Asia,Gasoline,All-wheel drive,0,13.17670099
140,1,132,2045.812546,11.1,2010,Asia,Gasoline,Front-wheel drive,1,19.72147237
140,4,121,3205.199941,16.3,2004,Europe,Diesel,All-wheel drive,1,13.81396606
200,5,110,3010.850977,13.8,2012,USA,Gasoline,All-wheel drive,-1,15.23579864
300,,136,2543.900779,,2010,Asia,Gasoline,Front-wheel drive,-2,17.21801477
300,1,183,3017.216203,,2016,Europe,Gasoline,All-wheel drive,-2,15.39909142
170,4,205,3164.839013,14.1,2007,USA,Gasoline,All-wheel drive,-1,14.65354369
270,3,158,3097.462403,15.4,2015,USA,Gasoline,All-wheel drive,-1,14.57687045
160,4,189,2774.381089,13.8,2008,USA,Gasoline,Front-wheel drive,1,16.26896283
220,0,169,2560.040949,15.2,2006,Europe,Diesel,Front-wheel drive,0,17.2874236
190,4,172,2874.045347,16.3,2020,Asia,Diesel,Front-wheel drive,-2,15.87899085
260,6,127,3516.57366,14.4,2012,Asia,Diesel,Front-wheel drive,0,11.54585978
190,3,183,3229.580401,20.3,2017,USA,Diesel,Front-wheel drive,1,13.54668843
170,6,94,2909.5942,,2013,Asia,Diesel,All-wheel drive,0,14.7766584
130,1,165,4739.077089,,2008,USA,Diesel,All-wheel drive,-1,6.805974536
190,3,140,1927.823358,17.7,2021,Europe,Diesel,All-wheel drive,-1,19.93382992
250,3,172,2185.700748,14.5,2015,Asia,Gasoline,Front-wheel drive,-1,19.97434743
150,5,125,3377.066164,13.2,2017,Europe,Gasoline,Front-wheel drive,0,12.33980807
90,2,130,3311.282411,,2020,Europe,Diesel,All-wheel drive,0,12.52417584
170,5,,2989.03433,15.8,2022,Asia,Diesel,Front-wheel drive,-1,14.58369912
250,10,144,4269.075646,14.2,2020,Asia,Gasoline,Front-wheel drive,-2,8.730000529
180,4,,3660.808749,13.7,2013,Europe,Diesel,Front-wheel drive,0,12.02196036
190,,178,3730.433245,13.9,2019,Asia,Gasoline,All-wheel drive,1,11.84254523
190,4,159,3003.279955,20.4,2017,Asia,Gasoline,All-wheel drive,1,13.82865759
140,9,103,2146.807398,9.5,2002,Asia,Diesel,All-wheel drive,1,19.61154591
240,7,130,2591.825638,11.6,2012,USA,Gasoline,Front-wheel drive,-1,17.78849732
190,8,180,2078.300076,18.4,2009,USA,Gasoline,All-wheel drive,0,18.82788368
210,,156,2516.524748,16.2,2004,USA,Gasoline,Front-wheel drive,0,17.349799
230,4,106,3385.789055,15.9,2011,Asia,Gasoline,All-wheel drive,-3,12.476584
180,4,106,1922.105128,13.3,2020,Asia,Gasoline,Front-wheel drive,1,20.18066364
140,3,146,3037.298268,17.1,2005,Europe,Gasoline,Front-wheel drive,-1,14.12453691
240,4,155,2497.086143,13.5,2015,Europe,Diesel,Front-wheel drive,1,18.05588717
200,11,194,2666.47456,12.3,2007,USA,Diesel,Front-wheel drive,-1,17.19797781
160,3,160,2698.03143,14.3,2019,USA,Diesel,Front-wheel drive,0,17.74461359
130,1,160,2257.308707,,2018,Europe,Gasoline,All-wheel drive,0,18.7735262
290,4,132,2702.790586,15.4,2018,Europe,Gasoline,Front-wheel drive,0,16.12211169
170,5,180,2275.8305,17.7,2009,Asia,Diesel,Front-wheel drive,-1,18.52370797
180,3,126,3234.299803,,2019,Asia,Diesel,All-wheel drive,-1,14.11327914
160,3,124,3409.102704,13.6,2006,Europe,Gasoline,All-wheel drive,0,12.71532141
160,3,112,1944.113775,14.1,2014,USA,Diesel,Front-wheel drive,1,19.66456582
230,5,178,3368.68043,,2010,Asia,Diesel,Front-wheel drive,,13.12930735
170,2,139,4355.922567,17.1,2007,Asia,Diesel,All-wheel drive,,8.051101898
180,4,113,3532.682372,17.8,2008,Europe,Gasoline,Front-wheel drive,0,11.68444694
150,1,174,3172.803939,21,2000,Asia,Diesel,Front-wheel drive,0,13.52294568
260,8,141,2195.768986,12.1,2006,Europe,Diesel,All-wheel drive,1,18.78339072
200,5,191,3335.455788,8.6,2014,USA,Diesel,All-wheel drive,1,14.24143936
190,3,100,2959.199278,10.1,2014,Europe,Diesel,Front-wheel drive,0,15.0653295
250,8,,2594.32386,11.9,2015,Asia,Diesel,All-wheel drive,2,17.8331219
220,4,,2863.646569,13.8,2012,USA,Gasoline,Front-wheel drive,0,16.08871075
140,3,128,3103.876894,17.8,2010,USA,Diesel,Front-wheel drive,1,14.43851922
100,4,152,3736.987364,15.6,2010,Europe,Diesel,Front-wheel drive,1,11.67261702
220,3,136,2633.960085,15.4,2012,USA,Diesel,All-wheel drive,0,16.83819038
150,3,,3123.875466,16,2006,Asia,Gasoline,All-wheel drive,1,13.92079514
180,2,203,2411.257027,19.1,2013,Europe,Diesel,Front-wheel drive,-1,18.12596728
160,6,152,3295.580407,14.8,2001,Europe,Gasoline,All-wheel drive,,13.75225258
180,2,195,3956.305835,15,2016,USA,Diesel,Front-wheel drive,1,10.79154203
60,3,134,2834.942958,12.3,2018,Asia,Gasoline,All-wheel drive,0,15.68905637
160,4,128,3284.57071,15.8,2011,USA,Gasoline,All-wheel drive,-2,12.84476127
230,6,175,2441.856235,15.1,2023,Asia,Diesel,Front-wheel drive,3,17.98243953
190,4,,3210.59483,14.2,2023,Europe,Gasoline,Front-wheel drive,0,14.19417431
160,3,114,3072.135284,14.9,2016,Europe,Gasoline,Front-wheel drive,0,14.77012131
200,4,103,3722.739568,18.4,2008,Europe,Diesel,All-wheel drive,,9.936052735
130,7,213,2586.876804,13.4,2011,Europe,Diesel,Front-wheel drive,1,17.64017428
200,4,158,2648.473549,11.7,2014,USA,Gasoline,Front-wheel drive,1,17.16967889
220,2,113,2922.738058,11.4,2020,Asia,Gasoline,Front-wheel drive,0,15.28060757
230,5,125,2775.78573,,2013,Europe,Gasoline,All-wheel drive,-1,16.27648375
290,1,135,3432.339358,15.9,2007,Asia,Gasoline,All-wheel drive,1,12.56573251
240,1,129,2205.856547,14.5,2005,Asia,Gasoline,All-wheel drive,1,18.55664788
190,4,156,2845.054568,12,2002,Asia,Gasoline,Front-wheel drive,2,15.69196247
150,3,150,3210.448462,14.2,2017,Asia,Gasoline,All-wheel drive,-1,14.19388403
230,3,144,2441.689064,16.9,2019,USA,Gasoline,All-wheel drive,1,17.87351974
110,2,105,2957.386595,17.4,2002,Asia,Gasoline,Front-wheel drive,0,14.11907713
230,7,148,3526.236935,11.7,2019,Asia,Gasoline,All-wheel drive,0,12.35380669
220,4,139,3246.346961,14.8,2017,Europe,Diesel,Front-wheel drive,1,13.74542223
190,3,121,2943.342395,11.9,2006,USA,Diesel,All-wheel drive,-1,15.53443989
110,2,173,2857.358793,18.5,2008,Europe,Diesel,All-wheel drive,2,15.64520009
190,,,2869.207801,15.9,2011,USA,Diesel,All-wheel drive,0,14.82497119
290,6,135,3300.620652,12.1,2011,Europe,Diesel,Front-wheel drive,1,12.84378765
190,6,125,2962.922641,17.4,2007,USA,Gasoline,All-wheel drive,0,15.45091305
240,5,,2331.906793,11.3,2009,Asia,Gasoline,All-wheel drive,0,17.74052319
270,4,159,3109.084606,16.9,2006,USA,Gasoline,Front-wheel drive,-1,14.28553067
230,4,159,3864.302104,15.3,2008,Asia,Gasoline,All-wheel drive,0,10.45753007
170,4,133,2005.126173,,2006,USA,Diesel,All-wheel drive,,20.37032747
200,4,150,3116.827411,16.9,2004,USA,Diesel,Front-wheel drive,1,14.62982144
170,4,115,2706.509126,19.7,2021,Asia,Gasoline,Front-wheel drive,-1,15.28467164
190,1,133,4161.264844,18.7,2005,Europe,Diesel,Front-wheel drive,-1,8.917479907
270,4,167,2700.000216,14.2,2013,USA,Diesel,Front-wheel drive,0,16.59890555
320,,143,3292.767811,10.6,2006,Europe,Gasoline,Front-wheel drive,1,13.70822623
150,2,202,2576.974002,,2006,USA,Diesel,All-wheel drive,0,16.46536644
250,5,176,2915.615613,14.6,2000,USA,Diesel,All-wheel drive,0,15.32774386
200,4,151,3075.750059,13.3,2003,Asia,Diesel,Front-wheel drive,2,15.00966327
220,2,174,3687.088635,18.6,2021,Europe,Gasoline,Front-wheel drive,1,10.92405388
170,7,163,4289.082354,18,2022,Asia,Diesel,Front-wheel drive,2,8.50065679
180,7,87,3337.746684,11.7,2020,Europe,Diesel,Front-wheel drive,1,13.69630613
100,5,172,3104.247041,,2021,Asia,Diesel,All-wheel drive,-2,14.66615072
160,2,215,4171.538351,16.4,2013,Europe,Diesel,All-wheel drive,,9.407706051
200,5,133,2315.149318,18.9,2017,USA,Gasoline,Front-wheel drive,0,17.93569475
160,3,142,1812.628046,12.3,2003,USA,Diesel,Front-wheel drive,0,21.41921669
170,4,199,2873.300274,11.6,2004,USA,Gasoline,All-wheel drive,1,16.11149428
310,,159,3431.947272,13.8,2005,Europe,Diesel,All-wheel drive,1,13.49826159
150,2,172,4241.462944,11.7,2009,Europe,Gasoline,All-wheel drive,-1,9.124551052
200,5,,3959.67967,13.8,2014,Asia,Gasoline,All-wheel drive,1,9.78357394
260,4,125,3950.798541,15.6,2010,Asia,Diesel,Front-wheel drive,1,9.544402822
160,7,190,3133.569139,11.2,2018,Asia,Diesel,All-wheel drive,-1,15.64019231
180,3,180,2542.875394,13.7,2004,USA,Diesel,All-wheel drive,0,17.74225957
180,2,145,3414.031465,16.4,2020,Europe,Gasoline,Front-wheel drive,0,12.9902948
190,4,150,3001.166538,15.3,2002,USA,Gasoline,Front-wheel drive,2,15.19946141
170,4,118,3853.271431,13.8,2009,Europe,Gasoline,All-wheel drive,0,11.12350433
170,11,171,3396.326627,17.6,2005,Europe,Gasoline,All-wheel drive,2,12.71550553
220,5,,2967.382623,15.9,2016,Asia,Diesel,All-wheel drive,0,15.02446118
150,4,158,2827.51803,,2020,USA,Diesel,Front-wheel drive,0,16.83465124
240,2,139,2542.449701,13,2004,Europe,Gasoline,All-wheel drive,1,17.81761862
300,3,148,3511.507542,12.3,2016,Asia,Gasoline,Front-wheel drive,1,13.02745347
200,1,137,3161.420277,18.3,2019,Europe,Gasoline,Front-wheel drive,0,13.71168059
240,2,157,2849.317967,17.4,2003,Asia,Gasoline,Front-wheel drive,0,16.69440654
140,9,159,3373.982857,15,2020,Europe,Gasoline,All-wheel drive,2,13.08156831
230,4,110,3367.677063,16.1,2010,USA,Gasoline,All-wheel drive,1,12.59777054
300,5,169,2634.086799,,2004,USA,Gasoline,All-wheel drive,0,17.42875569
250,5,122,3735.145021,16.9,2004,USA,Gasoline,Front-wheel drive,-1,10.65593072
200,3,175,2926.224666,,2020,Asia,Gasoline,All-wheel drive,1,15.24501861
230,4,159,3169.152119,15.2,2012,USA,Diesel,Front-wheel drive,0,13.85636299
210,0,106,3236.584348,13.7,2013,Europe,Diesel,Front-wheel drive,1,13.52475299
280,4,154,2328.891913,14.5,2001,Asia,Diesel,Front-wheel drive,0,17.96679184
200,8,177,3211.069825,,2014,Asia,Diesel,All-wheel drive,0,13.88109371
160,3,71,2822.343531,14.5,2010,Asia,Gasoline,All-wheel drive,2,14.77534288
210,4,135,3167.24726,14.9,2003,Europe,Gasoline,Front-wheel drive,-2,14.182165
170,5,126,4156.535553,13.7,2017,Europe,Diesel,Front-wheel drive,1,9.129869805
130,4,201,3158.809196,14,2019,Europe,Diesel,Front-wheel drive,,14.63453392
180,0,112,2772.13441,15.9,2020,Europe,Gasoline,Front-wheel drive,3,15.36634109
130,3,151,2982.792699,16.6,2001,Asia,Gasoline,Front-wheel drive,0,15.58032071
230,2,97,2611.289761,14.6,2018,USA,Diesel,Front-wheel drive,1,17.09223753
120,3,109,3470.598075,,2001,Europe,Diesel,All-wheel drive,0,12.00052144
280,5,201,3218.133454,,2008,Europe,Gasoline,Front-wheel drive,0,14.45074941
240,3,109,3837.023296,14.3,2018,Europe,Gasoline,All-wheel drive,1,10.46283989
200,3,134,2867.019172,19.5,2013,USA,Gasoline,All-wheel drive,-3,15.7223074
140,4,90,2356.752888,15.6,2022,Europe,Diesel,Front-wheel drive,-1,17.9151085
230,1,154,3669.086729,15.1,2015,Europe,Gasoline,Front-wheel drive,0,11.54044783
100,4,147,2335.740499,,2014,Europe,Gasoline,All-wheel drive,0,18.78738755
200,5,,2332.469467,16.4,2022,USA,Diesel,Front-wheel drive,-3,18.65049453
250,1,161,2999.212781,13,2003,USA,Gasoline,All-wheel drive,1,15.93905472
160,4,,3434.178101,19,2018,USA,Gasoline,Front-wheel drive,2,12.8939277
80,3,108,2784.381143,16.1,2004,Asia,Diesel,All-wheel drive,0,16.17039383
250,6,135,3168.773946,,2015,Europe,Diesel,Front-wheel drive,-1,14.17701781
140,6,185,3874.515897,15.4,2000,Asia,Diesel,All-wheel drive,1,11.02774276
260,2,143,2577.307668,15.1,2021,Europe,Diesel,All-wheel drive,0,16.90243852
190,2,108,2505.05063,11.8,2003,Europe,Gasoline,All-wheel drive,-1,16.85273284
270,4,120,2499.579144,,2020,Europe,Gasoline,Front-wheel drive,0,16.58728605
180,6,144,3605.310144,16.3,2016,USA,Diesel,All-wheel drive,-1,11.68141813
250,2,148,3273.676734,18.7,2022,Asia,Diesel,All-wheel drive,-1,12.93246443
200,5,140,2936.149432,13.3,2006,Asia,Diesel,All-wheel drive,0,16.08431622
230,4,148,3242.07738,,2008,Asia,Gasoline,All-wheel drive,0,13.93858551
220,6,123,3434.3031,14.7,2002,Europe,Gasoline,All-wheel drive,1,12.33331994
70,8,138,3043.695696,16.2,2012,USA,Gasoline,Front-wheel drive,-1,14.92988193
200,5,148,2607.86628,17.1,2013,Asia,Diesel,Front-wheel drive,0,16.99997785
130,7,117,3228.104385,13.1,2007,USA,Diesel,Front-wheel drive,0,13.95885744
160,2,112,2910.6002,15.8,2013,USA,Gasoline,All-wheel drive,-2,15.05061832
210,0,164,2413.240441,14.3,2017,USA,Gasoline,All-wheel drive,,17.92527324
180,2,186,2678.779774,18.2,2010,USA,Diesel,All-wheel drive,-2,16.29095505
240,,155,2672.125952,14.1,2004,USA,Gasoline,All-wheel drive,1,16.78387469
180,,141,3855.191033,10.5,2010,Asia,Diesel,All-wheel drive,1,11.20834951
260,5,182,2468.363669,15.7,2003,Asia,Diesel,Front-wheel drive,-2,18.7073128
230,3,167,2754.886829,10.8,2014,Europe,Diesel,All-wheel drive,-1,16.9921067
210,2,158,2813.429132,16.5,2016,Europe,Gasoline,All-wheel drive,1,15.9674103
240,,150,2516.598131,16.3,2002,Europe,Diesel,All-wheel drive,0,17.04656254
170,5,178,3332.673474,17.8,2018,USA,Diesel,Front-wheel drive,1,13.53993749
130,,190,2929.265698,14.3,2018,Asia,Gasoline,All-wheel drive,2,16.40889423
240,2,146,3508.62185,14.3,2016,Asia,Diesel,Front-wheel drive,1,12.60461862
190,4,,3126.082556,10.6,2001,Europe,Gasoline,All-wheel drive,0,15.59049268
220,,168,2328.124427,13.4,2001,USA,Gasoline,Front-wheel drive,-1,19.74724557
160,5,,3227.468737,18.1,2023,Asia,Gasoline,All-wheel drive,0,13.31738451
330,4,148,2839.865621,16.2,2012,Europe,Diesel,All-wheel drive,1,15.44766209
140,4,167,2752.373924,15.2,2005,Asia,Gasoline,All-wheel drive,2,16.66877592
190,2,240,3313.587833,18.3,2010,Asia,Gasoline,Front-wheel drive,2,14.12310774
240,4,147,3379.692817,10.7,2015,Europe,Diesel,All-wheel drive,1,13.53666108
280,4,176,2873.05535,13.8,2017,Europe,Gasoline,All-wheel drive,1,16.09836637
240,2,146,3519.609633,13.7,2013,Europe,Diesel,Front-wheel drive,1,12.45659822
210,3,110,3426.78515,9.7,2017,Europe,Gasoline,Front-wheel drive,1,12.68604973
260,3,212,3331.900239,14.9,2011,USA,Gasoline,Front-wheel drive,-1,13.21260958
300,3,108,3742.176764,16,2019,Asia,Diesel,Front-wheel drive,-2,10.54584363
260,4,144,2998.981769,12.8,2019,USA,Diesel,All-wheel drive,-1,15.88729516
250,4,184,3510.051866,15.3,2018,USA,Gasoline,Front-wheel drive,-1,12.87790404
200,5,150,2870.361059,15.6,2016,Asia,Gasoline,Front-wheel drive,-2,15.26162566
300,4,111,2135.716359,16.9,2006,USA,Gasoline,All-wheel drive,,19.40220906
150,8,112,3333.098805,12.8,2005,Asia,Diesel,Front-wheel drive,1,13.07853465
210,4,180,3352.928644,12.8,2010,Europe,Diesel,Front-wheel drive,-1,14.23258375
190,5,156,2665.338833,19.7,2008,Europe,Diesel,All-wheel drive,0,16.4723631
260,2,141,3278.347472,15.1,2012,Europe,Gasoline,All-wheel drive,-1,12.72645881
230,3,176,3430.993044,17.9,2022,Europe,Diesel,All-wheel drive,,12.79861364
150,7,167,3449.5434,14.2,2001,Europe,Diesel,All-wheel drive,0,13.29977853
280,3,136,2530.852329,16.4,2008,Europe,Gasoline,All-wheel drive,0,17.22868887
170,4,126,2860.574812,19.2,2022,Europe,Gasoline,Front-wheel drive,1,15.30671502
190,2,163,2941.609554,19.9,2013,Asia,Diesel,All-wheel drive,-1,15.70475845
220,3,165,3384.638656,14.5,2006,Europe,Gasoline,All-wheel drive,-1,13.93725534
200,5,132,2420.241867,16.7,2004,Asia,Gasoline,Front-wheel drive,0,17.48968811
210,5,245,4478.064461,19.8,2017,Asia,Gasoline,Front-wheel drive,1,7.945780649
130,,90,2044.005839,14,2011,Europe,Gasoline,All-wheel drive,0,19.39170079
170,6,174,3280.357805,15.2,2017,USA,Diesel,All-wheel drive,1,13.81842849
230,1,142,2622.936601,12.5,2002,Europe,Gasoline,All-wheel drive,0,17.31640653
180,0,120,3271.124809,,2016,Asia,Gasoline,All-wheel drive,0,13.71664646
250,4,135,1871.756432,12,2016,USA,Gasoline,Front-wheel drive,0,20.52534958
240,1,114,2899.523174,16.8,2008,Europe,Diesel,Front-wheel drive,-1,15.18967734
300,3,141,3258.983707,12.3,2005,Asia,Diesel,Front-wheel drive,0,14.38295348
190,3,129,3076.204025,13.3,2003,USA,Gasoline,Front-wheel drive,-1,15.36470654
170,7,119,2867.705863,19.4,2006,Europe,Gasoline,All-wheel drive,0,15.38502036
250,6,186,2193.489195,13.3,2003,Europe,Gasoline,Front-wheel drive,2,20.17135065
130,2,,2708.567927,14.2,2022,Asia,Diesel,Front-wheel drive,0,16.39358516
210,4,182,3003.393418,13.3,2012,USA,Diesel,Front-wheel drive,0,15.75130751
190,5,150,2873.417077,13.3,2006,Europe,Gasoline,Front-wheel drive,0,15.45308279
310,6,171,3090.179039,15.1,2018,Asia,Gasoline,All-wheel drive,-1,14.74521454
180,6,,2597.722767,14.2,2008,Europe,Gasoline,All-wheel drive,-2,17.3660188
150,5,164,4047.269059,14.4,2015,Asia,Diesel,Front-wheel drive,,9.430077026
120,1,126,1448.103032,16.1,2010,Asia,Gasoline,Front-wheel drive,0,22.43747801
150,3,139,3059.689971,18.1,2014,Europe,Gasoline,All-wheel drive,0,14.17391056
150,8,132,2913.66375,,2006,Asia,Gasoline,All-wheel drive,1,15.48238402
190,2,164,2194.220578,17.7,2004,Asia,Diesel,All-wheel drive,-2,18.19488614
220,4,,3791.702373,11.1,2023,USA,Diesel,All-wheel drive,1,11.65559089
190,3,173,3393.673408,14,2016,Asia,Diesel,All-wheel drive,-1,13.70305831
240,6,109,3647.44765,14.8,2005,Asia,Diesel,Front-wheel drive,-2,11.16482197
270,9,117,3212.961662,18.9,2020,Asia,Diesel,All-wheel drive,-1,12.70547955
160,4,108,3434.702385,15.6,2018,Europe,Gasoline,Front-wheel drive,1,12.29095696
270,3,176,3035.926253,16.7,2012,USA,Diesel,Front-wheel drive,0,14.56849245
200,6,,2341.836245,14.6,2018,Asia,Diesel,Front-wheel drive,0,18.22237923
190,5,146,3208.551031,14.9,2009,USA,Diesel,Front-wheel drive,-1,13.74384044
120,4,117,2864.741254,,2015,Europe,Diesel,Front-wheel drive,0,15.05055801
170,1,144,3596.576567,19.4,2021,USA,Diesel,Front-wheel drive,1,11.43974513
200,4,147,3276.555295,19,2004,Europe,Gasoline,All-wheel drive,-1,12.78543899
230,0,161,2662.289292,15.6,2014,USA,Gasoline,Front-wheel drive,2,16.45028286
170,3,182,3172.778939,17.8,2015,Asia,Gasoline,All-wheel drive,0,13.93232034
260,3,158,3317.159204,13.7,2019,Asia,Gasoline,Front-wheel drive,0,13.24286649
220,,138,2009.015261,11.1,2020,USA,Gasoline,Front-wheel drive,1,19.8900828
180,9,144,3207.430428,,2002,USA,Gasoline,All-wheel drive,0,14.56349789
240,3,202,2449.473437,15.1,2007,Europe,Diesel,Front-wheel drive,0,18.41086533
120,3,206,2855.235468,16,2019,USA,Diesel,Front-wheel drive,0,16.65499541
230,4,,2674.213255,12.6,2023,Europe,Gasoline,Front-wheel drive,2,16.49090409
250,5,139,4401.033485,,2002,Europe,Gasoline,Front-wheel drive,1,8.278130345
300,3,84,3133.383807,16,2016,Asia,Diesel,Front-wheel drive,1,14.13033841
160,1,102,2582.373321,15.7,2010,USA,Gasoline,Front-wheel drive,-1,16.55639817
130,4,126,3201.929599,14.5,2004,Asia,Gasoline,All-wheel drive,-1,13.26574971
190,2,160,3997.213637,14.6,2018,USA,Diesel,Front-wheel drive,0,10.03077014
250,5,124,3203.121208,,2017,Europe,Diesel,Front-wheel drive,0,13.7797076
240,2,174,3844.203902,13.8,2018,Asia,Diesel,Front-wheel drive,0,10.82891231
220,5,158,2727.142896,14.8,2005,Asia,Gasoline,All-wheel drive,-3,16.53094197
140,3,184,2952.338418,14,2017,Asia,Gasoline,Front-wheel drive,-1,15.45043191
210,1,162,2521.973338,14.5,2007,Asia,Gasoline,All-wheel drive,0,16.90612627
180,1,98,2504.763183,15.6,2023,Europe,Diesel,All-wheel drive,1,16.57091956
90,4,130,3397.883524,16.2,2001,Asia,Gasoline,All-wheel drive,0,12.67531385
290,4,162,3491.801599,11.9,2009,Asia,Diesel,All-wheel drive,1,12.83860197
210,1,138,3064.361778,18.9,2017,Europe,Diesel,All-wheel drive,0,13.9092727
290,5,145,2721.991505,12.5,2006,USA,Gasoline,All-wheel drive,-1,17.16008516
150,2,181,2623.595822,16.1,2020,Asia,Diesel,All-wheel drive,0,17.2604329
300,,188,4099.148878,16.9,2022,Europe,Diesel,Front-wheel drive,1,10.77056438
300,3,126,2118.063,21.2,2004,Asia,Diesel,All-wheel drive,-1,19.05145865
150,5,125,2616.31477,15.1,2020,Europe,Diesel,All-wheel drive,-1,16.24963132
250,6,174,3723.558717,12.5,2014,Europe,Gasoline,Front-wheel drive,3,12.57986433
240,5,124,3611.489189,18.2,2002,Europe,Gasoline,Front-wheel drive,-1,11.7212429
210,6,188,3614.061031,17.1,2022,Europe,Gasoline,All-wheel drive,0,12.09714787
150,4,232,3241.471045,16.8,2004,Asia,Diesel,Front-wheel drive,0,14.35811989
280,3,94,2854.245075,,2004,Asia,Diesel,Front-wheel drive,0,15.32631997
160,2,170,3676.321528,12.7,2016,USA,Gasoline,Front-wheel drive,,11.90050966
260,7,,3140.996406,18,2010,Asia,Diesel,Front-wheel drive,0,13.7414419
260,4,132,2519.189485,11,2005,Asia,Diesel,Front-wheel drive,0,16.9759217
110,,152,3209.474794,18.1,2008,Asia,Diesel,All-wheel drive,,14.23139076
200,2,128,2146.373139,12.3,2016,Europe,Gasoline,All-wheel drive,1,19.26421408
200,4,102,2083.003725,16.3,2008,Asia,Diesel,All-wheel drive,,18.21064321
280,4,,2103.597614,11.3,2012,Europe,Diesel,All-wheel drive,1,19.10755039
220,0,130,2883.532985,,2005,Europe,Diesel,Front-wheel drive,0,15.32145601
190,3,178,3100.685261,16.3,2005,Europe,Diesel,Front-wheel drive,1,14.8434573
120,8,128,3303.360476,12.7,2001,Asia,Diesel,Front-wheel drive,0,13.85947808
250,5,184,2030.066164,14.9,2020,Asia,Gasoline,All-wheel drive,-1,19.82517193
180,11,154,3963.584138,14.1,2020,USA,Diesel,Front-wheel drive,0,10.22702939
200,3,116,3151.093504,16.8,2014,Europe,Gasoline,Front-wheel drive,-2,13.78690605
200,9,128,2389.39438,17,2002,Europe,Diesel,Front-wheel drive,0,18.01439483
210,2,202,3518.701952,15.9,2020,Asia,Gasoline,All-wheel drive,0,12.63172332
170,3,138,2426.292739,15.2,2010,Europe,Gasoline,Front-wheel drive,0,17.5251395
140,3,153,2901.396812,19,2018,USA,Diesel,All-wheel drive,-2,14.97880016
220,3,145,2827.671614,12,2014,Asia,Gasoline,Front-wheel drive,-2,16.48190527
220,4,164,3868.979048,17.8,2004,Asia,Diesel,Front-wheel drive,,10.53018832
200,4,130,3773.090062,16.8,2009,Asia,Diesel,All-wheel drive,1,11.24742685
290,8,159,3713.531365,13.5,2011,USA,Gasoline,Front-wheel drive,0,12.03465188
230,1,126,3465.951519,15.5,2003,Europe,Gasoline,Front-wheel drive,0,12.56185828
170,2,151,2275.638673,15.5,2013,Europe,Diesel,Front-wheel drive,-1,18.95909956
240,8,143,2871.956623,20.3,2016,USA,Gasoline,All-wheel drive,-2,15.12042998
240,3,176,3724.686225,14.4,2015,Europe,Gasoline,All-wheel drive,-1,11.2346289
230,3,173,4127.579993,16.6,2006,Europe,Gasoline,Front-wheel drive,1,9.195477247
160,4,188,3181.370972,16.9,2019,Europe,Gasoline,All-wheel drive,-2,14.93141662
110,2,196,2674.819174,,2006,USA,Gasoline,Front-wheel drive,-2,17.2449279
150,4,185,3117.013302,12.6,2022,Asia,Gasoline,Front-wheel drive,1,15.01884231
280,7,128,2816.766732,20.2,2021,Asia,Diesel,Front-wheel drive,0,15.45767783
190,4,157,3367.351892,17.7,2003,Asia,Gasoline,All-wheel drive,-1,12.66459849
150,3,165,2779.593101,16.1,2003,USA,Gasoline,All-wheel drive,-1,16.41946454
210,5,125,2534.05036,13,2002,Asia,Gasoline,All-wheel drive,-1,17.56440294
180,3,167,3401.241037,,2011,USA,Gasoline,All-wheel drive,-1,11.29355656
190,4,171,3898.519484,13,2011,Asia,Diesel,All-wheel drive,0,11.19793281
210,5,154,2515.409008,16.3,2003,Europe,Gasoline,All-wheel drive,0,17.00803802
310,4,142,3672.570709,22.3,2013,USA,Diesel,All-wheel drive,-1,10.65379136
220,7,,3259.891991,21.1,2009,USA,Diesel,All-wheel drive,0,13.1702785
200,1,,2945.382409,15.7,2014,Asia,Gasoline,All-wheel drive,-2,14.19367492
190,1,159,2618.148495,16.2,2016,Europe,Gasoline,All-wheel drive,0,16.2764919
250,5,165,3138.584166,16.7,2010,Asia,Gasoline,Front-wheel drive,-2,14.12019081
10,4,104,2391.552349,,2001,USA,Diesel,All-wheel drive,1,17.8276531
210,7,152,2888.863442,18.2,2016,USA,Gasoline,Front-wheel drive,2,14.60449687
250,5,129,2829.286577,12.5,2003,Asia,Gasoline,All-wheel drive,-1,15.79168181
240,4,146,2330.857865,16.6,2008,Asia,Diesel,All-wheel drive,-1,18.27576332
170,5,,3086.240277,18.7,2019,Europe,Diesel,Front-wheel drive,-2,14.60995142
110,3,166,3233.191748,,2022,USA,Gasoline,All-wheel drive,0,14.13855443
180,2,132,2723.449672,12,2009,Asia,Gasoline,Front-wheel drive,1,16.23608393
250,2,113,2833.714061,,2004,Asia,Gasoline,Front-wheel drive,1,16.02597094
230,6,155,3253.626059,14.4,2004,USA,Gasoline,All-wheel drive,,13.7841728
160,5,171,2982.32908,17.5,2010,Asia,Diesel,Front-wheel drive,0,15.41282543
290,3,161,2629.861613,12.7,2000,Asia,Gasoline,Front-wheel drive,,17.47374993
240,6,185,3306.506663,11.3,2011,Europe,Gasoline,All-wheel drive,,14.27375595
200,3,117,2887.071907,21,2012,Asia,Diesel,All-wheel drive,-2,14.34165137
270,4,201,2634.647491,17.5,2020,Europe,Diesel,All-wheel drive,-1,17.37945564
230,3,165,2284.959187,13.5,2002,USA,Diesel,Front-wheel drive,2,19.0587994
290,5,143,2963.819584,12.4,2005,Europe,Gasoline,All-wheel drive,0,15.58531098
220,4,144,2567.358686,15.5,2017,USA,Diesel,All-wheel drive,1,17.07692062
160,2,143,3504.466024,16.3,2023,Europe,Diesel,Front-wheel drive,-2,12.51427789
170,3,133,3286.861384,15,2006,Asia,Gasoline,All-wheel drive,-1,14.07354617
230,1,113,3272.747094,15,2006,Europe,Diesel,Front-wheel drive,-1,13.3396576
170,2,,3136.802338,14.8,2002,Europe,Diesel,Front-wheel drive,0,14.33134645
170,6,,3580.656989,20.1,2016,USA,Gasoline,Front-wheel drive,1,11.52733995
210,4,,3431.438711,13.8,2009,USA,Diesel,Front-wheel drive,2,13.50950638
260,3,153,3057.374521,,2015,USA,Diesel,Front-wheel drive,-2,14.66008473
160,2,167,3119.757161,13.3,2003,Asia,Gasoline,All-wheel drive,3,14.78458857
140,4,116,4222.538022,12.8,2016,Europe,Diesel,All-wheel drive,1,9.032682064
260,5,167,3331.932609,18,2004,Asia,Gasoline,All-wheel drive,1,13.53932037
170,7,179,3425.665506,17.2,2010,USA,Gasoline,All-wheel drive,-1,13.26838866
210,3,161,3415.944456,,2020,Asia,Diesel,All-wheel drive,-2,13.43353558
210,3,132,3064.158761,16.5,2018,Asia,Diesel,All-wheel drive,-2,14.38178898
190,2,213,3615.965737,11,2004,Asia,Diesel,All-wheel drive,0,13.58267771
170,2,,3105.063801,16.4,2021,Asia,Diesel,Front-wheel drive,-1,14.01713899
210,,137,2794.973783,16.2,2017,Europe,Gasoline,Front-wheel drive,2,16.20294042
140,3,147,3503.163645,,2003,Europe,Diesel,Front-wheel drive,-1,12.2139565
170,8,,2800.649902,11,2021,Europe,Gasoline,All-wheel drive,-1,16.38923766
190,2,101,2547.690896,19.8,2002,USA,Diesel,All-wheel drive,-1,15.89374859
200,4,181,2660.423605,11.9,2001,USA,Gasoline,Front-wheel drive,-1,17.93041774
200,1,,3241.547757,16.1,2018,USA,Gasoline,All-wheel drive,0,13.47408501
180,5,143,2709.088466,17.3,2020,Asia,Diesel,All-wheel drive,0,15.40351974
240,2,95,3026.308596,16.3,2013,Europe,Diesel,Front-wheel drive,-1,13.54052574
170,5,170,2643.855943,9.9,2020,USA,Diesel,All-wheel drive,1,16.82099473
220,2,166,2547.941391,16.5,2014,USA,Gasoline,All-wheel drive,0,17.59635202
130,2,164,2826.095318,,2021,USA,Gasoline,All-wheel drive,1,16.02835519
170,1,154,2964.87669,15.3,2009,Europe,Diesel,All-wheel drive,1,15.21227735
180,1,161,2744.582102,,2005,Europe,Gasoline,All-wheel drive,0,16.39041244
230,3,142,3820.829124,17.4,2004,USA,Diesel,All-wheel drive,1,10.83173015
200,2,122,3166.687651,12.9,2010,Europe,Gasoline,Front-wheel drive,,14.27342957
270,7,200,2843.867853,13.7,2013,Europe,Gasoline,All-wheel drive,1,15.66847115
180,4,171,3290.929592,16.2,2017,Europe,Diesel,Front-wheel drive,0,14.291675
220,2,,2623.772622,14.3,2010,Asia,Diesel,All-wheel drive,-2,15.90942305
220,8,147,3087.366335,11.7,2015,Europe,Diesel,Front-wheel drive,1,14.50480089
270,5,186,3472.290568,20.4,2018,USA,Diesel,Front-wheel drive,-1,12.51396439
280,,,3221.149044,16.7,2011,USA,Diesel,Front-wheel drive,-2,13.85805162
240,7,173,3019.568214,13.4,2012,Europe,Diesel,Front-wheel drive,0,15.07552488
220,3,129,2656.297479,12.8,2018,USA,Diesel,All-wheel drive,0,16.6691541
310,2,80,2678.624069,14.9,2022,USA,Gasoline,All-wheel drive,0,16.78757157
230,3,203,2687.211147,15.2,2021,USA,Gasoline,All-wheel drive,1,16.62553653
220,1,162,3073.257719,9.7,2019,Asia,Gasoline,All-wheel drive,0,15.02861734
300,4,180,2225.95325,16,2023,USA,Diesel,All-wheel drive,0,18.83229408
150,3,138,3311.661738,,2018,Europe,Gasoline,Front-wheel drive,1,13.46774376
190,2,156,2494.107025,13.2,2017,USA,Gasoline,Front-wheel drive,0,17.47088961
190,4,129,2086.137072,15.9,2010,Europe,Gasoline,Front-wheel drive,-1,20.20508379
230,4,125,2669.215239,13.7,2011,Europe,Diesel,Front-wheel drive,1,16.30974824
170,9,174,2800.639541,13.1,2022,USA,Gasoline,Front-wheel drive,-1,16.34265537
260,3,189,2297.882478,13.5,2016,USA,Diesel,All-wheel drive,-1,19.43518414
260,3,192,2595.531855,,2014,USA,Diesel,All-wheel drive,-2,17.04353244
140,6,121,3647.937312,16.8,2014,Europe,Gasoline,All-wheel drive,0,10.94937601
240,10,159,2679.558608,18.2,2011,USA,Gasoline,Front-wheel drive,,16.2181145
210,4,174,2299.789185,,2016,Asia,Gasoline,Front-wheel drive,0,18.71207966
190,5,138,2480.150019,11.1,2019,Europe,Gasoline,All-wheel drive,0,17.56666665
260,6,125,2361.035428,19.4,2023,USA,Diesel,Front-wheel drive,0,17.70976494
180,4,115,2554.108936,19.7,2003,Europe,Gasoline,All-wheel drive,-1,16.10708102
160,4,134,3164.584788,15.8,2018,Asia,Diesel,All-wheel drive,1,14.46906563
230,2,82,3008.965474,14.4,2013,Europe,Diesel,All-wheel drive,0,14.01813024
250,4,124,2896.726263,15,2006,USA,Diesel,Front-wheel drive,2,15.36876876
120,5,160,2401.409175,13.5,2004,USA,Diesel,All-wheel drive,0,18.1912008
230,2,130,2546.326707,14.2,2011,Asia,Gasoline,All-wheel drive,2,17.27962761
270,3,123,2514.283811,,2002,Asia,Diesel,Front-wheel drive,2,17.84069175
170,5,201,2364.611319,16.3,2015,Asia,Gasoline,Front-wheel drive,2,18.99025569
160,2,192,3211.228617,16.2,2011,Asia,Diesel,Front-wheel drive,-1,14.38742663
230,3,132,3281.949024,17.8,2017,USA,Gasoline,All-wheel drive,1,12.55707068
310,3,172,3059.137244,19.6,2018,Asia,Diesel,All-wheel drive,0,14.25525338
180,3,151,2486.882476,16.2,2007,Asia,Diesel,Front-wheel drive,1,17.93270149
170,5,139,2154.847088,15.5,2006,USA,Gasoline,Front-wheel drive,1,18.99287447
130,6,151,3550.822424,14.5,2006,Asia,Gasoline,Front-wheel drive,,12.60423614
150,3,103,3322.401693,12.8,2007,Europe,Gasoline,All-wheel drive,0,13.44941531
170,6,187,3807.202135,,2022,USA,Diesel,Front-wheel drive,-1,10.83172061
330,5,115,3169.923722,17.5,2002,Europe,Diesel,All-wheel drive,0,13.94988971
150,4,170,2991.923276,14.1,2016,Europe,Gasoline,Front-wheel drive,-1,14.97118029
280,3,131,2661.919138,15.1,2013,Asia,Diesel,All-wheel drive,0,17.08357987
270,7,158,3479.121578,20.2,2020,Europe,Diesel,All-wheel drive,1,12.27799322
190,5,185,3491.895173,12.7,2011,USA,Gasoline,All-wheel drive,0,13.75303736
210,,191,2856.006582,11.5,2009,USA,Gasoline,Front-wheel drive,-1,15.80633171
200,2,156,2815.526375,14,2017,Europe,Diesel,All-wheel drive,1,16.10589803
130,2,164,2994.798504,12.7,2015,Asia,Gasoline,Front-wheel drive,,15.31796544
240,1,154,2542.821636,15.7,2018,Europe,Gasoline,All-wheel drive,1,17.71562299
210,4,167,2874.536362,15.6,2017,Asia,Diesel,Front-wheel drive,0,15.22697283
220,9,94,3363.901051,16.2,2017,Asia,Gasoline,Front-wheel drive,1,12.4220612
260,2,197,3024.782792,13.7,2006,USA,Diesel,All-wheel drive,0,15.73779188
300,1,134,3110.657867,16.8,2017,Europe,Diesel,Front-wheel drive,1,14.19197848
250,3,164,3660.469699,15.1,2016,USA,Diesel,All-wheel drive,0,11.59190108
210,7,168,3516.708722,13.5,2006,Asia,Gasoline,All-wheel drive,-1,13.49960427
140,3,126,2653.728237,17.5,2013,USA,Gasoline,Front-wheel drive,-2,15.65820171
200,5,131,3267.327588,17.1,2016,Asia,Gasoline,Front-wheel drive,2,13.979577
240,0,152,3956.610882,13.7,2021,Asia,Gasoline,Front-wheel drive,1,10.00126803
190,1,150,3420.351678,15.4,2012,Europe,Gasoline,All-wheel drive,0,12.62781904
200,3,127,2753.498684,16.4,2016,Europe,Diesel,Front-wheel drive,0,15.76276894
100,3,,3061.571062,18.7,2011,Europe,Diesel,Front-wheel drive,0,14.61363299
220,4,152,3103.075545,15.6,2018,USA,Diesel,Front-wheel drive,0,14.11608832
140,5,144,3399.046861,18.9,2015,USA,Diesel,Front-wheel drive,,12.85615629
250,6,173,2803.958828,16.3,2023,USA,Gasoline,All-wheel drive,-1,16.02888947
210,2,124,2294.872661,17.8,2018,USA,Diesel,Front-wheel drive,,18.92301782
270,5,141,2468.795288,12.5,2015,USA,Gasoline,Front-wheel drive,-2,17.69605041
210,5,129,3514.567686,13.2,2010,Europe,Gasoline,Front-wheel drive,0,12.45508959
150,3,150,2673.812084,,2009,Europe,Gasoline,Front-wheel drive,1,16.24439087
170,5,115,2760.369106,12.6,2022,Europe,Diesel,Front-wheel drive,-1,15.63034372
250,2,139,2738.267202,16.6,2009,Europe,Diesel,All-wheel drive,-2,16.51595207
140,1,,2632.462506,16.2,2003,Europe,Gasoline,Front-wheel drive,1,16.03182096
200,6,,3892.334081,15.8,2017,Asia,Diesel,Front-wheel drive,1,10.4358731
210,,96,2184.939188,16.4,2023,Asia,Diesel,All-wheel drive,2,18.43183938
240,4,126,2203.358117,15.8,2013,Asia,Gasoline,All-wheel drive,0,18.88806896
190,7,172,2796.195499,13.2,2008,Asia,Gasoline,All-wheel drive,,16.77632822
140,2,138,3693.987341,12,2015,Europe,Diesel,Front-wheel drive,0,12.2579812
210,7,151,3014.432807,,2003,Asia,Diesel,Front-wheel drive,-2,15.61259256
180,2,129,2206.066562,14.7,2010,Europe,Diesel,All-wheel drive,0,19.18001051
150,2,138,3690.948921,20.8,2003,Asia,Diesel,Front-wheel drive,0,10.9922377
250,4,110,3323.473239,16.4,2003,Europe,Gasoline,Front-wheel drive,0,12.1941985
140,,166,2139.694454,11.7,2013,Asia,Gasoline,All-wheel drive,0,19.23232405
160,6,123,2946.443894,17.3,2019,USA,Gasoline,All-wheel drive,2,14.73567896
230,6,141,2216.810292,17,2002,USA,Diesel,Front-wheel drive,0,18.87308596
180,6,150,2361.477477,19,2001,USA,Gasoline,Front-wheel drive,0,17.70454819
230,7,162,3940.075638,13.8,2003,USA,Gasoline,Front-wheel drive,-1,10.47159883
220,4,136,2883.190957,17.2,2007,USA,Gasoline,Front-wheel drive,0,14.87868425
120,5,157,2336.388278,11.4,2012,Asia,Gasoline,All-wheel drive,0,18.33918988
220,4,117,3122.151845,10.9,2016,Europe,Gasoline,Front-wheel drive,1,14.30995757
180,3,128,2198.729936,16.5,2017,Europe,Gasoline,Front-wheel drive,-1,19.02011413
190,4,149,2180.746046,13,2019,Asia,Diesel,Front-wheel drive,1,18.88586214
240,4,209,2772.851605,15.5,2005,Asia,Gasoline,Front-wheel drive,0,16.31232304
130,2,130,2832.921476,14.1,2009,USA,Gasoline,All-wheel drive,-1,15.80251715
140,3,132,3073.37888,15.8,2007,Asia,Diesel,All-wheel drive,0,14.88935919
200,1,164,3196.269982,11.8,2020,Europe,Gasoline,All-wheel drive,-1,14.32437625
290,6,102,2679.062857,9.7,2000,Asia,Gasoline,Front-wheel drive,,16.32360889
190,4,178,2862.020568,15.8,2005,Asia,Gasoline,All-wheel drive,1,15.80338838
240,3,182,3003.04196,18.2,2022,Asia,Gasoline,Front-wheel drive,0,15.14168867
170,4,137,3598.950808,21,2013,Europe,Diesel,All-wheel drive,0,11.53977214
130,3,138,1853.72007,19.9,2005,Asia,Gasoline,All-wheel drive,0,19.86528909
170,3,173,3655.154197,15.8,2018,Asia,Diesel,Front-wheel drive,1,11.4050459
220,0,135,3251.762861,12.9,2009,Europe,Diesel,Front-wheel drive,-3,13.31334143
150,3,203,3690.303678,,2011,USA,Gasoline,All-wheel drive,1,12.09764508
200,3,129,2070.338157,15.2,2023,Asia,Diesel,Front-wheel drive,0,19.35744824
210,3,105,2694.953653,10,2003,USA,Gasoline,Front-wheel drive,0,16.48696237
240,0,131,3013.131497,17.8,2023,Asia,Diesel,All-wheel drive,1,14.4411234
200,4,150,3972.97662,11,2011,Europe,Gasoline,All-wheel drive,-1,10.81315412
170,3,105,2336.204603,18.4,2008,USA,Gasoline,All-wheel drive,-1,16.9937093
270,5,165,3067.039596,15.8,2022,Asia,Gasoline,Front-wheel drive,0,15.20336334
210,2,186,2749.48706,11.8,2021,Asia,Diesel,Front-wheel drive,3,17.13014341
210,5,119,3024.631731,19.7,2002,Asia,Diesel,All-wheel drive,-2,13.6585766
210,6,126,2530.303225,15.5,2021,Europe,Gasoline,Front-wheel drive,0,16.84450013
260,5,161,3055.582913,19.4,2003,Europe,Gasoline,Front-wheel drive,-1,14.70311404
170,0,164,2952.578339,14.9,2014,USA,Gasoline,All-wheel drive,-1,14.86512768
170,1,152,2135.257473,,2018,Europe,Gasoline,Front-wheel drive,0,18.98443514
200,3,168,3066.67755,18.1,2013,Asia,Diesel,Front-wheel drive,1,14.32736735
180,6,133,2400.534308,15.3,2002,Asia,Diesel,Front-wheel drive,2,17.89046516
180,3,172,2787.433058,21.3,2011,Asia,Gasoline,Front-wheel drive,-1,16.33428658
200,6,144,1852.651122,,2009,Asia,Diesel,Front-wheel drive,3,20.17042137
310,2,164,3332.520153,14.4,2006,USA,Diesel,Front-wheel drive,0,13.68000588
190,4,217,2672.449394,15.7,2005,Asia,Gasoline,All-wheel drive,1,17.36494723
120,5,124,3730.32543,13.9,2012,USA,Diesel,All-wheel drive,-2,11.53847649
200,3,159,3210.41206,,2006,Asia,Gasoline,All-wheel drive,1,14.68550577
130,4,157,3908.375533,16.4,2019,USA,Gasoline,Front-wheel drive,0,9.825522137
210,2,139,2966.161004,15.8,2017,USA,Gasoline,All-wheel drive,0,15.78220411
200,5,129,3370.397735,16.7,2003,USA,Diesel,Front-wheel drive,1,12.66334596
250,1,143,3154.721513,15.6,2022,USA,Gasoline,Front-wheel drive,-1,14.40950206
210,3,159,2840.55626,15.6,2017,Europe,Diesel,All-wheel drive,0,16.08748157
160,3,,3295.748895,15.6,2013,Asia,Diesel,All-wheel drive,-1,12.9869224
230,3,119,2919.853578,19.3,2006,USA,Gasoline,All-wheel drive,-1,14.07855835
140,2,136,2589.402322,15,2004,USA,Gasoline,Front-wheel drive,1,17.01296476
200,6,173,2632.417918,12.2,2007,USA,Diesel,Front-wheel drive,0,17.24938576
210,5,77,3171.811126,12.6,2008,USA,Gasoline,Front-wheel drive,-1,13.92313204
270,3,109,2622.088605,13.8,2022,Europe,Diesel,Front-wheel drive,1,16.59704545
170,3,152,2544.611947,18,2022,Europe,Gasoline,Front-wheel drive,-1,17.56989468
180,4,151,2652.95185,14.3,2017,Europe,Diesel,All-wheel drive,,17.04265014
240,5,209,3912.371172,14.8,2023,USA,Diesel,Front-wheel drive,0,10.64990741
210,2,136,2840.822683,12.9,2003,USA,Diesel,All-wheel drive,0,15.9715114
270,3,162,2944.509776,16.8,2002,Europe,Diesel,Front-wheel drive,0,15.59184835
130,2,128,3736.079058,18.1,2006,Europe,Diesel,Front-wheel drive,2,11.24283811
210,2,138,2966.292017,16.1,2013,Europe,Diesel,Front-wheel drive,-1,14.57731959
60,3,168,3325.565558,14.5,2015,USA,Gasoline,Front-wheel drive,1,13.36664417
260,4,184,1771.700529,,2017,Europe,Diesel,All-wheel drive,0,20.88553745
160,2,116,2830.214164,16.4,2010,USA,Diesel,Front-wheel drive,0,15.16431765
220,2,,3612.031047,16.7,2009,Europe,Diesel,Front-wheel drive,1,11.04257026
150,5,188,3589.299816,14,2012,USA,Gasoline,All-wheel drive,1,12.24524097
330,6,83,2514.647714,14.4,2018,Asia,Gasoline,Front-wheel drive,1,16.79245326
180,3,133,3223.041181,15.4,2012,Europe,Gasoline,Front-wheel drive,2,13.79544089
240,5,169,2130.494987,,2002,Europe,Diesel,Front-wheel drive,0,19.17620505
250,7,147,3331.539202,9.6,2013,Europe,Gasoline,Front-wheel drive,0,13.20298491
250,4,142,1508.881827,17.5,2020,USA,Gasoline,All-wheel drive,-1,22.2009841
180,4,182,2624.493742,17.5,2005,USA,Diesel,All-wheel drive,2,17.16932777
200,4,,2387.232436,16.9,2012,USA,Diesel,All-wheel drive,1,17.31189827
180,3,160,3207.356814,18.1,2020,USA,Gasoline,All-wheel drive,0,13.73894428
280,3,169,2648.090351,14.2,2012,Europe,Diesel,Front-wheel drive,,16.9801812
250,5,194,3309.375704,13.7,2021,USA,Diesel,All-wheel drive,1,14.17825034
300,8,120,3427.789243,17.4,2001,USA,Gasoline,All-wheel drive,-1,12.25222857
200,3,135,2930.463084,16.3,2012,Europe,Gasoline,Front-wheel drive,0,14.74618631
200,3,90,3521.833942,16.2,2017,Europe,Diesel,Front-wheel drive,0,11.24481483
220,9,114,3341.154805,15.8,2019,USA,Gasoline,All-wheel drive,0,13.43034692
150,11,145,3048.786407,17.7,2015,Asia,Diesel,Front-wheel drive,1,13.78468761
200,4,218,1928.520069,22.6,2015,Europe,Gasoline,Front-wheel drive,,20.9414037
120,2,135,3380.077976,,2004,Asia,Gasoline,All-wheel drive,2,12.509263
200,2,147,2490.09847,14.1,2009,Europe,Gasoline,Front-wheel drive,-1,17.26179583
240,3,136,2603.335922,17,2005,Asia,Gasoline,Front-wheel drive,2,17.22700908
180,7,140,3330.357425,16.4,2014,Asia,Diesel,Front-wheel drive,-1,13.71546722
190,4,151,2752.902047,11.8,2003,USA,Gasoline,Front-wheel drive,-1,16.2107901
210,2,206,3318.823709,16.2,2010,Asia,Diesel,Front-wheel drive,0,13.25146992
190,1,164,3144.354066,18.9,2015,Asia,Diesel,Front-wheel drive,1,14.09265019
130,8,101,3378.705799,,2004,Europe,Diesel,All-wheel drive,,11.82306471
220,,156,3058.194418,13.9,2018,USA,Gasoline,All-wheel drive,0,15.21738655
230,9,95,3850.36743,10.8,2009,USA,Diesel,Front-wheel drive,-1,10.00257232
170,3,150,3611.130005,16,2004,Europe,Diesel,All-wheel drive,1,11.35219599
300,6,168,2654.310015,18.7,2013,Europe,Gasoline,All-wheel drive,1,15.73690658
220,4,154,4123.40915,16.2,2017,Europe,Diesel,All-wheel drive,2,9.128903064
200,7,143,3112.338806,12.8,2019,USA,Gasoline,Front-wheel drive,-2,14.19385839
220,4,107,3374.342422,17.7,2001,Asia,Gasoline,Front-wheel drive,0,12.66026819
230,6,156,2489.185619,17,2005,Asia,Gasoline,Front-wheel drive,1,17.46017709
190,2,153,3289.964237,18.4,2005,Europe,Diesel,Front-wheel drive,0,12.62820533
230,3,194,2702.902433,,2019,Asia,Diesel,All-wheel drive,0,17.0021064
260,3,135,3511.584208,13.1,2011,Europe,Gasoline,Front-wheel drive,0,12.04333694
140,2,,2558.479349,16,2006,USA,Gasoline,Front-wheel drive,0,16.34302115
150,3,184,2747.953698,17.5,2017,USA,Gasoline,Front-wheel drive,1,16.11364894
230,5,169,2236.78786,13.7,2004,Europe,Gasoline,All-wheel drive,-1,19.28521824
230,3,139,2859.370066,15.5,2021,Europe,Diesel,All-wheel drive,0,15.58916199
150,5,167,2329.977206,15.3,2002,Europe,Gasoline,Front-wheel drive,0,18.52588249
130,2,140,2984.765137,12.1,2007,Asia,Gasoline,All-wheel drive,0,15.06348346
190,4,124,2900.080651,15.2,2012,USA,Gasoline,Front-wheel drive,0,15.98277967
170,3,146,3228.589542,10.1,2017,USA,Gasoline,All-wheel drive,1,13.74208487
250,5,139,2293.500355,18,2013,Asia,Diesel,Front-wheel drive,,18.49093821
150,4,,3352.159802,19.8,2013,Europe,Gasoline,All-wheel drive,0,13.06054702
120,4,123,3488.323259,17,2009,Asia,Diesel,All-wheel drive,0,12.42603283
160,5,173,3109.339525,17.7,2010,Asia,Diesel,Front-wheel drive,0,14.65430506
250,2,143,3931.000959,19.3,2022,Europe,Diesel,All-wheel drive,0,9.724180275
200,4,169,3492.54208,12,2020,Europe,Diesel,All-wheel drive,0,13.42654607
140,4,116,3095.650958,18.2,2021,Asia,Diesel,Front-wheel drive,-1,13.89523448
230,4,114,3144.954337,17.9,2005,Asia,Gasoline,Front-wheel drive,0,14.58888062
160,7,187,3321.204873,16,2005,USA,Gasoline,All-wheel drive,-1,14.12383761
140,5,153,2680.79444,16.7,2007,Asia,Gasoline,All-wheel drive,0,16.1344621
170,5,179,2433.631138,15.6,2018,Asia,Diesel,All-wheel drive,0,17.78617504
200,5,151,2185.131253,,2003,USA,Gasoline,All-wheel drive,-1,18.91174901
150,,148,4392.759292,17.1,2016,Asia,Diesel,All-wheel drive,1,7.317353385
210,2,211,2603.789637,15.9,2015,Asia,Diesel,All-wheel drive,1,17.66372131
150,3,169,2602.126577,15.8,2015,USA,Gasoline,All-wheel drive,1,17.64838119
250,,111,2568.797789,14.9,2003,Europe,Gasoline,All-wheel drive,0,16.11442468
280,4,98,3263.442742,15,2013,Asia,Gasoline,All-wheel drive,0,13.07764212
150,4,144,3024.323427,12.2,2009,Europe,Gasoline,All-wheel drive,0,15.16874702
200,3,153,2999.55503,15.9,2012,USA,Gasoline,Front-wheel drive,1,14.90870737
150,6,185,2909.265485,17.1,2011,USA,Diesel,Front-wheel drive,0,15.86979555
230,3,127,3313.538276,14.3,2005,Asia,Diesel,Front-wheel drive,0,13.41487389
250,6,192,3647.534838,17.2,2008,Europe,Gasoline,Front-wheel drive,-1,12.04642771
230,1,108,3194.996728,13.4,2018,Europe,Diesel,Front-wheel drive,1,13.82901651
210,1,152,3502.067566,20.8,2014,Asia,Diesel,Front-wheel drive,-1,11.58002614
200,3,157,3812.799067,18.1,2016,USA,Diesel,All-wheel drive,-1,10.70556548
280,3,175,2639.57579,15.5,2002,USA,Gasoline,Front-wheel drive,-2,16.97879436
210,5,203,3169.746264,10.2,2019,Asia,Gasoline,Front-wheel drive,0,15.27380837
150,3,221,2797.684088,15.6,2003,USA,Diesel,Front-wheel drive,-1,16.34403326
200,5,142,2965.011175,14.1,2001,Europe,Diesel,All-wheel drive,0,14.63445422
210,5,205,2398.140611,15.5,2003,Asia,Diesel,Front-wheel drive,0,18.88168095
220,2,173,3736.5373,14.2,2014,Asia,Gasoline,Front-wheel drive,,11.26856278
200,2,209,2288.934352,,2003,USA,Diesel,Front-wheel drive,-1,19.0399655
280,6,168,4308.547504,15.9,2022,USA,Diesel,Front-wheel drive,2,8.836375556
220,5,138,4027.743139,15.9,2016,USA,Diesel,Front-wheel drive,-1,9.77821762
170,2,130,2497.851603,14.7,2010,Asia,Diesel,Front-wheel drive,1,17.12154788
200,2,127,3148.483822,18.1,2009,Europe,Gasoline,Front-wheel drive,2,13.81804445
180,4,155,3650.234714,15.3,2021,Europe,Diesel,Front-wheel drive,-1,11.27468453
170,4,129,2861.03189,15.2,2007,USA,Diesel,Front-wheel drive,0,16.04888462
140,6,128,3506.466662,18,2007,Asia,Diesel,All-wheel drive,-1,12.40075984
190,4,139,3241.683473,15.2,2001,Europe,Diesel,All-wheel drive,0,13.54771322
220,3,93,3174.840838,20.2,2015,Asia,Gasoline,All-wheel drive,0,12.71398582
170,6,128,3262.652888,13.1,2013,Europe,Gasoline,Front-wheel drive,1,13.18049351
180,5,175,2573.37914,16,2022,Europe,Diesel,Front-wheel drive,,17.86704749
200,5,160,3336.137067,21.1,2016,Europe,Diesel,Front-wheel drive,-1,12.97939701
300,2,189,3438.305361,18.5,2016,Europe,Gasoline,Front-wheel drive,0,13.06467484
170,9,144,3068.751957,13.2,2019,Asia,Diesel,All-wheel drive,0,14.99004497
140,4,128,2673.081554,17.2,2018,Europe,Diesel,All-wheel drive,0,16.49480801
160,2,131,3356.619221,14.5,2010,USA,Diesel,Front-wheel drive,0,13.38645072
160,3,143,3251.457301,6.9,2013,Asia,Gasoline,All-wheel drive,-2,14.34464063
250,4,206,3073.395805,,2004,Europe,Diesel,Front-wheel drive,3,15.87083939
170,6,115,2911.625227,12.1,2019,USA,Diesel,Front-wheel drive,-1,15.59241137
170,3,149,2730.312218,18.2,2019,Europe,Gasoline,All-wheel drive,-1,17.08872936
200,3,162,2867.929067,16.9,2011,Asia,Diesel,All-wheel drive,0,15.91663603
280,5,147,4193.817815,14,2017,USA,Gasoline,Front-wheel drive,1,9.385059669
150,2,165,2733.857574,15.5,2020,Europe,Gasoline,All-wheel drive,2,16.50318698
210,4,54,4087.78119,6,2014,Europe,Diesel,Front-wheel drive,1,9.25151755
190,7,167,3245.385003,14.3,2000,USA,Diesel,Front-wheel drive,-1,13.76200131
140,,183,2366.34763,,2012,Asia,Gasoline,Front-wheel drive,0,19.28651639
220,9,139,2178.17535,,2004,USA,Gasoline,All-wheel drive,-1,19.44666593
170,6,133,2343.030575,12.7,2014,Europe,Diesel,All-wheel drive,-1,18.43523648
180,3,235,2932.778678,17.9,2002,USA,Gasoline,All-wheel drive,-1,15.4231124
60,,122,3078.31806,13,2006,Europe,Gasoline,Front-wheel drive,0,14.09617012
130,5,110,2588.858221,13.7,2013,Asia,Gasoline,Front-wheel drive,-2,17.10230949
340,2,166,2301.313997,19,2015,USA,Diesel,Front-wheel drive,-1,19.1898371
210,7,131,3400.756864,14.3,2017,Asia,Gasoline,Front-wheel drive,1,13.27796472
210,1,120,2868.152882,16.8,2002,Asia,Gasoline,All-wheel drive,-1,15.37953412
210,4,,3754.288479,14.8,2018,USA,Diesel,All-wheel drive,1,11.5052476
120,6,172,3028.230873,,2012,Europe,Diesel,Front-wheel drive,0,14.32467765
100,8,169,2674.576543,12.9,2018,Asia,Diesel,Front-wheel drive,0,17.74533613
160,4,191,3065.25958,13.1,2016,Asia,Diesel,Front-wheel drive,-1,15.65893796
190,4,148,2791.240658,15.1,2017,USA,Diesel,Front-wheel drive,-1,16.40233285
230,1,148,3185.116927,16.6,2013,Asia,Gasoline,All-wheel drive,1,13.86128445
190,3,117,3316.604707,17.6,2014,USA,Gasoline,Front-wheel drive,-1,12.0970133
180,3,112,2889.195761,10.1,2003,Europe,Diesel,All-wheel drive,1,16.00046477
210,4,114,3180.481718,13.8,2009,Europe,Gasoline,All-wheel drive,0,14.13310519
210,4,149,2564.379807,20.9,2008,Europe,Gasoline,All-wheel drive,-1,16.43067006
230,4,141,2623.642897,13.8,2022,USA,Diesel,Front-wheel drive,0,16.99705325
140,7,136,3501.931755,16.7,2009,Asia,Diesel,All-wheel drive,1,12.433722
260,3,,3060.929722,18.3,2019,Asia,Diesel,Front-wheel drive,,14.69968973
90,3,218,3478.419287,,2001,Asia,Diesel,All-wheel drive,-1,12.97797335
120,6,177,1877.162857,12.2,2015,Europe,Diesel,Front-wheel drive,1,20.59237932
190,6,202,3295.415527,14.9,2012,Asia,Diesel,Front-wheel drive,-2,14.37461029
130,3,137,2585.127359,,2021,USA,Gasoline,All-wheel drive,2,16.90408652
210,5,130,2369.524276,9.1,2008,Europe,Gasoline,Front-wheel drive,2,18.879433
210,5,,3349.702374,12.2,2020,Asia,Diesel,All-wheel drive,0,13.97509504
250,,138,2759.848189,15.3,2009,Europe,Gasoline,Front-wheel drive,1,16.57464484
210,2,,2962.65941,10.4,2014,Asia,Diesel,All-wheel drive,-1,15.38250277
170,2,188,3402.954501,13.5,2007,USA,Gasoline,Front-wheel drive,1,13.56227669
170,6,132,4161.436666,12.7,2011,USA,Diesel,All-wheel drive,1,9.239426358
210,3,137,2627.441602,15.6,2018,Asia,Gasoline,All-wheel drive,0,16.95608219
270,,191,3305.789111,18.1,2019,Asia,Gasoline,Front-wheel drive,-2,13.8177472
140,4,185,2974.052221,15.8,2018,USA,Gasoline,All-wheel drive,1,15.41547718
290,3,116,3175.846571,13,2003,Europe,Diesel,All-wheel drive,-1,14.52603855
230,3,178,3098.017684,,2022,Europe,Diesel,All-wheel drive,2,14.10951036
180,5,184,2900.91801,16.5,2002,USA,Gasoline,All-wheel drive,0,15.22753442
200,3,124,3052.335392,18.4,2002,Asia,Diesel,All-wheel drive,0,14.01499736
200,5,207,3204.35834,16.2,2007,USA,Gasoline,All-wheel drive,1,14.73835097
220,2,151,2513.073566,14.2,2010,Europe,Gasoline,All-wheel drive,0,17.65676703
150,5,160,3107.45552,,2015,Asia,Gasoline,Front-wheel drive,-1,14.00392617
190,,139,3086.769747,16.1,2020,Europe,Gasoline,All-wheel drive,0,15.34671291
230,4,149,2869.157864,14.7,2000,Asia,Gasoline,All-wheel drive,0,15.60095338
210,6,163,3549.476763,13.7,2010,Europe,Gasoline,All-wheel drive,0,12.3046812
230,8,176,2488.892061,15.1,2014,Asia,Gasoline,All-wheel drive,0,18.18907295
130,6,112,2771.909426,13.3,2018,USA,Diesel,Front-wheel drive,-1,15.72767736
150,6,184,3114.500016,17.5,2006,USA,Gasoline,Front-wheel drive,-1,14.66605575
220,,152,2653.575167,13,2014,Europe,Diesel,All-wheel drive,0,17.02117484
50,5,144,3227.077432,11.9,2020,Europe,Gasoline,All-wheel drive,-1,14.30089652
230,2,192,2736.776059,13.8,2023,USA,Diesel,All-wheel drive,-1,16.70025018
160,4,190,2359.724096,10.9,2013,USA,Diesel,All-wheel drive,0,19.49292146
200,3,105,2963.180022,15.4,2011,Europe,Diesel,Front-wheel drive,0,14.97275292
270,2,146,3019.259155,17.8,2010,USA,Diesel,All-wheel drive,-1,15.10686515
190,3,173,2582.781775,,2012,Europe,Diesel,All-wheel drive,1,16.94325518
180,1,156,3873.071734,9.1,2013,Asia,Gasoline,All-wheel drive,0,11.08288539
170,3,,3234.102987,10,2004,USA,Diesel,Front-wheel drive,0,14.3507107
280,4,137,2916.35086,13.3,2010,Asia,Gasoline,All-wheel drive,2,16.24751626
220,5,117,3310.467184,18.5,2016,Asia,Gasoline,Front-wheel drive,2,13.24278579
170,3,185,2794.627012,,2006,Europe,Gasoline,All-wheel drive,,16.6231844
240,8,141,3016.7243,14.5,2008,USA,Diesel,Front-wheel drive,0,14.62449743
210,6,,3519.460361,18.3,2002,Europe,Diesel,All-wheel drive,-1,11.89026145
180,2,92,3367.132501,13.5,2015,Asia,Diesel,Front-wheel drive,1,12.64281608
200,5,141,2863.195141,11.1,2010,USA,Diesel,Front-wheel drive,0,16.50916164
170,2,146,2913.735914,13.4,2012,Europe,Gasoline,All-wheel drive,,15.82847695
140,3,145,2977.464294,15.8,2005,Asia,Diesel,Front-wheel drive,0,14.70643508
170,5,145,3423.454537,14.4,2021,Europe,Gasoline,Front-wheel drive,1,12.36942545
240,7,136,2725.600873,16.4,2002,Asia,Diesel,Front-wheel drive,0,15.14195447
230,3,131,3068.5812,13.6,2008,USA,Gasoline,All-wheel drive,1,14.90741514
250,4,147,3532.53751,16.9,2007,USA,Diesel,Front-wheel drive,0,12.80942851
190,3,139,2984.539285,14.5,2015,Asia,Diesel,Front-wheel drive,-1,15.12248916
120,5,127,2597.175032,14.8,2007,Asia,Gasoline,All-wheel drive,0,16.52529628
300,7,170,3233.749376,14.2,2019,USA,Gasoline,Front-wheel drive,-1,14.5760792
170,7,158,3253.606797,13.7,2019,Europe,Diesel,All-wheel drive,0,13.70990497
220,7,190,2726.10913,15.7,2020,Europe,Diesel,All-wheel drive,2,16.95049895
240,3,131,3288.243638,13.7,2002,USA,Diesel,Front-wheel drive,0,13.68329912
190,4,95,3020.078007,10.7,2013,Asia,Gasoline,All-wheel drive,0,14.50589585
200,2,121,2587.930312,14.4,2016,Asia,Diesel,All-wheel drive,-1,16.72378347
220,2,132,3100.104416,15.4,2020,Asia,Diesel,All-wheel drive,1,14.31771631
260,5,152,3609.207433,13.5,2002,Europe,Diesel,Front-wheel drive,-1,11.90332281
250,4,,2752.233713,15.9,2009,Europe,Diesel,Front-wheel drive,-1,16.70428734
120,4,151,3377.48783,9.4,2010,Europe,Diesel,Front-wheel drive,-1,13.29282175
170,3,128,1717.962398,18.4,2016,USA,Gasoline,All-wheel drive,2,21.65421746
270,3,145,3617.208376,16.9,2007,USA,Gasoline,Front-wheel drive,0,11.64550795
230,5,160,3154.575738,12.3,2008,Europe,Diesel,All-wheel drive,-1,14.5674695
210,3,105,2591.794433,19.3,2015,Europe,Diesel,All-wheel drive,-2,16.1204262
200,2,176,3456.729128,12.4,2017,Europe,Gasoline,All-wheel drive,-1,13.35643478
170,4,224,4163.375137,11.9,2003,USA,Gasoline,Front-wheel drive,0,10.34041903
190,5,136,3212.239964,20.6,2008,Europe,Diesel,All-wheel drive,-1,13.63082218
200,4,104,3022.24645,9.9,2009,Asia,Gasoline,All-wheel drive,1,14.44137429
180,4,127,2459.363939,17.6,2007,Asia,Gasoline,All-wheel drive,0,17.24909083
220,7,196,2992.735562,16,2015,Asia,Diesel,All-wheel drive,-1,15.62176805
260,2,171,2542.681498,17.8,2012,Europe,Gasoline,All-wheel drive,2,16.72154632
210,4,142,2867.267311,15.5,2021,USA,Gasoline,Front-wheel drive,1,15.15957031
200,3,197,2866.350633,15.5,2020,USA,Gasoline,Front-wheel drive,0,16.29014164
220,4,168,2631.624045,12.2,2023,Asia,Gasoline,All-wheel drive,-1,17.4082788
270,0,175,3724.170581,16.6,2021,Europe,Gasoline,Front-wheel drive,-1,11.81556137
160,4,153,2619.078214,16.6,2005,Asia,Gasoline,Front-wheel drive,,17.09148837
180,6,96,3140.920159,,2001,USA,Diesel,Front-wheel drive,1,13.13503653
130,4,138,3400.418191,14.1,2022,Asia,Gasoline,Front-wheel drive,,12.77601928
170,3,103,3151.248319,19.2,2005,USA,Diesel,Front-wheel drive,0,12.86291173
220,2,193,2750.920031,12.8,2004,Asia,Gasoline,Front-wheel drive,-2,16.16128372
230,6,157,2617.83153,13.1,2000,Europe,Gasoline,Front-wheel drive,-1,16.95541691
260,2,166,2167.324871,,2017,Europe,Gasoline,All-wheel drive,-1,19.39486778
270,5,204,3642.313834,14.8,2015,USA,Diesel,All-wheel drive,1,12.12017504
220,5,114,2517.9075,18.8,2012,Asia,Gasoline,All-wheel drive,-2,17.22127273
160,4,154,2816.290348,9.9,2019,Asia,Gasoline,All-wheel drive,0,16.21959161
270,5,172,2477.977444,14.8,2003,Europe,Diesel,All-wheel drive,0,17.61043096
250,2,122,2942.117307,12.8,2012,Asia,Gasoline,All-wheel drive,0,14.7532742
210,3,152,2500.175687,16.4,2020,Europe,Gasoline,Front-wheel drive,0,17.59323665
140,6,98,3508.733442,15.4,2000,USA,Gasoline,Front-wheel drive,-1,12.00560572
150,6,173,3116.512023,16.8,2004,Europe,Gasoline,Front-wheel drive,1,14.82682651
190,3,140,2905.379446,18.1,2019,Asia,Gasoline,Front-wheel drive,-2,14.82968351
140,4,124,3306.551316,13.4,2001,Europe,Diesel,Front-wheel drive,2,13.36756431
170,8,165,3242.645123,13.5,2015,USA,Diesel,All-wheel drive,1,13.7481637
190,3,90,2392.256245,14.7,2016,USA,Diesel,Front-wheel drive,0,17.59870911
260,3,175,3804.241253,16.9,2022,USA,Gasoline,All-wheel drive,0,11.19947842
170,6,181,3020.598673,9.9,2019,USA,Gasoline,Front-wheel drive,-1,16.33041441
300,1,143,3018.43443,14.1,2007,USA,Diesel,All-wheel drive,-1,14.96527177
170,2,127,3002.424091,,2016,Europe,Diesel,All-wheel drive,0,14.82702469
190,4,177,3166.143785,,2000,Europe,Gasoline,Front-wheel drive,1,13.85869712
150,0,152,3805.665594,12.9,2014,Europe,Gasoline,Front-wheel drive,1,11.23633945
320,2,140,2870.995975,18.4,2021,Europe,Diesel,Front-wheel drive,1,14.93576058
270,,188,3141.392184,17.4,2006,Europe,Diesel,All-wheel drive,1,14.34215896
240,3,185,2639.071417,13.3,2017,Europe,Diesel,Front-wheel drive,-2,17.63225266
180,6,204,3279.033582,18.7,2004,Asia,Gasoline,Front-wheel drive,1,13.32580633
180,4,126,2802.156391,12.8,2010,Europe,Gasoline,All-wheel drive,0,16.32915958
230,4,,3844.802873,9.7,2020,Europe,Gasoline,All-wheel drive,1,11.39596342
260,,160,3483.059246,14.1,2011,USA,Gasoline,All-wheel drive,-2,13.08106912
170,7,164,2905.621921,20.6,2021,Europe,Diesel,All-wheel drive,0,15.4049773
110,8,182,3473.807579,15.6,2011,Asia,Gasoline,Front-wheel drive,1,12.65998786
220,3,116,2567.545842,14.9,2015,Asia,Gasoline,All-wheel drive,-2,16.33121732
230,3,113,3304.272965,17.7,2004,Europe,Diesel,All-wheel drive,-1,12.33078723
160,9,139,3879.166634,15.9,2001,Europe,Gasoline,Front-wheel drive,-2,9.98537649
220,5,136,2875.444048,15.3,2004,Asia,Diesel,Front-wheel drive,1,14.82313976
240,7,158,4109.088457,16.4,2016,Europe,Diesel,Front-wheel drive,-1,9.092888808
190,3,120,2403.694981,15.8,2016,USA,Diesel,All-wheel drive,,17.28728163
170,5,189,3346.950015,15.9,2014,Asia,Diesel,All-wheel drive,0,14.05526833
170,4,123,2618.651189,13,2003,Europe,Diesel,Front-wheel drive,0,16.79903235
180,,104,3582.61369,13.9,2019,USA,Gasoline,Front-wheel drive,0,11.98240924
250,7,131,2972.742872,15.2,2007,Asia,Gasoline,All-wheel drive,0,15.1909574
210,1,125,3096.933705,18.3,2015,Asia,Diesel,Front-wheel drive,0,14.22038538
260,3,134,3341.635146,14.8,2002,Europe,Gasoline,All-wheel drive,-2,13.80743526
240,4,181,2974.100366,,2007,Europe,Gasoline,Front-wheel drive,-1,15.83504216
230,4,232,1999.874937,12.8,2009,Asia,Gasoline,All-wheel drive,-2,20.88218889
200,7,168,2613.82841,19,2001,Asia,Gasoline,All-wheel drive,1,16.59354527
120,4,130,2408.52866,16,2004,Asia,Gasoline,Front-wheel drive,0,17.67070415
240,2,170,2827.336581,11.6,2011,Asia,Gasoline,All-wheel drive,-1,16.53681219
200,4,107,2405.280041,14,2012,Asia,Gasoline,All-wheel drive,1,17.82583209
120,0,139,2896.943723,14.1,2005,USA,Diesel,Front-wheel drive,1,15.28960976
280,2,144,2724.499591,16.5,2018,Asia,Gasoline,All-wheel drive,0,15.79212988
310,3,108,3461.05128,16.1,2002,USA,Diesel,Front-wheel drive,0,12.55845394
230,6,160,2628.458334,14.1,2016,Europe,Gasoline,Front-wheel drive,-1,16.34748974
210,6,139,3082.333518,16.9,2015,Europe,Gasoline,All-wheel drive,-1,14.1157456
200,8,159,2752.516039,16.7,2009,Europe,Gasoline,All-wheel drive,-1,15.66540251
200,6,233,2597.023729,16.4,2014,Europe,Diesel,All-wheel drive,-1,17.54007817
240,7,177,3348.840052,16.6,2010,Europe,Gasoline,All-wheel drive,1,13.24562126
180,4,129,3597.570686,12.9,2007,Asia,Gasoline,Front-wheel drive,1,12.35860131
140,3,129,3857.786791,15.7,2007,Europe,Gasoline,Front-wheel drive,1,10.57585562
40,5,196,2310.681425,16.7,2003,Asia,Gasoline,Front-wheel drive,1,18.48511145
110,4,,3187.053244,16.8,2000,USA,Gasoline,All-wheel drive,1,12.8048138
230,4,134,2827.447373,19.2,2004,USA,Gasoline,Front-wheel drive,0,14.91186558
130,5,178,3641.744191,,2010,Asia,Diesel,All-wheel drive,0,12.91592592
270,2,142,2845.127603,18.7,2010,Europe,Gasoline,All-wheel drive,0,15.12316452
150,3,178,2445.782143,13.2,2016,USA,Diesel,Front-wheel drive,0,18.34159348
120,4,135,4146.19899,,2010,USA,Diesel,All-wheel drive,2,8.414009952
90,6,123,3644.537926,15.1,2012,USA,Gasoline,Front-wheel drive,1,11.06222736
220,5,,3056.317338,18.2,2002,USA,Gasoline,All-wheel drive,2,14.33679766
190,4,,3306.354,15.6,2000,USA,Gasoline,All-wheel drive,1,13.58664053
130,4,133,3480.630286,16.1,2003,Asia,Gasoline,All-wheel drive,2,12.50191354
180,4,,2955.573667,14.2,2014,Europe,Gasoline,All-wheel drive,0,15.06044558
290,3,142,3753.838764,13.6,2002,Asia,Diesel,All-wheel drive,1,11.08894932
190,3,171,3213.580647,12.9,2022,Europe,Diesel,Front-wheel drive,-1,14.23041066
230,2,,2625.834992,,2000,Asia,Diesel,All-wheel drive,,17.36092947
220,3,120,2911.664353,16.5,2005,Asia,Diesel,All-wheel drive,0,15.28321345
180,5,111,3566.624901,15,2010,Asia,Diesel,Front-wheel drive,1,11.27329126
180,,136,3096.641836,19.3,2017,USA,Gasoline,All-wheel drive,0,13.42967925
180,2,140,2576.375592,12,2022,USA,Diesel,Front-wheel drive,0,17.28549741
200,1,198,3774.639195,16.4,2013,Asia,Diesel,All-wheel drive,0,10.79008346
250,1,160,2689.851491,14.6,2009,USA,Diesel,Front-wheel drive,0,16.58505021
230,4,,2770.429631,17.5,2020,USA,Gasoline,All-wheel drive,0,16.11717651
230,5,140,2735.240244,9.5,2015,Europe,Diesel,All-wheel drive,2,16.52509422
230,4,143,3218.589571,19.7,2000,USA,Gasoline,Front-wheel drive,3,13.03009121
220,5,115,2479.941568,15,2020,USA,Gasoline,All-wheel drive,0,17.47745621
290,2,140,3453.144519,14.4,2022,USA,Diesel,Front-wheel drive,-1,12.91143015
250,4,213,3439.559738,10.7,2009,USA,Diesel,Front-wheel drive,0,14.2886051
190,4,150,2709.345782,,2020,USA,Gasoline,All-wheel drive,0,16.38976594
130,6,184,3025.270107,12.4,2016,Europe,Diesel,All-wheel drive,0,15.39269023
160,6,,2839.267122,,2014,USA,Diesel,Front-wheel drive,,15.48656014
270,0,108,2765.159404,15.7,2015,Asia,Diesel,All-wheel drive,-1,16.19003423
240,5,99,3807.157754,17.2,2006,USA,Diesel,Front-wheel drive,0,10.23742159
270,3,126,3256.445071,12.6,2005,USA,Gasoline,All-wheel drive,1,13.80769178
160,5,123,3274.684771,17.1,2003,Asia,Diesel,All-wheel drive,0,13.12668613
260,7,125,2760.859463,10.8,2003,Asia,Gasoline,All-wheel drive,1,16.7208813
130,3,125,2533.874301,11.5,2007,Asia,Gasoline,All-wheel drive,1,17.4930151
200,2,152,2587.721446,16.8,2014,Asia,Gasoline,All-wheel drive,-2,16.78701756
210,8,,2668.863603,14,2005,USA,Diesel,All-wheel drive,1,16.50915443
270,2,189,3624.800432,10.4,2016,USA,Gasoline,All-wheel drive,0,12.93455004
150,4,131,2674.061275,15.4,2010,USA,Diesel,All-wheel drive,0,16.32591826
160,7,,2472.729312,11.2,2023,USA,Gasoline,Front-wheel drive,1,17.49711089
160,4,166,3542.655183,,2012,Europe,Gasoline,All-wheel drive,0,13.13035472
130,3,164,2550.477906,15.1,2020,Europe,Gasoline,All-wheel drive,-3,17.55015152
250,7,252,3321.319536,13.3,2011,USA,Diesel,All-wheel drive,-1,14.85332049
140,,146,2811.632732,17.4,2019,Asia,Gasoline,Front-wheel drive,,16.00321742
130,0,136,3417.849111,,2023,Europe,Gasoline,Front-wheel drive,1,12.30348248
130,2,154,2963.251445,14.4,2008,Europe,Gasoline,All-wheel drive,0,15.59240192
240,4,95,2879.492468,16,2005,Asia,Gasoline,All-wheel drive,-1,14.93720305
130,6,124,3402.600468,16.7,2004,Europe,Gasoline,Front-wheel drive,0,13.35521776
100,5,145,2988.474969,,2017,USA,Diesel,Front-wheel drive,0,14.25618527
200,4,140,2616.929291,12.6,2005,Asia,Gasoline,Front-wheel drive,0,17.20953458
250,3,202,2743.15574,12,2023,Asia,Diesel,All-wheel drive,0,17.25676668
180,4,149,2790.939011,16.9,2000,Europe,Gasoline,Front-wheel drive,0,15.69452034
280,4,101,3190.952339,19.5,2002,Europe,Gasoline,All-wheel drive,1,12.85588953
170,7,93,3293.900014,16.6,2006,USA,Gasoline,All-wheel drive,-1,12.12853135
290,7,150,2476.835189,13.3,2006,Europe,Diesel,Front-wheel drive,-1,17.7860786
170,2,151,2378.692674,18.7,2015,USA,Gasoline,All-wheel drive,-2,17.66402035
310,3,177,3027.425512,13.1,2013,Asia,Diesel,Front-wheel drive,1,15.04809922
200,3,140,3163.643227,12.7,2022,Europe,Gasoline,Front-wheel drive,-1,14.29949543
210,6,133,2610.82195,17.9,2018,USA,Gasoline,All-wheel drive,-1,16.85699198
180,4,187,3340.258545,12.8,2001,Asia,Diesel,Front-wheel drive,1,13.63101829
140,2,166,3436.144367,14.5,2017,Asia,Gasoline,All-wheel drive,0,13.38061625
110,4,129,2953.941943,,2003,Europe,Diesel,Front-wheel drive,1,15.74386657
290,8,213,2948.606773,17.6,2010,USA,Gasoline,All-wheel drive,0,16.03121944
200,1,197,2507.314668,14.2,2008,Europe,Gasoline,All-wheel drive,-1,18.32510999
220,4,203,2513.535467,18.1,2020,Asia,Diesel,Front-wheel drive,2,17.90541065
160,4,125,3001.36846,12.6,2017,USA,Gasoline,All-wheel drive,-1,15.41544303
150,5,205,2837.980732,16.8,2006,Asia,Diesel,All-wheel drive,0,16.65125568
260,4,165,2437.600711,17.4,2021,Europe,Gasoline,Front-wheel drive,3,17.54238364
260,7,129,2565.951474,17.7,2003,Asia,Gasoline,All-wheel drive,-1,16.36797425
190,7,,2831.775407,18.7,2002,Asia,Diesel,Front-wheel drive,0,15.58520671
190,1,192,2117.511918,15.4,2015,Europe,Gasoline,Front-wheel drive,0,20.31483622
150,0,148,3513.807107,14.7,2014,Asia,Gasoline,All-wheel drive,-1,12.54696391
170,4,176,1670.067855,14.6,2010,Asia,Diesel,Front-wheel drive,0,22.21309998
170,0,163,2672.246384,15.8,2021,Europe,Gasoline,Front-wheel drive,1,16.08955685
170,1,,3202.990193,14.5,2000,Asia,Gasoline,All-wheel drive,0,15.16641469
160,3,202,3068.712014,18.9,2002,Europe,Diesel,Front-wheel drive,-1,15.28010581
240,4,,2909.871665,16.4,2002,Asia,Gasoline,All-wheel drive,0,16.51275386
150,1,162,3006.443711,10.9,2002,USA,Diesel,Front-wheel drive,1,15.56772647
250,3,169,3068.054847,14.1,2010,Europe,Diesel,Front-wheel drive,0,15.17127006
200,5,132,2069.9765,,2014,USA,Gasoline,Front-wheel drive,0,18.62879541
190,3,163,2605.964819,14.1,2015,USA,Diesel,Front-wheel drive,-1,16.84610865
60,6,151,2195.358038,17.6,2021,Asia,Diesel,Front-wheel drive,1,19.46136132
310,6,177,2723.632909,17.7,2001,Asia,Gasoline,Front-wheel drive,0,16.19059565
210,4,175,2947.978487,15.1,2002,Asia,Gasoline,All-wheel drive,0,15.83893486
170,3,148,3255.281945,10.8,2006,USA,Gasoline,All-wheel drive,0,14.3529284
160,8,109,2841.256296,16.1,2015,Europe,Diesel,Front-wheel drive,-1,15.05507726
200,2,172,2468.468616,16.9,2018,Asia,Gasoline,Front-wheel drive,0,17.61549171
170,4,142,3363.622532,19.3,2022,USA,Diesel,Front-wheel drive,0,12.84360761
200,4,172,2872.311189,,2001,USA,Diesel,All-wheel drive,0,15.87083294
250,4,148,3255.474495,16.2,2012,USA,Diesel,Front-wheel drive,-1,13.76183048
170,,167,3167.547763,8.1,2008,USA,Diesel,All-wheel drive,1,14.67449538
100,4,110,3222.103036,,2011,USA,Diesel,All-wheel drive,-1,13.61167666
140,2,,2601.290895,15.1,2017,Europe,Diesel,All-wheel drive,-2,16.59277776
270,4,110,3797.716802,19,2010,Asia,Gasoline,All-wheel drive,-1,10.6085091
80,,179,2219.816669,10.4,2018,USA,Gasoline,All-wheel drive,0,19.19110311
200,2,199,3150.886528,12.7,2007,Europe,Gasoline,All-wheel drive,,15.24367262
140,3,98,2415.171548,16.2,2012,Europe,Gasoline,All-wheel drive,0,16.93628403
150,2,143,2709.954399,14.9,2018,Asia,Gasoline,Front-wheel drive,1,16.30637104
220,7,148,2978.602027,14.6,2002,Europe,Gasoline,All-wheel drive,-1,15.10565721
180,1,151,2340.426054,14.4,2016,Asia,Diesel,Front-wheel drive,-1,18.56080274
120,3,168,2923.836158,19.1,2017,Asia,Diesel,Front-wheel drive,-1,15.51932186
210,4,149,2675.631939,9.9,2001,Europe,Diesel,Front-wheel drive,1,17.32206368
180,2,157,2451.912466,15.8,2018,Europe,Diesel,Front-wheel drive,2,17.77836572
230,3,102,3017.506651,12.1,2009,Europe,Diesel,All-wheel drive,0,14.283263
200,4,134,2882.550817,11.8,2006,Europe,Diesel,All-wheel drive,1,15.83386239
210,10,166,2204.091798,16.9,2022,USA,Diesel,All-wheel drive,0,19.11115342
150,4,171,2245.28936,15.7,2003,USA,Diesel,Front-wheel drive,0,19.39624335
170,4,165,3511.359535,14.5,2014,USA,Gasoline,Front-wheel drive,1,12.22274719
230,,150,3190.721901,14.5,2008,USA,Gasoline,All-wheel drive,0,14.27067334
210,3,143,2814.183528,14.3,2006,USA,Diesel,All-wheel drive,1,15.74559255
250,,187,3843.363198,17.6,2012,Asia,Diesel,Front-wheel drive,0,11.06911483
200,4,135,3389.577972,18.6,2001,Europe,Diesel,Front-wheel drive,0,12.19788715
90,5,160,3082.673643,12.5,2018,Asia,Diesel,Front-wheel drive,1,15.50679947
240,2,151,3534.679157,16,2000,Asia,Diesel,Front-wheel drive,0,12.26970676
140,2,130,3056.70103,14.1,2019,USA,Gasoline,Front-wheel drive,-1,14.40848094
170,,186,2955.630674,13.4,2006,Asia,Diesel,Front-wheel drive,2,15.34774626
250,5,167,4280.908525,13.8,2009,Europe,Diesel,Front-wheel drive,-1,7.797751598
230,3,114,3437.872634,15.9,2020,Europe,Diesel,All-wheel drive,0,12.65438054
200,5,147,2943.439705,11.4,2015,Asia,Gasoline,All-wheel drive,0,15.66752686
130,2,159,2568.021462,17.4,2014,USA,Diesel,Front-wheel drive,-1,16.88169396
170,3,159,2793.773399,11.9,2006,Europe,Diesel,Front-wheel drive,-1,16.75716835
180,3,167,3639.955771,17.6,2018,Asia,Diesel,Front-wheel drive,-2,11.84018226
180,3,140,3111.717242,14.1,2004,Europe,Gasoline,All-wheel drive,-1,14.86438361
220,4,120,4229.456282,14.7,2016,USA,Diesel,All-wheel drive,0,8.646696822
200,1,149,2218.926025,10,2000,Europe,Diesel,All-wheel drive,0,19.47029563
180,3,130,3230.781252,16.5,2021,Asia,Gasoline,Front-wheel drive,0,13.38169436
210,3,148,3459.800001,8.9,2014,Europe,Diesel,Front-wheel drive,-1,13.29471916
150,7,77,2800.091421,,2022,Europe,Gasoline,Front-wheel drive,1,15.65785584
210,5,119,2790.854389,18.1,2003,USA,Diesel,Front-wheel drive,1,15.76699444
200,4,117,1818.992616,9.8,2004,USA,Gasoline,All-wheel drive,1,21.47236802
80,3,160,3411.889598,17.5,2020,Asia,Gasoline,All-wheel drive,1,12.52725988
210,1,140,3513.864445,12.4,2012,Asia,Gasoline,All-wheel drive,0,12.69852644
230,1,138,2630.466042,,2017,Europe,Diesel,All-wheel drive,-1,17.4692709
150,4,174,2424.618714,15.6,2017,Europe,Diesel,All-wheel drive,1,17.58339586
100,5,137,2820.35506,15.3,2000,USA,Gasoline,Front-wheel drive,0,15.64344358
220,,164,3068.902919,19.1,2005,USA,Gasoline,Front-wheel drive,3,14.33929167
180,3,121,3060.46434,15.6,2019,Europe,Diesel,All-wheel drive,0,14.46916472
240,2,,3031.277808,10.9,2013,USA,Gasoline,All-wheel drive,-3,15.65208059
220,7,124,3014.371853,,2019,Asia,Gasoline,Front-wheel drive,0,15.27632138
260,2,175,3049.967262,14.4,2018,Europe,Gasoline,All-wheel drive,1,15.31844505
230,3,161,1546.265641,,2007,Asia,Gasoline,All-wheel drive,1,22.32556998
210,2,131,3003.607759,17.1,2018,USA,Gasoline,Front-wheel drive,-1,14.55127178
160,3,137,2259.145174,14.9,2017,USA,Gasoline,Front-wheel drive,1,18.35560703
210,,128,3103.209506,14.5,2014,Europe,Diesel,All-wheel drive,-1,14.06537864
200,0,144,2586.516393,17.9,2003,Asia,Gasoline,Front-wheel drive,-1,16.22238857
210,4,137,2786.666205,16.9,2016,Europe,Diesel,Front-wheel drive,0,16.1244962
190,2,116,2911.472624,13.3,2002,USA,Diesel,All-wheel drive,1,15.64490481
230,6,127,3183.896899,13.1,2001,Asia,Diesel,Front-wheel drive,,13.94253315
160,6,80,3455.276608,15.6,2011,Asia,Gasoline,All-wheel drive,1,11.97038609
210,7,174,2596.941092,,2008,Asia,Diesel,All-wheel drive,1,17.49140039
170,6,129,2562.034568,14.4,2004,USA,Gasoline,Front-wheel drive,-2,17.22877414
160,3,148,3133.384449,19.7,2016,Europe,Diesel,All-wheel drive,-1,13.70964457
140,4,153,3161.835054,18.5,2013,USA,Diesel,Front-wheel drive,0,13.5616419
250,2,122,3005.372486,16.7,2013,Europe,Gasoline,All-wheel drive,,14.1451943
190,6,133,3531.91612,15.1,2010,Asia,Gasoline,All-wheel drive,1,12.38212568
180,1,106,3140.521203,17.8,2010,Europe,Diesel,Front-wheel drive,-2,13.64911637
170,1,106,2383.349142,14.3,2005,Asia,Gasoline,All-wheel drive,0,16.98801794
200,3,146,3460.561313,,2011,Europe,Diesel,All-wheel drive,1,12.6431877
210,,152,2906.836938,19,2018,USA,Gasoline,Front-wheel drive,2,15.42949705
160,4,147,3066.32525,,2004,Asia,Gasoline,All-wheel drive,-1,15.01127404
180,5,,3329.176195,17.1,2008,USA,Gasoline,All-wheel drive,0,12.90860457
190,4,131,3658.168609,,2002,USA,Gasoline,All-wheel drive,1,11.85784582
170,3,158,2809.761553,20.6,2016,Asia,Gasoline,All-wheel drive,,15.07843335
120,1,173,3066.203758,14.1,2013,USA,Gasoline,All-wheel drive,0,15.25459981
140,2,,3374.799038,12.7,2002,Europe,Diesel,All-wheel drive,0,13.27368843
260,4,123,3032.847989,16.3,2011,Europe,Diesel,Front-wheel drive,-1,13.000623
230,2,156,3080.323874,14.6,2011,Asia,Diesel,All-wheel drive,,15.11864572
250,6,150,2909.748515,11.4,2010,USA,Gasoline,Front-wheel drive,,15.48708977
180,,183,2109.395549,,2012,USA,Diesel,Front-wheel drive,-1,19.8773796
190,,158,3231.439106,15.4,2008,USA,Diesel,All-wheel drive,0,14.43177584
240,5,129,2389.036808,12.1,2006,Europe,Diesel,All-wheel drive,-3,17.82279692
130,6,,3023.590618,15.5,2004,Asia,Diesel,All-wheel drive,0,15.56145991
190,4,117,2633.79883,9.4,2017,Europe,Diesel,All-wheel drive,2,16.67032246
260,2,115,3598.364391,16.6,2009,USA,Gasoline,Front-wheel drive,-1,12.27887017
120,7,130,2023.284482,,2014,Europe,Diesel,All-wheel drive,0,20.26476554
160,4,130,2792.819035,15.4,2019,Europe,Gasoline,Front-wheel drive,,15.69283211
210,2,171,3945.264714,,2007,Europe,Diesel,All-wheel drive,2,10.91341855
220,2,146,2899.517272,18.8,2013,USA,Gasoline,Front-wheel drive,-1,15.23894417
190,3,153,2057.911267,14.3,2005,Asia,Diesel,Front-wheel drive,0,19.07470823
200,4,157,2651.773261,13.3,2007,USA,Diesel,Front-wheel drive,0,17.04998736
160,1,154,3776.689362,13.7,2006,Asia,Gasoline,All-wheel drive,0,11.32029639
280,3,62,3118.393166,11.5,2017,USA,Diesel,Front-wheel drive,-1,13.74165043
190,6,165,3665.427994,16.3,2004,USA,Diesel,All-wheel drive,0,12.54387922
190,3,169,2574.815902,12.1,2003,Europe,Gasoline,Front-wheel drive,1,17.69244607
280,2,162,3442.301313,9.9,2014,Asia,Diesel,All-wheel drive,1,13.50614188
170,7,126,3053.486797,18.4,2011,Asia,Gasoline,All-wheel drive,-1,13.86296138
170,2,156,3318.040013,,2014,Europe,Diesel,Front-wheel drive,1,13.4028249
140,2,160,1913.895784,14.1,2013,Asia,Gasoline,Front-wheel drive,-1,20.41953944
200,3,161,3406.123219,,2003,Europe,Diesel,Front-wheel drive,0,12.67191054
160,4,85,2801.279711,17,2009,Europe,Gasoline,All-wheel drive,1,15.31704179
190,5,146,3820.680074,14.9,2006,Asia,Gasoline,Front-wheel drive,0,10.46665478
310,11,152,2667.534551,15.8,2017,Europe,Gasoline,Front-wheel drive,0,16.78569762
260,4,169,2828.41567,13.8,2020,Europe,Diesel,Front-wheel drive,-1,16.66885677
230,2,101,3237.029224,16.6,2022,Asia,Gasoline,All-wheel drive,-1,12.78628349
180,4,,2856.114615,13.4,2004,Europe,Diesel,All-wheel drive,-1,16.55460507
180,2,170,2654.976953,14.1,2022,Europe,Gasoline,All-wheel drive,1,17.10150094
240,4,158,3376.456797,13.8,2015,USA,Diesel,Front-wheel drive,-1,13.59492967
180,3,,3736.006438,16.6,2009,Asia,Gasoline,All-wheel drive,-1,10.89894439
170,7,207,3806.212862,15,2009,Europe,Gasoline,All-wheel drive,-1,11.64162299
230,4,113,3497.617136,13.7,2002,Asia,Diesel,All-wheel drive,1,12.57194516
150,1,175,2625.629757,14.6,2007,Asia,Diesel,All-wheel drive,0,17.04913339
170,,118,3456.740082,11.5,2007,Asia,Diesel,Front-wheel drive,-1,12.33670272
200,4,,3664.714651,13.4,2003,Asia,Diesel,Front-wheel drive,-1,12.19601069
160,5,136,3387.187214,12.6,2008,USA,Gasoline,All-wheel drive,1,13.68938856
340,2,159,2324.567709,16.9,2013,USA,Diesel,All-wheel drive,0,18.10713596
260,8,109,2032.589024,13.5,2019,Europe,Gasoline,Front-wheel drive,-1,20.17423447
180,4,129,2229.08526,14.9,2004,Asia,Diesel,Front-wheel drive,0,18.52970666
130,5,210,2622.350799,11.7,2009,USA,Gasoline,All-wheel drive,,17.79032857
170,3,121,4383.570452,14.6,2012,USA,Diesel,Front-wheel drive,,7.408485972
150,3,207,2846.62443,12.3,2012,Europe,Gasoline,All-wheel drive,-1,16.64162824
200,7,160,3562.201851,,2002,USA,Gasoline,All-wheel drive,1,12.1147941
190,2,118,3905.792693,,2017,Europe,Diesel,Front-wheel drive,1,10.08541074
190,6,132,3430.411112,8.7,2002,Europe,Diesel,Front-wheel drive,2,12.63001253
210,3,186,2724.594712,,2022,Europe,Diesel,All-wheel drive,-1,16.50673829
200,6,152,3107.624403,13.9,2012,Asia,Diesel,All-wheel drive,1,14.52161415
110,4,142,3481.726322,13.4,2021,Asia,Gasoline,Front-wheel drive,0,12.68681039
250,7,157,3100.096923,15.6,2013,Europe,Gasoline,All-wheel drive,1,14.98402028
180,5,,3526.364495,15.4,2005,Asia,Diesel,Front-wheel drive,1,11.24293721
190,3,119,3320.509431,15.5,2002,Europe,Diesel,All-wheel drive,-2,13.13152473
150,1,144,2450.459859,10.4,2007,Europe,Gasoline,Front-wheel drive,0,18.80997149
250,6,129,3733.170398,18.4,2022,Europe,Gasoline,All-wheel drive,1,10.30105575
200,5,168,2945.976557,19.8,2022,USA,Gasoline,All-wheel drive,1,14.56544878
250,5,155,2395.323468,12.4,2016,USA,Diesel,Front-wheel drive,-1,18.02854233
230,8,170,2717.778079,16.1,2002,Asia,Diesel,Front-wheel drive,-1,16.98544304
160,2,118,2921.537087,15.7,2022,Asia,Diesel,Front-wheel drive,0,14.92439433
250,4,121,2683.170378,15.3,2005,Asia,Diesel,All-wheel drive,0,15.99053103
160,2,226,4194.081224,16.1,2011,Europe,Diesel,Front-wheel drive,-1,9.288217535
230,8,179,3593.939837,13.6,2003,Europe,Gasoline,All-wheel drive,-1,12.35372227
120,3,180,2996.596597,11.4,2019,USA,Gasoline,Front-wheel drive,1,15.48492947
220,5,142,3120.187041,15.1,2007,USA,Diesel,Front-wheel drive,1,14.12836381
180,5,187,2968.124935,13.6,2012,USA,Gasoline,Front-wheel drive,-1,15.58035226
190,0,204,2315.319642,15.8,2018,Asia,Diesel,All-wheel drive,-1,18.16390886
130,7,188,2984.635951,14,2016,Asia,Gasoline,All-wheel drive,-1,14.85224173
270,3,163,2657.794806,10.7,2009,Asia,Diesel,All-wheel drive,-1,17.34600943
320,2,,3066.04936,17.8,2016,Asia,Diesel,Front-wheel drive,0,13.9250339
200,3,136,3760.87888,19.1,2003,Asia,Diesel,Front-wheel drive,2,11.61973875
170,5,202,3917.185157,13.7,2011,USA,Diesel,Front-wheel drive,0,10.35560331
230,3,134,1999.577551,,2006,Europe,Diesel,Front-wheel drive,0,19.36215745
170,3,172,3238.793537,19.4,2006,Europe,Gasoline,Front-wheel drive,0,13.83973608
180,2,140,2754.495864,14.6,2012,Europe,Gasoline,Front-wheel drive,0,16.79066088
200,2,167,2487.516657,16.5,2016,Europe,Gasoline,All-wheel drive,0,17.44236105
180,4,146,3436.399398,16.2,2014,Asia,Gasoline,All-wheel drive,1,12.49770975
230,2,115,2193.444322,11.9,2022,USA,Diesel,All-wheel drive,0,18.55354873
70,4,173,2810.678725,16.5,2004,USA,Diesel,Front-wheel drive,-2,16.18137293
270,5,153,2607.876376,16.2,2005,USA,Diesel,Front-wheel drive,-2,17.02451669
160,2,171,2262.211874,14.4,2005,Europe,Gasoline,All-wheel drive,0,18.74599114
260,1,129,3748.756577,17.6,2009,Asia,Diesel,Front-wheel drive,1,11.05223502
140,0,107,2050.57345,15.8,2001,Europe,Gasoline,All-wheel drive,0,18.94526422
190,1,151,3873.614183,17.5,2009,Asia,Diesel,Front-wheel drive,-1,10.20181074
240,0,134,3173.580701,13.2,2021,Europe,Gasoline,Front-wheel drive,-1,14.26608348
150,4,142,3184.660399,12.9,2018,Europe,Diesel,Front-wheel drive,-1,13.64521495
140,6,132,2425.854511,13.3,2017,Asia,Gasoline,Front-wheel drive,0,18.14299826
90,2,181,2693.66182,16,2001,Europe,Diesel,All-wheel drive,-2,17.09697652
120,8,156,3577.74858,14.3,2006,Asia,Gasoline,Front-wheel drive,0,12.35067217
240,4,132,3500.681287,,2004,Asia,Diesel,All-wheel drive,-1,12.31285061
220,5,205,1927.462124,14.3,2003,Asia,Diesel,Front-wheel drive,1,20.98411059
230,6,75,3298.942105,18.4,2007,Europe,Gasoline,All-wheel drive,1,12.7148595
210,6,102,2666.921116,13.7,2002,Europe,Gasoline,Front-wheel drive,0,15.83725337
230,6,103,2825.409654,15.5,2005,USA,Diesel,Front-wheel drive,1,14.98831831
120,5,128,3709.849913,16.8,2004,Asia,Gasoline,All-wheel drive,0,11.53098647
180,4,136,2592.25945,15.2,2019,Asia,Gasoline,All-wheel drive,-1,17.24940311
210,7,148,2507.601275,15.1,2020,Europe,Gasoline,Front-wheel drive,0,17.539816
240,4,221,2303.762236,13.2,2000,Europe,Diesel,Front-wheel drive,0,19.5647786
290,9,171,3392.483284,12.5,2016,USA,Gasoline,Front-wheel drive,0,12.89535708
220,4,148,2421.683311,12.3,2020,USA,Diesel,Front-wheel drive,-2,17.89106787
220,3,182,2243.743825,13.2,2000,Europe,Diesel,Front-wheel drive,0,19.2387395
280,1,141,2955.97316,16.8,2019,Asia,Gasoline,All-wheel drive,-1,14.96844889
200,2,,2592.177655,15.6,2008,USA,Gasoline,Front-wheel drive,-1,16.8553309
190,1,171,3148.384618,,2016,Europe,Diesel,Front-wheel drive,,14.90676752
170,4,107,2156.199112,14.5,2015,USA,Gasoline,Front-wheel drive,-2,18.93988264
180,3,194,3612.454736,,2001,Asia,Diesel,Front-wheel drive,0,12.55075612
200,3,174,3405.24791,15.7,2021,Asia,Diesel,All-wheel drive,,13.62838341
260,2,186,3287.976099,10.6,2007,Europe,Diesel,All-wheel drive,-1,14.58174722
180,2,171,2365.320418,15.5,2008,USA,Diesel,Front-wheel drive,2,18.50345815
150,5,136,3491.401247,,2007,Europe,Diesel,All-wheel drive,1,12.20258909
240,1,176,3017.209253,,2019,Asia,Diesel,Front-wheel drive,-1,14.68895233
220,4,160,3300.745902,12.8,2020,USA,Gasoline,All-wheel drive,0,13.96902222
140,6,191,3085.86787,16.3,2009,USA,Diesel,Front-wheel drive,-1,14.85052622
140,2,125,2635.400031,19.7,2012,USA,Diesel,All-wheel drive,1,15.86715466
190,6,114,3690.294682,14.7,2009,Asia,Diesel,All-wheel drive,0,11.17566396
200,7,110,2717.24564,13.7,2020,Europe,Diesel,All-wheel drive,1,15.38693502
200,2,156,2902.24509,,2022,Asia,Gasoline,Front-wheel drive,2,16.09669526
240,3,194,2960.946349,16.5,2021,USA,Gasoline,Front-wheel drive,1,15.61108719
210,5,185,1865.115196,9.8,2001,Europe,Gasoline,Front-wheel drive,-3,21.0489659
230,7,,3509.967128,,2002,Europe,Diesel,Front-wheel drive,-2,12.0351958
160,5,129,2524.43317,12.8,2005,Europe,Diesel,Front-wheel drive,0,17.13827434
60,5,154,3399.676319,16.2,2009,Europe,Gasoline,Front-wheel drive,-1,12.77442729
200,3,169,3205.822961,14.9,2017,USA,Gasoline,Front-wheel drive,1,14.13605086
120,2,152,3392.51113,13.6,2018,Asia,Gasoline,All-wheel drive,2,13.34540883
240,4,141,4089.378233,12.9,2004,Asia,Gasoline,All-wheel drive,0,9.558610648
200,5,162,3511.02387,17.3,2020,Europe,Gasoline,All-wheel drive,1,11.93395858
300,2,151,3596.393083,13,2005,Europe,Diesel,All-wheel drive,0,11.87478214
140,7,159,2350.457382,8.9,2020,USA,Gasoline,Front-wheel drive,0,18.6045757
280,1,162,3130.019686,13.6,2023,Asia,Gasoline,All-wheel drive,1,14.4662632
220,,181,3016.580723,12.6,2010,USA,Diesel,All-wheel drive,0,15.93016628
230,4,,2685.105494,13.5,2006,Europe,Diesel,Front-wheel drive,0,16.94089173
230,10,144,2710.551082,13.6,2009,USA,Gasoline,All-wheel drive,1,16.7723898
180,3,169,2690.42443,16.8,2001,USA,Diesel,All-wheel drive,-1,16.78175077
230,2,185,3211.878433,15,2016,Asia,Diesel,Front-wheel drive,1,13.68665382
250,2,167,3364.884546,16.7,2008,Asia,Diesel,Front-wheel drive,-1,13.32703497
190,2,149,2967.730927,18.6,2018,USA,Diesel,All-wheel drive,0,15.35194387
170,2,114,2822.615171,13.9,2022,Asia,Gasoline,All-wheel drive,1,15.36737051
220,4,,3368.37437,,2017,Asia,Diesel,Front-wheel drive,0,13.26777279
240,4,137,2846.369489,13.4,2006,Europe,Gasoline,All-wheel drive,3,15.75911336
270,5,149,3203.504428,9.3,2007,Europe,Gasoline,All-wheel drive,-1,14.61873743
170,5,,3428.895973,12.1,2019,USA,Diesel,Front-wheel drive,,12.71789004
180,,121,2601.963826,14.2,2001,USA,Gasoline,All-wheel drive,0,16.62808849
140,4,120,2059.906745,9.6,2022,USA,Diesel,All-wheel drive,1,19.8208006
130,4,140,2958.050037,13.9,2008,Asia,Gasoline,All-wheel drive,0,15.0691757
260,6,186,3345.235694,19.8,2014,Europe,Diesel,Front-wheel drive,0,13.1695982
280,3,202,3417.690187,15.1,2001,USA,Gasoline,Front-wheel drive,,14.00643365
320,2,114,2949.945412,9.6,2008,USA,Gasoline,All-wheel drive,0,16.59248765
250,1,185,3430.97941,16.9,2004,Asia,Diesel,Front-wheel drive,2,12.77416273
220,,127,2523.913265,14.9,2006,Asia,Diesel,All-wheel drive,-1,17.71429476
180,1,125,2770.150282,14.3,2001,USA,Gasoline,All-wheel drive,1,15.72216108
170,3,183,3093.882343,16.7,2007,Asia,Diesel,All-wheel drive,2,14.94740363
160,6,162,2442.56331,17.5,2013,USA,Diesel,All-wheel drive,0,17.2092474
150,3,124,3466.70667,14.4,2016,USA,Gasoline,All-wheel drive,0,12.93101668
280,,185,2971.209546,,2022,Asia,Diesel,Front-wheel drive,1,15.59834077
180,3,170,3286.189293,11.5,2004,Asia,Diesel,All-wheel drive,1,14.36976554
230,,175,4113.360303,15.5,2014,USA,Diesel,Front-wheel drive,0,9.041449047
260,7,169,2701.627103,,2002,USA,Diesel,Front-wheel drive,0,16.02876881
160,3,176,2570.837729,15.4,2011,USA,Gasoline,Front-wheel drive,1,17.42723556
160,4,151,2752.96423,19,2009,Europe,Gasoline,Front-wheel drive,0,15.81936652
270,6,175,2916.766977,14.9,2016,USA,Diesel,All-wheel drive,0,15.88017428
200,4,179,3437.01855,16.9,2012,USA,Gasoline,All-wheel drive,-2,13.58424853
290,4,160,3305.090632,16.6,2016,USA,Diesel,Front-wheel drive,1,13.56955799
170,4,156,2675.420279,17.2,2002,USA,Diesel,Front-wheel drive,,16.414362
190,0,169,3090.885075,11.1,2020,Europe,Diesel,All-wheel drive,,14.57000994
180,5,130,3347.665591,,2000,USA,Gasoline,Front-wheel drive,0,13.44094193
230,6,122,3335.994789,16,2016,USA,Gasoline,Front-wheel drive,2,12.7472374
180,5,138,4035.060269,12.5,2001,USA,Diesel,All-wheel drive,1,9.826567446
160,3,151,3270.392012,11.6,2018,USA,Diesel,Front-wheel drive,0,13.78342307
180,5,139,3674.465628,11.9,2014,Europe,Gasoline,All-wheel drive,1,11.97713438
190,3,191,3437.932653,14.9,2019,USA,Gasoline,All-wheel drive,0,13.62170756
240,4,169,3345.016857,16.8,2020,Asia,Gasoline,Front-wheel drive,-1,13.17729166
180,6,188,2301.38499,13.9,2006,USA,Diesel,Front-wheel drive,1,18.97204071
230,1,85,2821.832244,17.3,2002,Asia,Diesel,Front-wheel drive,1,15.1314024
180,2,162,3906.171987,16.2,2010,Asia,Diesel,Front-wheel drive,0,10.23192872
140,5,137,3259.7152,22.2,2021,Europe,Gasoline,All-wheel drive,0,12.88723005
250,3,139,3021.470526,15.1,2004,Europe,Diesel,All-wheel drive,-1,14.89412749
200,5,102,2793.507699,20.1,2020,USA,Diesel,All-wheel drive,0,15.8811063
260,4,125,3428.34611,17,2003,Asia,Gasoline,Front-wheel drive,-1,12.99774262
280,4,169,2082.888816,17.3,2017,USA,Diesel,All-wheel drive,0,19.18969015
130,4,,2791.404038,,2012,Europe,Gasoline,Front-wheel drive,0,16.21321645
200,5,139,3538.130878,16.4,2019,Asia,Gasoline,Front-wheel drive,-2,11.90258043
190,3,196,3237.561305,9.5,2011,Europe,Diesel,Front-wheel drive,0,14.44682876
220,3,138,2968.822861,13.7,2020,USA,Diesel,All-wheel drive,2,14.49779536
150,2,98,2664.636784,18.5,2014,USA,Diesel,All-wheel drive,-1,15.86955674
160,8,136,2957.380929,,2002,Europe,Diesel,All-wheel drive,-1,14.60944453
110,3,203,3269.91985,,2003,Europe,Diesel,All-wheel drive,2,14.75674784
170,1,118,3309.951451,13.5,2022,Europe,Gasoline,All-wheel drive,-1,13.68575697
230,4,117,3156.804219,15.9,2011,Asia,Diesel,Front-wheel drive,,13.65466513
190,5,167,3289.409117,,2013,USA,Diesel,Front-wheel drive,-2,13.21352598
130,3,122,2152.206563,,2003,Europe,Gasoline,All-wheel drive,0,18.66099106
170,5,208,2861.064484,19.4,2005,Asia,Gasoline,Front-wheel drive,2,16.0193789
190,5,143,3441.825851,,2014,Asia,Diesel,All-wheel drive,0,11.8773551
190,2,157,2591.702053,19.6,2016,USA,Diesel,Front-wheel drive,-1,16.76301081
160,3,,2445.476944,15.4,2016,Europe,Diesel,All-wheel drive,1,16.85184814
160,1,130,3467.228443,14.9,2009,USA,Diesel,Front-wheel drive,0,12.34367855
200,3,244,2683.504753,16.1,2015,USA,Diesel,All-wheel drive,1,17.62195838
160,4,171,2902.304782,10.6,2014,USA,Diesel,Front-wheel drive,-1,15.83721385
130,4,175,3488.47066,18,2005,Europe,Gasoline,All-wheel drive,0,13.25493339
240,4,164,2914.886052,14.6,2013,USA,Gasoline,All-wheel drive,1,15.40271501
160,2,131,2736.15674,15.5,2009,USA,Diesel,Front-wheel drive,1,15.45102682
220,4,,2602.309668,16.5,2001,Europe,Gasoline,Front-wheel drive,2,16.88465991
220,7,205,2952.561196,18.7,2005,USA,Gasoline,Front-wheel drive,1,15.41151006
90,6,169,3297.210656,17.6,2009,Europe,Diesel,Front-wheel drive,1,13.43216367
200,3,156,3879.287993,16.6,2003,Europe,Diesel,Front-wheel drive,0,10.39100459
260,3,136,3090.238711,15.4,2019,USA,Diesel,All-wheel drive,0,14.45048121
120,3,129,3316.050546,13.8,2004,Europe,Diesel,Front-wheel drive,0,13.04990085
170,4,146,2554.131831,13.4,2016,Europe,Gasoline,Front-wheel drive,0,17.28251319
110,5,206,3023.415009,,2012,USA,Gasoline,Front-wheel drive,0,15.44910046
250,2,163,2906.16262,17.9,2016,Europe,Gasoline,Front-wheel drive,0,14.89983131
110,6,146,3320.8577,16.5,2016,USA,Gasoline,Front-wheel drive,1,13.07531116
170,6,112,2113.948659,15,2005,Asia,Gasoline,All-wheel drive,1,18.87313622
140,5,188,2869.937367,16.5,2006,Asia,Diesel,Front-wheel drive,0,15.66077565
130,5,,2763.552362,17,2018,Europe,Gasoline,All-wheel drive,0,16.09449235
140,2,144,3639.76873,15.3,2011,Europe,Diesel,All-wheel drive,1,11.40045208
190,6,,2323.737545,13.8,2022,Asia,Gasoline,All-wheel drive,0,19.03143473
270,1,144,3396.85749,10.7,2003,Europe,Diesel,All-wheel drive,-1,13.94723927
110,4,175,3515.963282,12.3,2006,Europe,Diesel,All-wheel drive,-1,12.71397439
290,5,146,2962.660757,12.7,2021,USA,Gasoline,All-wheel drive,,16.04624481
200,2,163,3876.418962,15.7,2007,Europe,Diesel,Front-wheel drive,0,11.03012079
230,4,165,3736.665735,15.2,2007,USA,Gasoline,All-wheel drive,,11.40278197
220,6,187,2681.366946,,2001,Europe,Diesel,All-wheel drive,0,17.35754094
210,,155,3289.686365,18.4,2013,Europe,Gasoline,Front-wheel drive,1,13.37158791
300,2,157,3434.248781,14,2000,Asia,Gasoline,All-wheel drive,0,12.67919464
190,3,163,2644.258538,14.7,2016,Europe,Gasoline,Front-wheel drive,1,16.72689855
250,4,136,2319.04228,14.6,2013,Asia,Diesel,Front-wheel drive,1,18.60704795
220,2,145,2940.587747,12.9,2012,USA,Diesel,Front-wheel drive,-2,14.9261727
220,5,154,2817.299121,14.9,2010,USA,Gasoline,All-wheel drive,-2,15.87121383
170,5,163,3172.932081,13.4,2011,Asia,Diesel,Front-wheel drive,-1,14.24045879
190,0,145,3149.298983,16.4,2015,Asia,Diesel,All-wheel drive,-1,13.82633172
250,7,135,2676.219162,14.7,2012,Europe,Diesel,Front-wheel drive,0,16.3727288
210,5,,2928.905284,14.8,2009,USA,Diesel,Front-wheel drive,1,15.41575618
200,4,90,3028.839799,18.8,2020,Europe,Diesel,All-wheel drive,0,13.28546207
180,4,147,2491.47797,13.4,2007,USA,Diesel,Front-wheel drive,-1,17.57993314
210,3,127,3519.118735,10.8,2011,USA,Diesel,All-wheel drive,-2,12.93249035
270,3,133,3360.818964,17.3,2001,Asia,Gasoline,Front-wheel drive,0,13.06420894
230,5,148,2929.228224,14.4,2010,USA,Gasoline,All-wheel drive,-1,14.87630863
120,5,143,4186.643975,15.4,2000,Europe,Gasoline,All-wheel drive,0,8.505997351
250,6,166,3567.426822,18.3,2014,Asia,Gasoline,Front-wheel drive,2,12.36587322
180,6,136,3151.846389,16.8,2012,USA,Gasoline,Front-wheel drive,1,13.99101225
200,5,119,2281.032307,15.4,2008,Asia,Gasoline,Front-wheel drive,0,18.41576749
210,3,142,3083.937035,18.8,2005,USA,Diesel,All-wheel drive,0,13.71931623
200,6,142,3850.159565,12.7,2010,Europe,Gasoline,All-wheel drive,1,11.36747884
150,8,166,1825.297975,13.1,2003,Asia,Gasoline,Front-wheel drive,-2,21.12760289
260,,140,2668.262975,,2017,Asia,Diesel,All-wheel drive,0,17.14431742
120,0,146,2851.800393,17.9,2007,Europe,Diesel,All-wheel drive,1,16.1446687
300,1,138,2979.206634,13.6,2007,Europe,Gasoline,Front-wheel drive,0,15.34521485
190,5,188,2884.226319,18.4,2003,Europe,Gasoline,Front-wheel drive,1,15.74769446
200,0,129,3382.194757,14.4,2002,USA,Diesel,Front-wheel drive,0,12.82554414
160,7,134,3523.684038,18.7,2019,USA,Gasoline,Front-wheel drive,1,11.82444049
130,7,99,2422.530505,14.2,2019,USA,Diesel,All-wheel drive,-3,18.0413421
180,5,166,2300.016039,13.4,2020,Asia,Gasoline,All-wheel drive,0,18.77612011
70,2,132,3103.801717,14.9,2021,Asia,Diesel,All-wheel drive,0,13.98223314
210,3,148,3285.54444,15.2,2012,Asia,Diesel,All-wheel drive,0,13.86741701
150,3,116,3457.444339,18.5,2016,USA,Diesel,All-wheel drive,1,11.92614786
190,4,140,2315.368998,8.4,2021,Europe,Diesel,All-wheel drive,1,19.34688695
220,5,134,2894.173458,14.5,2015,Europe,Gasoline,Front-wheel drive,1,15.944613
170,6,163,2333.401718,,2022,USA,Diesel,Front-wheel drive,0,18.40252603
240,6,,3206.443826,9.7,2008,Asia,Gasoline,All-wheel drive,1,13.70341444
210,7,79,2888.857218,18.4,2010,USA,Diesel,Front-wheel drive,-1,14.30421986
180,2,115,2711.335232,14.6,2016,USA,Diesel,All-wheel drive,,15.51870706
150,4,109,2867.715659,,2007,Europe,Gasoline,Front-wheel drive,-2,15.30576433
90,5,172,3508.702943,16,2021,Europe,Diesel,All-wheel drive,1,12.62162371
150,8,,3357.751147,,2018,USA,Diesel,Front-wheel drive,0,12.98642607
210,8,172,2518.064506,14.9,2006,USA,Gasoline,Front-wheel drive,0,17.55534452
250,4,133,2362.42693,16.3,2010,USA,Diesel,Front-wheel drive,-1,18.10220318
220,6,133,3176.933518,17.4,2007,USA,Gasoline,All-wheel drive,0,14.4221865
150,3,137,2948.403364,9.8,2005,Europe,Gasoline,Front-wheel drive,0,15.44201421
240,4,105,3262.579906,13.6,2008,Asia,Gasoline,All-wheel drive,0,14.29778501
230,3,166,2601.292583,16,2014,USA,Diesel,All-wheel drive,1,16.73320581
230,1,183,3226.940711,21,2006,Asia,Diesel,Front-wheel drive,1,13.25095981
200,8,143,3494.725344,,2014,Europe,Diesel,Front-wheel drive,-1,13.34830777
220,1,101,2429.400114,,2019,USA,Gasoline,Front-wheel drive,-1,16.6944244
300,5,173,2842.628144,12.2,2021,Asia,Gasoline,Front-wheel drive,-1,16.85962569
310,3,,3093.624223,18.4,2014,Asia,Gasoline,Front-wheel drive,-1,14.18076719
260,6,85,2135.343795,16,2002,USA,Diesel,Front-wheel drive,-1,18.21753421
170,5,130,3311.258675,11.6,2023,Europe,Diesel,Front-wheel drive,0,14.55978118
120,4,154,2839.652864,18.6,2018,Europe,Gasoline,All-wheel drive,-1,15.78119507
170,3,149,2535.612228,16.3,2014,Europe,Diesel,All-wheel drive,1,17.28742942
270,4,125,2886.304255,,2010,USA,Diesel,Front-wheel drive,1,14.98207821
210,4,113,2810.107407,17.2,2011,USA,Diesel,All-wheel drive,-3,15.02823887
240,2,139,3090.379472,14.8,2009,Europe,Gasoline,Front-wheel drive,1,14.39024993
180,6,136,2820.860614,9.1,2003,Europe,Gasoline,Front-wheel drive,0,16.66362885
220,6,91,2789.328585,19.5,2005,Europe,Gasoline,All-wheel drive,1,15.18807871
250,5,155,2988.333669,20.1,2008,Europe,Gasoline,All-wheel drive,-1,14.28561407
190,4,151,2814.857283,14.9,2002,USA,Diesel,Front-wheel drive,2,15.53555743
130,5,137,3322.596918,15.9,2011,Asia,Diesel,All-wheel drive,0,12.66465007
170,2,146,3333.176948,19.7,2016,Asia,Gasoline,Front-wheel drive,-1,13.16305801
150,6,135,2670.673657,9.5,2002,Asia,Diesel,Front-wheel drive,0,17.2182088
70,4,163,3323.863964,13,2002,USA,Diesel,All-wheel drive,1,13.56547163
310,0,183,3062.050542,14.6,2012,Asia,Gasoline,All-wheel drive,,15.01502607
190,3,150,2834.995461,16,2012,USA,Diesel,All-wheel drive,1,16.45127812
250,2,132,2929.234587,18.5,2007,Asia,Diesel,All-wheel drive,-1,14.65504188
160,6,116,3745.842832,14.2,2022,USA,Diesel,Front-wheel drive,1,11.05796364
220,6,184,2821.343427,13.3,2019,USA,Diesel,All-wheel drive,0,16.35619165
130,2,151,3143.827109,15,2014,Asia,Gasoline,All-wheel drive,0,14.48241888
150,5,155,3475.510743,17.5,2004,Asia,Gasoline,Front-wheel drive,,12.27190162
280,,145,3145.886677,13.8,2011,USA,Gasoline,All-wheel drive,,13.5733362
230,8,183,2675.510371,17.7,2011,Asia,Gasoline,All-wheel drive,,16.7303261
170,2,127,3323.592013,15.5,2016,Europe,Diesel,All-wheel drive,-1,13.79868513
290,6,150,3307.466691,10,2004,USA,Gasoline,All-wheel drive,-1,13.38836451
210,9,191,3575.221919,12.5,2008,Asia,Diesel,Front-wheel drive,-1,13.74056742
180,5,143,3522.836695,20.6,2004,Europe,Diesel,Front-wheel drive,0,11.63513647
190,5,,3917.513904,16.6,2014,USA,Gasoline,Front-wheel drive,-1,10.37964738
180,2,90,2929.113569,17.3,2009,USA,Diesel,All-wheel drive,-1,13.7529749
190,5,170,3611.953794,19.9,2001,Asia,Gasoline,Front-wheel drive,0,10.8579281
200,,152,3221.776348,16.1,2012,Asia,Diesel,All-wheel drive,0,13.72246105
190,2,,2857.122713,,2000,Europe,Diesel,All-wheel drive,1,15.26573353
170,6,171,2729.857856,18.5,2021,Europe,Diesel,All-wheel drive,0,16.07446335
230,3,148,3646.345089,12.2,2012,Europe,Diesel,Front-wheel drive,0,12.08483528
130,4,102,2894.890951,16.3,2020,Europe,Diesel,All-wheel drive,1,14.3046804
170,6,155,3516.828075,,2006,Asia,Gasoline,All-wheel drive,0,11.66094427
240,4,121,2808.477359,13.6,2006,Asia,Gasoline,Front-wheel drive,0,16.03506467
130,5,110,2371.457204,10.8,2005,USA,Gasoline,All-wheel drive,0,18.02808225
140,6,135,3817.001554,13.8,2001,Asia,Diesel,All-wheel drive,1,10.59403795
290,1,112,2746.475232,,2007,USA,Diesel,All-wheel drive,1,15.42821234
240,3,139,3318.689177,,2020,USA,Gasoline,Front-wheel drive,0,13.3732455
120,2,158,2854.400423,13.1,2016,Europe,Diesel,Front-wheel drive,1,15.91884415
230,8,170,2480.279773,,2007,USA,Diesel,All-wheel drive,0,19.0811081
170,2,105,3198.254247,17.4,2020,USA,Diesel,All-wheel drive,-1,13.14650558
270,1,147,2611.9395,11.7,2017,Asia,Diesel,Front-wheel drive,0,16.81624056
200,7,148,2919.61334,16.4,2015,Asia,Gasoline,All-wheel drive,,15.31909769
270,2,167,1762.085557,13.2,2006,Asia,Gasoline,Front-wheel drive,-1,21.53634859
210,1,126,3782.920071,15.6,2018,Europe,Gasoline,All-wheel drive,1,10.65749001
140,6,185,2982.277354,17.2,2014,Asia,Gasoline,All-wheel drive,2,15.60752192
270,4,197,3043.857726,18.8,2023,Europe,Gasoline,All-wheel drive,-1,14.61171503
250,3,191,2795.587843,17.5,2017,USA,Gasoline,Front-wheel drive,0,15.66232478
190,3,143,3292.670201,16.8,2013,USA,Diesel,All-wheel drive,1,14.48774843
110,2,129,2871.836512,15.9,2018,Asia,Diesel,Front-wheel drive,1,15.27957163
200,2,143,2490.795025,14.4,2008,Europe,Gasoline,Front-wheel drive,,17.75467469
220,1,115,3434.893846,,2020,Europe,Gasoline,All-wheel drive,-1,12.03556191
190,5,206,2867.195524,14.3,2012,Asia,Diesel,Front-wheel drive,0,16.35368712
160,2,128,2669.650997,14.5,2018,Europe,Gasoline,All-wheel drive,-1,16.54090817
270,3,126,2796.408811,14,2012,USA,Diesel,All-wheel drive,1,16.3182601
190,2,127,2700.291742,15.1,2022,USA,Gasoline,Front-wheel drive,1,16.21592344
190,4,125,2477.297193,11.1,2005,Europe,Diesel,Front-wheel drive,2,18.12641549
80,4,131,3247.145407,12.7,2003,Europe,Diesel,All-wheel drive,2,13.27816604
200,4,156,3842.607899,14.7,2023,USA,Diesel,Front-wheel drive,0,11.63370212
190,2,118,3632.260139,16.2,2019,USA,Diesel,All-wheel drive,-2,11.04938569
200,5,134,2300.054895,15,2009,Europe,Gasoline,Front-wheel drive,0,18.72306679
260,6,176,3198.04075,15.8,2006,USA,Diesel,Front-wheel drive,2,13.7996294
140,5,146,3708.461186,12.6,2001,Europe,Diesel,All-wheel drive,-1,11.19682199
230,3,133,2401.922799,12.6,2018,Europe,Diesel,Front-wheel drive,0,18.41020133
140,6,138,3310.236323,14.5,2007,Asia,Gasoline,All-wheel drive,0,13.34516686
190,2,,3342.879412,14.4,2003,USA,Diesel,All-wheel drive,0,13.63553851
150,2,113,2908.474549,18.4,2011,Europe,Diesel,Front-wheel drive,0,15.45935068
260,7,155,3513.363412,,2022,USA,Gasoline,All-wheel drive,1,12.97195202
170,2,134,2879.48206,12.7,2021,Asia,Diesel,All-wheel drive,-1,15.64304212
170,4,166,3286.764831,13.5,2021,USA,Gasoline,Front-wheel drive,-1,13.73534333
290,5,119,4079.226645,16.1,2021,Europe,Diesel,All-wheel drive,-1,9.05716045
130,3,186,2934.161705,16,2009,Asia,Diesel,Front-wheel drive,-1,15.15998723
220,4,229,4174.48927,12.2,2001,Europe,Diesel,Front-wheel drive,0,9.97907634
220,4,168,2143.902252,12.4,2016,Asia,Diesel,Front-wheel drive,0,19.08983948
260,4,135,3163.513738,13.9,2005,Asia,Diesel,All-wheel drive,-1,13.63521298
100,2,,3545.272512,15.5,2022,Asia,Gasoline,Front-wheel drive,1,11.71551325
190,3,103,3188.263524,15.9,2023,USA,Gasoline,Front-wheel drive,-1,13.41439947
210,1,188,3227.331652,14.8,2016,USA,Diesel,Front-wheel drive,0,14.67084798
170,5,183,3429.365851,17.4,2006,Asia,Diesel,All-wheel drive,1,12.91372312
220,5,123,2695.784369,17.8,2023,USA,Diesel,Front-wheel drive,-2,15.62569821
300,4,135,2820.19228,15.4,2004,USA,Diesel,All-wheel drive,1,16.61307628
210,6,147,3181.572682,17.1,2020,Europe,Gasoline,All-wheel drive,0,13.88707849
150,3,128,2385.865558,14,2011,Europe,Gasoline,All-wheel drive,0,17.08532869
200,2,95,2634.431888,16.1,2004,Asia,Diesel,Front-wheel drive,2,16.05972088
190,6,162,2920.875725,7.1,2013,Asia,Gasoline,All-wheel drive,-1,15.93959094
150,2,131,2961.273042,15,2009,USA,Gasoline,All-wheel drive,-1,15.36551256
180,2,143,2961.675813,13.8,2011,Asia,Gasoline,All-wheel drive,1,14.87093389
190,6,213,3425.878619,13.1,2003,USA,Gasoline,Front-wheel drive,0,14.46426813
240,3,217,3519.00009,12.7,2013,USA,Diesel,All-wheel drive,2,12.97512281
210,2,164,2978.475525,18.3,2019,USA,Diesel,Front-wheel drive,0,14.40906382
220,6,118,2217.349625,,2004,USA,Diesel,All-wheel drive,-2,18.65843097
190,7,115,3097.54605,17.5,2010,USA,Gasoline,All-wheel drive,0,14.2695696
200,4,103,3097.962546,16.3,2023,Europe,Gasoline,All-wheel drive,-1,14.51213198
210,6,168,3109.077379,15.1,2011,USA,Diesel,All-wheel drive,0,14.99617216
230,,171,3301.31764,14,2012,USA,Gasoline,All-wheel drive,0,13.89255179
220,3,181,1845.790152,,2021,Asia,Diesel,Front-wheel drive,0,21.50741358
210,6,136,2760.706919,14,2018,Europe,Diesel,All-wheel drive,1,15.99791061
50,5,126,2697.39183,16.2,2006,USA,Diesel,All-wheel drive,-1,15.54922029
250,3,125,3013.374328,14.2,2008,Asia,Diesel,Front-wheel drive,1,14.64744998
230,1,125,2576.044023,17.1,2009,Asia,Diesel,Front-wheel drive,-1,16.75697981
300,3,205,2687.303284,14.3,2022,USA,Gasoline,Front-wheel drive,1,17.47232834
260,3,198,2594.323566,14.7,2009,USA,Diesel,Front-wheel drive,0,17.26022543
160,,157,2877.624938,18.4,2006,Asia,Gasoline,All-wheel drive,-1,15.27803043
260,3,107,2257.785326,17.9,2022,Asia,Gasoline,Front-wheel drive,0,18.43978051
250,5,139,2830.076932,14.8,2009,Asia,Diesel,Front-wheel drive,0,15.59483058
280,4,149,1772.700254,11.7,2018,USA,Gasoline,All-wheel drive,1,21.70836082
160,4,131,4078.161236,,2012,USA,Diesel,Front-wheel drive,0,9.124722653
190,3,155,2600.825756,14.5,2016,Europe,Diesel,Front-wheel drive,0,17.50997578
180,3,135,2506.302031,16.7,2018,USA,Gasoline,Front-wheel drive,-1,16.46758264
210,,,3821.079966,12.9,2021,Europe,Gasoline,All-wheel drive,0,11.65569715
170,2,110,2794.185382,15.5,2007,Asia,Diesel,All-wheel drive,1,15.5950926
200,4,134,2638.716084,16.2,2013,USA,Diesel,All-wheel drive,0,16.66103939
230,6,180,3159.767451,16.5,2008,Asia,Diesel,Front-wheel drive,0,14.18400498
160,4,149,3221.844506,21.4,2019,USA,Gasoline,All-wheel drive,0,12.76243625
140,6,154,3562.929438,16.8,2021,Asia,Diesel,All-wheel drive,-2,11.82169524
240,2,151,2848.178252,14.9,2021,USA,Gasoline,Front-wheel drive,-1,15.88963894
240,2,145,2033.42387,11,2015,Asia,Gasoline,Front-wheel drive,-2,20.5200765
300,5,223,2445.198435,16.4,2021,Asia,Diesel,All-wheel drive,1,17.96559283
270,2,105,3565.025157,12.9,2006,Europe,Diesel,Front-wheel drive,-1,11.40261
140,4,161,2917.195583,15.7,2003,USA,Gasoline,All-wheel drive,,15.71264081
270,1,170,3563.50912,11.3,2022,USA,Diesel,All-wheel drive,-1,12.43778824
160,6,149,3159.830269,13.1,2010,Europe,Diesel,Front-wheel drive,0,14.72450743
170,2,,2805.404834,14.3,2011,Europe,Diesel,Front-wheel drive,-2,15.89632768
190,2,149,3168.517729,,2011,Europe,Gasoline,Front-wheel drive,0,15.13177613
260,4,150,3910.56132,,2007,Asia,Gasoline,All-wheel drive,0,9.910587683
230,3,152,3415.252068,16.9,2003,Europe,Diesel,Front-wheel drive,-1,12.76105215
250,2,121,3453.674531,14.8,2003,USA,Diesel,Front-wheel drive,0,12.11469614
240,5,74,3142.992198,17.2,2007,USA,Diesel,Front-wheel drive,0,12.52098378
210,,132,3939.901916,17.8,2016,USA,Gasoline,Front-wheel drive,-1,10.03487311
150,2,159,2480.493301,18.3,2019,Asia,Gasoline,Front-wheel drive,1,17.54409587
240,7,102,2861.726482,15.4,2012,Europe,Diesel,Front-wheel drive,-2,15.39701437
180,2,134,2579.174935,10.7,2007,Europe,Diesel,All-wheel drive,0,17.39960014
200,,146,3043.036191,16.8,2016,Asia,Gasoline,Front-wheel drive,1,14.75643338
240,4,122,3149.747069,22,2002,USA,Diesel,All-wheel drive,-1,13.28149835
140,3,148,3612.270109,,2019,Asia,Diesel,Front-wheel drive,0,12.18767336
200,5,,3090.67218,17.9,2007,USA,Gasoline,All-wheel drive,1,14.32676353
240,3,148,2432.673543,13.6,2012,Europe,Gasoline,Front-wheel drive,1,17.63432699
280,7,177,2539.12128,16,2018,Europe,Diesel,All-wheel drive,-1,16.58606547
190,8,164,2236.398894,14.2,2008,USA,Diesel,Front-wheel drive,0,18.78327111
230,1,223,2773.048996,16,2006,Asia,Diesel,Front-wheel drive,-1,17.42541979
200,5,170,2865.775377,11,2005,Asia,Gasoline,All-wheel drive,0,15.88771709
280,5,169,2813.399391,16.8,2000,Europe,Diesel,Front-wheel drive,-1,15.87149829
260,9,151,3616.335825,16.6,2014,Europe,Diesel,Front-wheel drive,0,11.23736834
210,2,144,2035.976183,18.7,2004,Europe,Gasoline,Front-wheel drive,-1,19.27847456
250,4,187,2388.32618,16.8,2021,Europe,Diesel,Front-wheel drive,1,18.05323596
190,1,138,2222.183287,17.6,2013,USA,Diesel,All-wheel drive,1,18.74792758
280,3,,3715.377135,16.2,2017,USA,Gasoline,Front-wheel drive,1,11.91692775
110,2,122,3179.856001,15,2011,USA,Diesel,All-wheel drive,0,13.62106502
100,2,,3472.73005,18.8,2006,Asia,Diesel,Front-wheel drive,0,12.72602828
180,1,135,2919.867646,14.9,2022,USA,Gasoline,Front-wheel drive,0,15.06949819
240,4,139,2201.9394,18,2009,USA,Gasoline,All-wheel drive,0,18.63344313
180,2,120,1947.165976,14.5,2004,USA,Gasoline,All-wheel drive,0,20.17754347
250,4,167,2530.840505,14.3,2013,Asia,Gasoline,Front-wheel drive,-1,16.98836504
170,8,151,3182.805853,19.1,2005,Asia,Diesel,Front-wheel drive,-3,13.92443395
270,5,170,3524.767582,13.5,2010,USA,Diesel,Front-wheel drive,1,12.19509034
130,3,111,3483.166666,14.9,2023,Asia,Gasoline,All-wheel drive,0,12.95446145
240,6,119,2521.875344,12.9,2021,USA,Diesel,Front-wheel drive,0,17.79596808
130,1,173,2569.924363,14.8,2013,USA,Diesel,All-wheel drive,0,17.17585583
230,3,161,2795.804549,17.2,2018,Europe,Gasoline,All-wheel drive,,15.9481412
190,3,206,2983.06702,13.1,2001,Europe,Gasoline,Front-wheel drive,1,15.74807467
190,5,151,2985.943373,16,2006,Asia,Diesel,Front-wheel drive,-1,14.53005108
240,5,173,3142.289764,12.4,2015,Asia,Gasoline,All-wheel drive,-1,14.33248609
200,3,153,3032.266799,14.3,2012,USA,Diesel,Front-wheel drive,1,14.43937826
130,,143,2983.182682,16.1,2022,Asia,Gasoline,All-wheel drive,-1,14.49407741
220,2,180,3150.046669,16.7,2020,USA,Diesel,All-wheel drive,-1,14.65520086
230,3,180,2550.751829,18.4,2008,USA,Diesel,Front-wheel drive,0,16.89734473
210,4,190,3547.483235,17.5,2021,Europe,Gasoline,Front-wheel drive,-1,13.39667613
240,3,181,2979.322446,9.8,2011,Asia,Diesel,Front-wheel drive,0,16.78093431
180,4,201,3687.16826,15.7,2004,USA,Diesel,Front-wheel drive,-2,11.62735064
230,4,137,2147.30369,20.6,2010,USA,Gasoline,All-wheel drive,0,18.55703135
120,6,122,2609.993426,11.5,2012,Europe,Diesel,All-wheel drive,,17.08099959
230,9,128,3647.23877,13.7,2006,Asia,Diesel,All-wheel drive,0,12.69875445
200,3,103,2577.98188,13.4,2010,Europe,Diesel,All-wheel drive,-1,16.16093819
230,1,133,2264.487721,11.8,2014,Asia,Diesel,All-wheel drive,-1,19.42777819
240,3,147,3310.923921,9.3,2020,USA,Gasoline,All-wheel drive,1,13.91106267
180,4,124,3217.703223,11.4,2006,Europe,Diesel,All-wheel drive,1,13.97624983
240,3,144,2870.551622,18.6,2002,Europe,Gasoline,Front-wheel drive,0,15.47617693
200,2,173,3295.764868,15.4,2003,Asia,Diesel,All-wheel drive,1,13.76551552
220,2,85,2810.07595,12.2,2005,Europe,Gasoline,Front-wheel drive,2,15.63856651
150,3,204,3072.88624,13.7,2004,Asia,Gasoline,All-wheel drive,2,15.76101454
290,6,151,3649.325354,14.6,2015,Asia,Diesel,All-wheel drive,0,11.69130879
140,,152,2953.151183,16.7,2014,Europe,Diesel,Front-wheel drive,2,14.87088649
270,4,,2937.444985,,2020,USA,Gasoline,All-wheel drive,-1,14.78362786
200,4,205,2440.614708,17.5,2021,USA,Diesel,All-wheel drive,0,18.22117915
210,3,148,4074.096521,,2015,USA,Gasoline,Front-wheel drive,,9.375481583
220,4,117,3330.707164,13.4,2018,Europe,Gasoline,All-wheel drive,2,13.1242507
190,5,142,3168.846529,16.8,2021,Europe,Diesel,Front-wheel drive,-1,14.02397735
250,6,174,2148.776055,16.1,2004,Asia,Gasoline,Front-wheel drive,-2,19.52977084
160,,193,2941.0463,16.4,2010,Europe,Gasoline,All-wheel drive,-1,15.65136462
190,0,179,3264.215895,12.1,2015,USA,Gasoline,All-wheel drive,-2,14.04901484
240,5,164,3302.134251,17.1,2003,Europe,Gasoline,All-wheel drive,2,13.69059479
230,5,141,2737.54944,17.9,2001,USA,Diesel,All-wheel drive,-2,15.5976154
230,3,127,2295.419465,17.2,2019,Europe,Diesel,All-wheel drive,-2,18.04819389
170,4,,2858.27544,14.7,2014,Europe,Gasoline,All-wheel drive,0,15.70595008
140,6,142,3028.664256,14.2,2015,USA,Diesel,All-wheel drive,1,14.94300374
210,7,110,2973.494204,16,2019,Europe,Diesel,All-wheel drive,2,14.37889352
270,6,156,3698.204805,18.1,2007,Asia,Gasoline,All-wheel drive,-1,10.85141179
230,2,158,2705.486173,12.7,2003,Europe,Gasoline,All-wheel drive,1,16.94905102
210,6,168,3059.008252,16,2004,Europe,Gasoline,Front-wheel drive,0,14.96122017
190,5,141,3748.620978,18.1,2015,Asia,Diesel,All-wheel drive,0,10.80038997
240,6,174,3621.955356,15.8,2006,Europe,Gasoline,All-wheel drive,-1,11.55455818
260,0,146,2818.343667,19.1,2022,Asia,Gasoline,All-wheel drive,-1,15.55774644
230,5,160,2278.693336,16.9,2003,Asia,Diesel,All-wheel drive,1,18.51572189
260,3,120,2577.384089,,2014,Asia,Gasoline,All-wheel drive,0,17.24041128
240,1,196,3469.529857,16.9,2004,Asia,Gasoline,All-wheel drive,-1,13.03856257
200,2,132,3377.440634,13.4,2014,Asia,Gasoline,All-wheel drive,1,13.37451903
220,7,194,2778.692351,17.4,2005,Europe,Diesel,All-wheel drive,-1,16.59026126
160,4,182,2909.483641,16.1,2013,Europe,Diesel,All-wheel drive,,16.16804438
160,,135,2107.342706,13.3,2016,Europe,Diesel,Front-wheel drive,1,19.10989277
280,2,180,4106.45435,19.4,2011,USA,Diesel,All-wheel drive,1,8.786662076
220,3,144,2741.967007,14.5,2016,USA,Gasoline,Front-wheel drive,-1,16.37625425
210,4,,4022.93562,12.4,2000,Asia,Gasoline,All-wheel drive,,10.4209487
170,2,166,3519.166328,16.9,2023,Europe,Gasoline,Front-wheel drive,,11.88103649
280,4,174,3281.646,14.4,2002,Europe,Gasoline,Front-wheel drive,-1,13.71084304
220,7,,2633.766597,13.1,2007,Europe,Gasoline,All-wheel drive,0,16.31989208
230,1,,3749.885252,13.5,2021,USA,Gasoline,Front-wheel drive,0,10.95595272
170,5,170,3142.365982,11.6,2012,USA,Gasoline,All-wheel drive,0,15.19655664
190,3,188,2510.732787,17.9,2010,Asia,Diesel,Front-wheel drive,0,16.91633732
170,5,164,2437.412729,13.9,2002,Asia,Diesel,Front-wheel drive,0,18.56050339
260,6,195,2553.489298,12.8,2009,Europe,Gasoline,All-wheel drive,0,17.86403687
130,3,114,3327.927342,17.3,2006,USA,Gasoline,All-wheel drive,,12.55301499
190,7,145,3775.597267,15.3,2009,Europe,Diesel,Front-wheel drive,0,11.53882039
210,4,172,1945.56737,15.5,2005,Asia,Gasoline,All-wheel drive,1,20.56225638
230,,175,2626.784941,11,2003,Europe,Gasoline,All-wheel drive,0,17.30228071
250,5,154,2189.000794,15.8,2016,Asia,Diesel,Front-wheel drive,-1,18.91843181
250,6,163,3151.026723,14.3,2012,Europe,Gasoline,All-wheel drive,-1,14.67865155
160,4,151,3115.325135,14.7,2015,Asia,Diesel,Front-wheel drive,-1,14.63164163
160,4,149,2982.816597,14.4,2015,Asia,Gasoline,All-wheel drive,0,15.57816142
190,,169,3025.887364,,2017,Asia,Diesel,Front-wheel drive,-1,14.70007394
230,5,,3897.703823,14.9,2021,USA,Gasoline,All-wheel drive,0,10.44836958
170,6,146,2983.794048,16.5,2005,Asia,Diesel,Front-wheel drive,1,15.22387055
160,1,168,2986.602394,11.5,2014,Asia,Diesel,Front-wheel drive,0,16.09929812
120,4,151,2476.550801,17.8,2015,USA,Diesel,Front-wheel drive,0,17.68248281
210,4,117,3220.868851,15.1,2003,USA,Diesel,Front-wheel drive,-1,13.34816377
200,5,143,3829.020833,18.2,2014,Asia,Diesel,Front-wheel drive,,10.35009972
110,4,164,3090.436406,15.2,2007,USA,Diesel,All-wheel drive,1,14.75993786
160,5,92,2371.88194,13.2,2016,Europe,Gasoline,Front-wheel drive,0,17.42063518
200,5,151,3413.562325,17.4,2015,Europe,Gasoline,All-wheel drive,0,12.84352572
130,6,,3058.458879,16.6,2020,Asia,Gasoline,Front-wheel drive,-1,14.29820148
230,3,132,2849.479933,16.2,2022,Europe,Gasoline,Front-wheel drive,-1,15.33369691
140,,153,3150.117821,15.3,2019,Europe,Gasoline,Front-wheel drive,2,13.79993193
160,4,157,2945.752566,12.6,2015,Asia,Gasoline,Front-wheel drive,0,15.48164028
90,3,185,3670.178232,14.5,2022,Asia,Diesel,Front-wheel drive,1,12.02819814
160,7,156,3237.394801,17.3,2001,Asia,Gasoline,All-wheel drive,-1,14.12501942
280,7,174,2964.872966,15.1,2011,Europe,Gasoline,All-wheel drive,0,15.2748148
220,3,133,2923.453768,16.8,2005,Asia,Gasoline,Front-wheel drive,1,15.61079925
200,,119,2752.544111,16.8,2023,Asia,Gasoline,All-wheel drive,,15.80178592
260,5,209,2984.998709,15.1,2021,USA,Diesel,All-wheel drive,1,15.81392501
210,5,95,3205.619985,13.5,2011,Asia,Gasoline,Front-wheel drive,0,13.97885765
190,5,158,3268.276283,,2001,Europe,Diesel,Front-wheel drive,0,13.84876274
190,2,150,2133.470035,16.9,2004,Asia,Gasoline,All-wheel drive,-1,19.26675994
170,6,182,3945.443018,16.5,2010,Europe,Gasoline,All-wheel drive,0,10.74029774
250,3,105,2988.73017,16,2012,Asia,Diesel,All-wheel drive,0,14.38574587
270,1,,3038.188105,14.5,2005,Europe,Diesel,Front-wheel drive,1,14.71869915
220,6,132,2775.587091,12.7,2017,Europe,Gasoline,Front-wheel drive,0,15.90166113
170,3,135,3463.326038,15.5,2012,Asia,Diesel,Front-wheel drive,0,12.7666803
260,4,79,3027.112548,17.2,2021,Europe,Gasoline,All-wheel drive,-1,14.06072572
140,8,102,2373.898151,,2012,Asia,Gasoline,All-wheel drive,1,18.00159532
270,5,159,3205.682072,17.6,2019,Asia,Gasoline,All-wheel drive,0,13.68750609
150,7,74,3057.731251,,2011,USA,Gasoline,Front-wheel drive,1,14.79655202
120,3,196,3167.674513,14.8,2010,Europe,Diesel,Front-wheel drive,0,15.27560273
280,3,166,3056.474019,9.5,2001,USA,Diesel,All-wheel drive,0,15.63537394
130,3,167,2499.276505,15.3,2001,Asia,Gasoline,All-wheel drive,0,17.62214086
120,2,201,3898.437617,13.1,2016,Europe,Gasoline,All-wheel drive,0,11.82429034
200,1,74,2664.757977,,2012,Asia,Gasoline,All-wheel drive,0,15.97525581
170,3,171,2857.661965,15.4,2017,Asia,Gasoline,All-wheel drive,1,15.8119704
180,,167,3503.063774,17.4,2018,USA,Gasoline,Front-wheel drive,1,12.18775107
180,8,171,3865.859842,13,2013,USA,Gasoline,Front-wheel drive,1,11.16610808
270,3,81,3105.537893,13.1,2009,Europe,Diesel,All-wheel drive,2,14.14311133
150,,182,3345.699368,15.7,2013,USA,Gasoline,All-wheel drive,2,13.19908154
220,2,190,3315.299773,18.3,2017,USA,Diesel,Front-wheel drive,1,13.46862668
190,2,132,2904.066315,,2006,Europe,Diesel,Front-wheel drive,0,14.60243949
250,2,121,2923.028109,16.2,2017,Europe,Diesel,Front-wheel drive,-1,15.22267339
230,5,155,2184.75376,17,2016,Asia,Diesel,Front-wheel drive,0,18.88038566
130,,150,3606.745845,17.2,2009,Asia,Gasoline,All-wheel drive,1,11.47195781
260,0,129,2828.512174,15.5,2004,Asia,Gasoline,All-wheel drive,0,15.26739518
140,0,129,1477.477588,,2010,Asia,Gasoline,All-wheel drive,,22.50764757
160,2,141,2741.170484,14.3,2019,Asia,Diesel,Front-wheel drive,2,16.29837715
160,4,144,2657.433932,15.9,2008,USA,Diesel,All-wheel drive,0,16.45504552
200,4,104,2823.49328,16.3,2018,USA,Gasoline,Front-wheel drive,0,15.23428948
270,4,181,2941.551059,14.9,2008,USA,Diesel,Front-wheel drive,0,15.68143596
250,3,129,3086.524473,13.7,2018,Europe,Gasoline,Front-wheel drive,0,14.55018609
160,5,178,3008.287551,15.5,2007,USA,Gasoline,All-wheel drive,2,14.91945098
210,2,137,3417.292228,12.9,2016,Europe,Diesel,Front-wheel drive,0,12.75779925
210,3,167,2029.41541,,2012,Europe,Diesel,Front-wheel drive,-2,19.16218315
320,2,132,2572.315443,17.8,2021,Asia,Gasoline,Front-wheel drive,-1,16.63530698
220,4,143,2868.33878,17.3,2017,Asia,Diesel,All-wheel drive,1,15.08141305
210,5,,3221.804823,12.3,2007,Asia,Gasoline,All-wheel drive,0,14.71479555
180,5,171,3370.911014,14.9,2019,USA,Diesel,Front-wheel drive,-1,13.34566533
150,3,140,3263.349469,13.6,2020,Europe,Gasoline,Front-wheel drive,0,13.43845367
230,2,148,3619.409649,16.4,2010,Asia,Diesel,Front-wheel drive,1,11.7941727
200,8,152,3811.173883,16.3,2016,Asia,Diesel,All-wheel drive,0,10.85125604
250,3,155,2820.47679,12,2018,USA,Gasoline,All-wheel drive,0,16.04411639
250,5,180,2935.585402,,2016,Europe,Gasoline,Front-wheel drive,,15.79308804
220,4,200,3064.430481,17.2,2004,USA,Gasoline,All-wheel drive,-1,14.86462209
260,1,133,3307.788643,17.8,2009,USA,Gasoline,Front-wheel drive,0,12.90974589
230,2,196,3566.113936,17.2,2008,Asia,Diesel,All-wheel drive,0,12.56823577
260,6,212,2836.59321,16,2022,Europe,Diesel,Front-wheel drive,-1,16.6740123
200,10,149,4100.473743,18.1,2013,USA,Gasoline,All-wheel drive,-2,9.522665795
150,2,159,2870.291566,11.6,2021,USA,Gasoline,Front-wheel drive,1,16.91652968
200,3,166,3630.028481,12.4,2001,Asia,Diesel,Front-wheel drive,0,12.69751294
250,2,128,3124.731312,12,2005,USA,Gasoline,Front-wheel drive,0,14.02172173
150,2,97,2139.761759,14.7,2008,Asia,Diesel,Front-wheel drive,0,18.57365388
200,3,122,3245.64004,,2012,Europe,Diesel,Front-wheel drive,1,13.68188459
170,2,173,3306.952079,16.2,2007,Europe,Gasoline,All-wheel drive,-1,13.75983797
140,2,216,2641.867357,14.2,2010,Europe,Gasoline,Front-wheel drive,0,17.4447595
180,1,141,2253.782814,17.5,2002,USA,Gasoline,Front-wheel drive,-1,18.84742128
160,7,164,3676.743631,14.8,2008,Europe,Gasoline,Front-wheel drive,1,11.43524347
160,7,110,3018.795104,13.4,2002,Europe,Diesel,All-wheel drive,-1,14.15999552
280,6,172,2199.561544,14.7,2014,USA,Diesel,Front-wheel drive,-1,19.51386224
200,0,146,3308.399593,15.3,2014,USA,Gasoline,Front-wheel drive,,13.65517464
190,7,145,2562.978214,15,2009,Europe,Gasoline,Front-wheel drive,1,17.0270724
230,3,202,3303.000688,,2008,Europe,Diesel,Front-wheel drive,-1,13.61312692
180,7,195,3396.507881,15.6,2021,Europe,Gasoline,Front-wheel drive,0,13.98626016
240,5,135,2755.550954,13.7,2005,USA,Gasoline,Front-wheel drive,0,16.81417913
240,3,188,3484.471854,11.5,2006,USA,Diesel,Front-wheel drive,-2,13.56276901
180,8,121,3548.858783,16.2,2004,USA,Gasoline,Front-wheel drive,0,11.66775154
220,3,125,2380.081304,18.3,2012,Asia,Gasoline,All-wheel drive,0,17.38867309
190,3,213,2884.549601,9.9,2001,Europe,Diesel,All-wheel drive,-1,16.5231879
200,7,176,2753.88123,13.8,2003,Asia,Diesel,All-wheel drive,1,16.56078944
160,0,99,3150.387246,16.2,2011,USA,Gasoline,Front-wheel drive,0,13.22726234
200,4,190,2492.677479,15,2006,Asia,Gasoline,All-wheel drive,0,18.72195901
250,2,117,2993.211459,12.4,2000,Asia,Gasoline,All-wheel drive,0,14.52756546
200,3,197,2557.062736,18.3,2009,USA,Diesel,Front-wheel drive,1,17.44095873
210,0,138,2915.941801,,2005,Europe,Diesel,Front-wheel drive,1,14.71499601
200,4,212,3122.559107,14.3,2021,Asia,Diesel,Front-wheel drive,1,15.13042541
230,4,171,2963.116161,12.9,2012,Europe,Gasoline,All-wheel drive,-1,15.52562876
290,2,130,3209.568196,,2010,Europe,Gasoline,Front-wheel drive,-1,13.78413887
220,1,145,3047.477585,15.6,2023,USA,Gasoline,Front-wheel drive,0,14.8282033
160,4,153,2946.106791,15.2,2002,Europe,Diesel,All-wheel drive,3,14.67618807
200,4,204,3040.988168,14.6,2011,Europe,Gasoline,Front-wheel drive,-1,15.45429407
220,5,169,3032.41402,12.3,2019,USA,Diesel,All-wheel drive,-1,14.68296886
160,5,103,2263.995089,14.4,2015,Asia,Gasoline,All-wheel drive,,17.90290659
250,2,130,2351.433058,12.1,2005,Asia,Gasoline,All-wheel drive,0,18.50777117
230,2,146,2884.065587,17.5,2014,USA,Diesel,All-wheel drive,0,15.49069786
170,5,169,3017.724333,16.5,2022,USA,Diesel,All-wheel drive,0,15.23445686
140,3,142,3014.748446,13,2013,Europe,Diesel,All-wheel drive,-2,14.97830577
100,4,,2834.309166,15.2,2023,Europe,Diesel,Front-wheel drive,0,16.82069279
210,3,127,2556.877476,18.1,2010,Asia,Diesel,Front-wheel drive,0,16.2634688
190,3,114,2534.138642,9.6,2006,USA,Gasoline,Front-wheel drive,0,17.62030994
250,4,168,2428.658043,15.8,2011,USA,Gasoline,All-wheel drive,-1,17.96029094
180,3,164,3085.382631,18.1,2003,Europe,Gasoline,Front-wheel drive,-1,14.40635971
140,3,174,3033.788623,12.9,2012,Europe,Gasoline,All-wheel drive,,15.31493313
200,3,133,3025.422334,13.1,2008,Asia,Gasoline,All-wheel drive,1,14.62880378
110,6,101,3939.623822,15,2001,Europe,Gasoline,All-wheel drive,2,9.362306878
190,6,,3011.25605,15.6,2010,USA,Gasoline,All-wheel drive,0,14.15634947
200,5,194,2605.25804,17.2,2016,USA,Diesel,All-wheel drive,0,17.21730921
170,2,155,3845.672789,14.8,2010,Europe,Gasoline,All-wheel drive,-2,11.16052335
260,6,160,3045.792591,15.7,2001,Europe,Diesel,All-wheel drive,0,14.18259847
160,6,141,2373.135657,14.7,2012,Asia,Diesel,All-wheel drive,-1,17.53620827
190,3,131,2522.534722,12.6,2015,Asia,Diesel,All-wheel drive,-2,18.35357151
220,5,138,3589.141579,17.7,2009,USA,Gasoline,All-wheel drive,1,11.13906967
210,2,94,3093.972429,15.1,2010,Europe,Gasoline,Front-wheel drive,0,14.09872593
150,4,140,3407.133845,14,2013,Europe,Gasoline,Front-wheel drive,1,12.84284467
290,5,98,3491.883627,10.9,2020,Asia,Gasoline,Front-wheel drive,1,12.38695
210,2,116,3459.005846,9.8,2017,USA,Gasoline,All-wheel drive,-1,13.51368452
240,7,133,3587.154042,9.1,2023,USA,Diesel,All-wheel drive,0,12.3497141
180,4,117,3202.611336,14.5,2001,Asia,Diesel,Front-wheel drive,0,14.00741323
190,5,199,3860.336088,15.5,2022,Europe,Gasoline,All-wheel drive,-1,10.95944655
220,5,128,3144.325199,,2021,Europe,Diesel,Front-wheel drive,0,14.31626668
220,3,129,3440.090631,,2001,Europe,Diesel,All-wheel drive,1,11.96992813
230,4,131,3043.093482,18,2006,Asia,Gasoline,Front-wheel drive,3,14.68202164
200,4,162,3959.001709,16.1,2015,Asia,Diesel,All-wheel drive,0,10.16834679
190,3,117,3214.98378,17.4,2016,Asia,Gasoline,All-wheel drive,1,12.53497869
140,3,167,2927.091764,12.4,2023,USA,Diesel,All-wheel drive,0,16.17060099
160,2,166,2443.817921,,2000,Europe,Diesel,All-wheel drive,0,17.80007614
120,,106,2997.582454,16.3,2010,USA,Diesel,All-wheel drive,-1,13.92821651
200,2,159,3421.655973,19.4,2008,Europe,Diesel,Front-wheel drive,0,12.58756269
180,,138,3918.940766,14.5,2013,Europe,Gasoline,All-wheel drive,0,9.959046205
270,7,,2514.390465,20.2,2004,USA,Gasoline,All-wheel drive,-1,16.62496777
230,7,,2203.018019,13.3,2003,USA,Gasoline,Front-wheel drive,0,19.44221888
240,5,147,3207.217948,13.4,2004,Asia,Gasoline,Front-wheel drive,-1,14.24562739
140,5,145,2222.275509,,2009,USA,Gasoline,All-wheel drive,1,18.66713988
290,3,131,2651.329248,16.9,2009,Asia,Diesel,All-wheel drive,3,16.69401809
80,4,75,1603.257998,15.1,2017,USA,Diesel,Front-wheel drive,0,20.8674194
270,7,140,3036.588692,11.1,2020,Asia,Diesel,All-wheel drive,-1,15.27249507
140,3,200,3190.756414,11.9,2017,USA,Gasoline,All-wheel drive,0,15.6097198
200,3,140,3626.6328,13,2009,USA,Gasoline,All-wheel drive,2,11.90372395
210,5,201,2655.951979,13.9,2016,Asia,Gasoline,All-wheel drive,1,16.9735573
270,3,125,4233.04645,14,2015,Asia,Gasoline,All-wheel drive,1,8.971813074
180,4,110,2192.914811,10.5,2008,Europe,Gasoline,All-wheel drive,-1,19.38670598
180,7,191,2838.593886,12.5,2013,USA,Diesel,Front-wheel drive,-1,15.82377883
270,,172,3329.076451,11.2,2006,USA,Gasoline,All-wheel drive,,13.646726
180,4,138,2976.274848,16.9,2013,Europe,Gasoline,All-wheel drive,0,15.57700211
320,3,121,2533.143365,12.1,2017,USA,Diesel,Front-wheel drive,1,17.10007091
210,5,150,2366.649563,16.6,2023,USA,Gasoline,All-wheel drive,-1,17.9460462
190,3,108,2892.698819,17.9,2021,Asia,Gasoline,All-wheel drive,0,14.85104089
230,4,154,2377.612794,,2007,Europe,Gasoline,Front-wheel drive,0,17.93508952
200,3,133,2788.95887,17.6,2013,Europe,Diesel,All-wheel drive,0,15.51767071
200,4,175,2779.995753,11.6,2006,USA,Diesel,All-wheel drive,-1,17.02727262
300,,102,3679.017596,17,2011,Asia,Diesel,All-wheel drive,0,9.912304746
230,2,115,3033.946155,20.7,2013,Europe,Gasoline,All-wheel drive,1,13.88755306
200,6,104,2806.107725,16.5,2018,Asia,Diesel,All-wheel drive,0,15.21760635
300,7,110,2437.577174,11.5,2018,Europe,Gasoline,All-wheel drive,-1,17.53699064
200,3,,2600.845517,14.2,2000,Europe,Diesel,Front-wheel drive,-1,16.4394384
150,1,116,2215.644644,14,2002,Europe,Diesel,All-wheel drive,0,18.03777177
220,6,144,2495.33631,13.5,2001,USA,Diesel,All-wheel drive,-1,17.75144918
220,9,119,3482.979342,12,2021,Asia,Diesel,All-wheel drive,0,12.86216335
230,1,127,2251.591903,14.9,2001,USA,Diesel,Front-wheel drive,0,18.75683769
190,8,191,3439.057939,11.5,2022,USA,Diesel,Front-wheel drive,0,13.47933074
260,6,155,2787.299752,10.9,2009,Asia,Gasoline,Front-wheel drive,0,16.61339892
170,4,186,2894.302549,17.2,2008,USA,Diesel,All-wheel drive,1,15.69849794
150,3,136,3342.093866,17.3,2010,Europe,Gasoline,All-wheel drive,0,13.93188119
240,7,,3445.552166,14.6,2007,USA,Diesel,All-wheel drive,1,13.78406412
150,4,123,3534.158012,11.8,2014,USA,Gasoline,All-wheel drive,2,11.86578447
270,9,136,3919.577527,17.1,2017,Europe,Gasoline,Front-wheel drive,-1,9.837325227
170,4,145,2444.870077,14.3,2005,Europe,Gasoline,All-wheel drive,1,17.46728754
210,2,136,2623.278566,10.8,2015,Europe,Gasoline,Front-wheel drive,1,17.50351821
160,4,182,2565.191642,15.8,2021,Europe,Diesel,All-wheel drive,-1,17.370992
190,5,146,3155.750574,18.9,2010,Asia,Gasoline,Front-wheel drive,1,14.04954711
200,6,149,2415.325088,11,2012,Asia,Diesel,Front-wheel drive,-1,17.97249835
200,2,165,3747.056839,13,2020,Asia,Diesel,Front-wheel drive,-1,11.35587288
150,4,188,2560.7568,13.4,2021,USA,Diesel,All-wheel drive,-1,17.90440446
240,5,155,4302.040839,14.4,2014,Europe,Gasoline,All-wheel drive,1,9.041116819
180,7,168,2828.9707,16.1,2003,Europe,Gasoline,Front-wheel drive,-1,15.94454267
240,1,89,2479.943693,12.5,2014,Europe,Diesel,Front-wheel drive,0,17.52884914
130,2,,2904.096351,16.3,2011,Asia,Gasoline,All-wheel drive,0,15.26676767
230,5,189,2607.422125,,2016,Europe,Gasoline,All-wheel drive,1,17.21813347
130,2,138,2976.160623,16,2011,Asia,Diesel,Front-wheel drive,0,15.36506931
270,8,143,2900.324085,11.8,2021,Asia,Diesel,Front-wheel drive,1,15.0156069
150,5,85,3019.574438,9.2,2008,USA,Gasoline,Front-wheel drive,-1,14.96692627
250,4,140,3216.474302,16,2006,Asia,Gasoline,Front-wheel drive,-2,12.96373496
240,6,209,3154.415305,14.7,2002,Asia,Diesel,All-wheel drive,1,14.49521078
180,4,152,2802.693948,13.1,2009,USA,Diesel,Front-wheel drive,1,15.73851162
250,1,115,3164.689799,,2020,Asia,Diesel,All-wheel drive,0,14.19680763
160,3,175,2854.106715,13.4,2015,Asia,Gasoline,Front-wheel drive,-1,16.0002621
180,4,106,3412.64311,10.7,2016,USA,Diesel,Front-wheel drive,0,12.85231324
200,3,197,2849.746973,13.2,2009,Asia,Diesel,All-wheel drive,0,16.46928594
60,3,162,2827.603275,15.1,2006,Asia,Gasoline,Front-wheel drive,-1,15.45081192
150,1,165,2804.062036,16.4,2015,Europe,Gasoline,Front-wheel drive,0,15.8082479
270,7,100,4243.16846,11.7,2006,Asia,Gasoline,Front-wheel drive,1,8.428685424
220,4,133,2793.38883,11.6,2001,Europe,Gasoline,Front-wheel drive,0,15.80134012
260,7,161,2516.624129,,2004,Asia,Diesel,Front-wheel drive,-1,17.5469875
240,1,157,2989.473193,14.8,2020,Europe,Gasoline,Front-wheel drive,0,15.83499002
230,6,169,2680.198621,13.3,2004,Europe,Gasoline,All-wheel drive,1,16.20650533
210,7,,3293.240528,15.8,2007,USA,Diesel,Front-wheel drive,0,12.60086114
200,7,100,2937.602905,11.9,2005,USA,Gasoline,All-wheel drive,-1,15.11862607
210,2,147,2974.711183,18.3,2010,USA,Diesel,Front-wheel drive,0,15.20941723
190,3,177,3122.995222,15.2,2017,Asia,Diesel,All-wheel drive,1,15.09275249
180,2,139,2597.578405,12.3,2011,Europe,Diesel,Front-wheel drive,0,17.59569786
210,5,126,3501.805243,10.7,2017,Asia,Diesel,All-wheel drive,1,13.4383664
290,2,76,3247.8499,13.4,2014,USA,Diesel,Front-wheel drive,-2,12.43588638
240,4,134,2695.564433,16.3,2002,Asia,Diesel,Front-wheel drive,0,16.61248984
250,7,92,3327.005257,12.2,2004,USA,Gasoline,All-wheel drive,-1,12.97039919
200,3,111,2225.54017,16.4,2023,Europe,Diesel,All-wheel drive,1,18.33519296
200,9,127,3259.039817,18.9,2002,Asia,Diesel,All-wheel drive,1,12.92114327
170,4,160,2624.567417,12.5,2005,Europe,Diesel,Front-wheel drive,-1,16.78400103
120,1,,3083.804707,13.9,2019,Europe,Gasoline,Front-wheel drive,0,14.71934623
200,4,,2819.160948,8.1,2009,USA,Gasoline,Front-wheel drive,-1,17.42431103
290,4,114,3388.295835,12.2,2010,Europe,Diesel,Front-wheel drive,-1,13.0500652
180,4,115,3690.58851,14.9,2017,USA,Gasoline,All-wheel drive,-1,11.51971344
250,7,147,2635.615914,20.3,2014,USA,Diesel,Front-wheel drive,-1,16.06714689
130,6,195,2743.989222,15.7,2002,Asia,Diesel,All-wheel drive,1,17.19413364
200,,172,3385.344807,17.4,2020,USA,Diesel,Front-wheel drive,0,12.1612817
250,7,191,2505.319098,12.3,2020,Europe,Gasoline,Front-wheel drive,-2,17.64245778
210,4,170,2929.188985,14.6,2002,Europe,Gasoline,Front-wheel drive,0,15.53849109
130,6,99,3024.614161,14.1,2002,Asia,Gasoline,All-wheel drive,0,13.81799332
110,3,156,2265.227967,12.1,2013,Asia,Diesel,Front-wheel drive,1,19.2607777
190,8,140,2811.941272,11.7,2017,Europe,Gasoline,All-wheel drive,0,15.86773692
130,2,88,2340.976394,14,2008,USA,Gasoline,All-wheel drive,0,18.11189753
190,3,168,2577.990808,,2001,USA,Gasoline,All-wheel drive,0,17.22199076
160,4,158,3159.997795,16.3,2006,USA,Diesel,Front-wheel drive,1,13.79970108
220,7,144,2971.404274,16,2017,Asia,Diesel,All-wheel drive,-1,14.54061444
200,3,178,3126.336794,13.5,2001,Asia,Gasoline,Front-wheel drive,0,14.95398004
250,3,141,3181.764917,14,2023,Europe,Gasoline,Front-wheel drive,-3,14.20650754
200,4,154,2651.967629,14.7,2023,USA,Gasoline,Front-wheel drive,1,17.37294055
120,6,127,2432.549464,16.2,2015,Europe,Gasoline,Front-wheel drive,1,17.34270604
150,6,159,3222.617465,12.9,2013,Asia,Gasoline,All-wheel drive,1,13.75621746
240,1,151,3039.73846,13,2021,USA,Gasoline,Front-wheel drive,0,15.30044326
210,3,171,3565.470412,17.4,2007,Asia,Diesel,Front-wheel drive,0,12.53430456
190,4,205,3550.209936,15.2,2011,USA,Diesel,All-wheel drive,-1,12.75403627
180,,135,3084.271743,14.6,2019,Europe,Gasoline,All-wheel drive,-1,14.1184375
180,2,153,3119.084594,14.8,2011,Asia,Diesel,All-wheel drive,-1,14.28137923
210,5,170,3274.973061,21.9,2014,USA,Gasoline,Front-wheel drive,1,13.54913109
220,8,171,2997.123531,9.1,2019,Asia,Gasoline,All-wheel drive,1,15.74264782
210,3,,3467.144502,13.8,2020,Europe,Gasoline,Front-wheel drive,0,12.40983167
230,8,117,3287.796326,17.2,2014,Europe,Diesel,Front-wheel drive,-1,12.88064824
100,4,143,3050.244674,18.7,2007,Europe,Diesel,Front-wheel drive,0,13.6526466
160,7,137,3042.728848,16.5,2016,USA,Diesel,All-wheel drive,1,14.47887438
230,0,117,3271.193316,16.3,2005,Europe,Diesel,All-wheel drive,1,12.51858908
110,4,172,2321.938562,17.2,2003,USA,Gasoline,Front-wheel drive,0,17.9140959
230,4,164,2495.811261,15.9,2014,USA,Diesel,Front-wheel drive,-1,16.74332705
200,4,,2619.89661,15.5,2017,Asia,Gasoline,All-wheel drive,-1,17.54396526
250,7,109,3175.481861,15.7,2018,Europe,Gasoline,Front-wheel drive,0,13.63099541
190,5,,2670.474134,11.6,2012,Asia,Gasoline,Front-wheel drive,,17.10095234
260,3,134,3598.979935,19.3,2006,Europe,Diesel,All-wheel drive,2,11.95184016
100,4,101,3237.249567,17.8,2022,Europe,Gasoline,Front-wheel drive,-1,13.69207094
160,1,93,3287.746272,8.8,2009,Europe,Gasoline,All-wheel drive,0,13.68187343
110,4,146,2906.19511,11.8,2016,Asia,Gasoline,All-wheel drive,1,15.97186612
200,0,137,3080.42859,21.2,2008,Asia,Gasoline,Front-wheel drive,0,14.271929
290,1,137,2917.529388,17.3,2007,USA,Gasoline,Front-wheel drive,,14.86259015
210,3,123,2783.509238,13.6,2020,Europe,Diesel,Front-wheel drive,0,15.53635031
170,4,159,3833.088826,15.1,2007,Europe,Diesel,All-wheel drive,1,10.91040072
210,1,155,2316.439856,13.7,2019,Europe,Diesel,Front-wheel drive,1,18.76623444
230,3,160,3785.571636,15,2012,Europe,Gasoline,Front-wheel drive,-1,11.26487208
210,4,117,1975.760821,,2018,Asia,Diesel,Front-wheel drive,0,20.72402242
200,3,160,3932.012261,14.9,2014,Asia,Diesel,All-wheel drive,-2,9.685020049
150,0,154,2569.945771,14.3,2001,USA,Diesel,Front-wheel drive,1,16.96710258
190,3,184,2959.838766,16.6,2009,Europe,Gasoline,Front-wheel drive,0,15.13325171
230,3,142,3505.46858,15.2,2022,Europe,Gasoline,All-wheel drive,0,12.89433922
150,6,168,3377.809198,12.2,2020,Asia,Gasoline,All-wheel drive,-2,13.42722117
250,,212,3328.940384,15.3,2016,USA,Gasoline,All-wheel drive,0,13.82691188
190,4,129,2719.763993,18.6,2008,Asia,Gasoline,All-wheel drive,-2,15.43122854
190,2,114,3510.056605,13.7,2017,Asia,Diesel,Front-wheel drive,1,12.34035109
100,3,127,2966.576541,11.8,2010,USA,Diesel,All-wheel drive,-1,14.7288238
210,3,187,2706.573671,16,2001,USA,Diesel,All-wheel drive,0,16.59871929
230,5,183,4091.62806,13.2,2010,Asia,Diesel,All-wheel drive,-2,9.680105128
230,3,166,2873.452735,17.1,2011,USA,Diesel,Front-wheel drive,-1,15.60374013
210,4,176,3019.466443,14.5,2004,USA,Gasoline,All-wheel drive,0,14.97230982
120,4,190,3184.016715,14.8,2006,USA,Diesel,Front-wheel drive,0,14.63712978
170,10,139,1491.755825,13,2005,Asia,Diesel,Front-wheel drive,0,23.03367322
240,4,127,4135.200382,11.9,2016,Asia,Diesel,All-wheel drive,1,9.031882373
110,3,175,2832.888748,11.1,2013,USA,Gasoline,All-wheel drive,0,16.48631177
240,3,208,2398.018182,12.6,2001,Asia,Gasoline,All-wheel drive,2,19.10519439
220,,198,3118.573571,13.6,2010,Asia,Gasoline,All-wheel drive,-1,15.01219495
190,4,223,3043.595784,15.9,2002,Asia,Gasoline,All-wheel drive,0,14.84280453
300,2,190,2469.831568,14.6,2015,Asia,Diesel,All-wheel drive,0,18.31274169
220,6,151,2546.16631,17.2,2007,Europe,Diesel,All-wheel drive,1,17.10007277
250,2,132,2831.741863,17.3,2005,USA,Diesel,Front-wheel drive,-2,15.20515435
300,4,124,3391.31732,14.3,2012,Asia,Gasoline,Front-wheel drive,0,12.63120405
290,3,193,2434.133851,14.9,2017,Asia,Gasoline,All-wheel drive,0,18.41054113
200,,,3847.042219,17.4,2014,USA,Gasoline,Front-wheel drive,-1,9.564393166
200,7,,2094.889443,10.7,2007,USA,Diesel,All-wheel drive,,20.49177781
180,3,135,4036.774445,14.1,2005,Asia,Gasoline,Front-wheel drive,1,9.86435235
230,4,136,2746.114799,13.7,2017,USA,Diesel,All-wheel drive,1,16.46564075
160,,142,3256.109885,11.6,2017,USA,Gasoline,Front-wheel drive,1,14.19552553
130,5,132,3004.475725,18.7,2016,USA,Diesel,Front-wheel drive,0,14.49829367
230,7,173,2217.678935,16.2,2007,USA,Diesel,Front-wheel drive,-1,18.91848109
230,2,191,3572.299408,13.3,2009,Europe,Gasoline,All-wheel drive,2,12.46023458
150,2,214,3244.016257,18.7,2003,Asia,Gasoline,Front-wheel drive,1,14.12682184
170,2,104,3658.729114,14.6,2011,USA,Gasoline,All-wheel drive,0,11.65365068
210,3,144,2007.295032,13.2,2018,Europe,Gasoline,Front-wheel drive,-1,19.56482118
230,5,167,3204.388711,15.2,2002,Europe,Diesel,All-wheel drive,-1,14.12034377
170,7,109,4126.979051,14.6,2016,Asia,Diesel,Front-wheel drive,0,9.080170246
190,6,,1667.097298,16.5,2020,USA,Gasoline,Front-wheel drive,0,21.11410667
210,4,136,3001.22749,14.9,2004,Europe,Diesel,Front-wheel drive,,14.27237387
290,5,142,3190.590332,16.1,2010,Europe,Diesel,All-wheel drive,-1,14.56288879
240,5,120,3518.444921,14.4,2008,Asia,Diesel,Front-wheel drive,1,11.87265819
220,5,141,1909.631801,16.8,2015,Europe,Diesel,Front-wheel drive,-1,19.73139131
170,,114,3825.442821,14.5,2009,Europe,Gasoline,Front-wheel drive,-1,10.34481487
180,5,156,3113.676473,14.5,2012,Asia,Diesel,All-wheel drive,-1,14.37448168
180,3,,3468.778469,,2011,USA,Diesel,Front-wheel drive,-1,11.57304356
270,3,123,2517.216164,16.2,2018,USA,Gasoline,All-wheel drive,-1,17.04057117
210,1,160,2668.61334,18.1,2020,Europe,Gasoline,All-wheel drive,3,16.15434094
240,6,164,2190.115214,19.3,2018,Asia,Diesel,All-wheel drive,1,19.12703418
220,,80,2290.844875,17.5,2012,Asia,Gasoline,Front-wheel drive,0,17.64542489
380,6,134,1904.966269,16.4,2022,Europe,Gasoline,All-wheel drive,1,20.2590489
290,5,215,2326.451106,18,2021,USA,Gasoline,Front-wheel drive,0,18.81989373
250,8,150,2899.395013,18.8,2013,USA,Diesel,All-wheel drive,0,14.9950241
150,2,105,3177.588267,14.7,2021,Asia,Diesel,Front-wheel drive,0,13.9335925
300,4,121,3263.630535,16.4,2008,USA,Gasoline,All-wheel drive,-1,13.95877905
260,5,168,3546.828106,15,2007,USA,Gasoline,Front-wheel drive,0,11.81185237
220,,156,2919.707944,,2023,Europe,Diesel,All-wheel drive,2,15.67141382
130,5,139,4120.593042,18.7,2009,Asia,Diesel,Front-wheel drive,1,8.880717805
280,5,157,2238.827306,15.9,2020,USA,Diesel,Front-wheel drive,0,18.33288536
190,6,195,3227.986103,,2006,USA,Gasoline,Front-wheel drive,1,14.43378765
230,,152,3537.554652,13,2011,Europe,Diesel,Front-wheel drive,-2,12.76711041
170,3,169,2581.303281,8.1,2008,Europe,Diesel,Front-wheel drive,2,18.09515915
210,6,135,3166.572218,13.1,2013,Europe,Diesel,All-wheel drive,1,14.09167716
280,7,150,1764.759536,18.6,2004,Europe,Gasoline,Front-wheel drive,-1,20.43659951
270,5,162,2867.17214,12.2,2005,Asia,Diesel,All-wheel drive,-1,16.36551601
240,4,150,2828.292882,13.2,2017,USA,Gasoline,Front-wheel drive,0,16.25916676
240,4,169,1937.999174,,2009,USA,Gasoline,Front-wheel drive,-2,21.35530697
270,3,165,3280.063272,14.2,2010,Asia,Diesel,All-wheel drive,0,13.81437175
180,0,154,3660.762859,15.1,2019,Asia,Diesel,All-wheel drive,-1,11.6519977
220,1,107,2841.637418,16.3,2009,Europe,Gasoline,All-wheel drive,-1,14.49129841
110,1,,2821.185176,13,2005,USA,Gasoline,All-wheel drive,0,16.42428255
230,4,,2018.028425,14.1,2013,Asia,Gasoline,Front-wheel drive,0,20.18667181
60,8,165,3974.691562,18.9,2010,Europe,Gasoline,Front-wheel drive,0,9.79498476
280,3,140,2702.187617,13.2,2014,Europe,Gasoline,Front-wheel drive,1,16.84181584
60,6,127,2218.331425,18.6,2003,USA,Diesel,Front-wheel drive,0,18.22209849
240,3,151,1842.980521,13.4,2023,Europe,Gasoline,Front-wheel drive,-1,21.1261195
210,5,143,3154.293508,15.4,2007,USA,Gasoline,Front-wheel drive,-2,14.26071759
290,2,205,3403.401496,15.9,2019,USA,Gasoline,Front-wheel drive,1,13.86860675
120,4,179,1953.477857,15.9,2001,Europe,Diesel,Front-wheel drive,1,20.445731
250,3,127,3277.291712,14.3,2019,USA,Gasoline,All-wheel drive,-1,13.38743916
250,4,,2509.250325,11.8,2004,USA,Gasoline,Front-wheel drive,1,17.83829394
240,1,142,2838.001623,,2004,Asia,Gasoline,All-wheel drive,1,15.46712252
160,1,161,2968.494153,21.1,2021,Europe,Diesel,All-wheel drive,0,14.58124219
200,5,145,2160.97994,14.5,2013,USA,Gasoline,All-wheel drive,0,19.60366768
250,6,176,2504.396283,12.8,2014,Europe,Diesel,Front-wheel drive,-1,18.11038405
190,1,189,2860.091627,14.4,2003,Europe,Gasoline,All-wheel drive,-1,16.17510793
160,4,216,2797.276246,13.2,2022,Europe,Gasoline,Front-wheel drive,0,16.52809469
240,10,178,3098.300389,17.3,2002,Europe,Diesel,Front-wheel drive,1,14.3771208
170,2,129,3749.153246,15.5,2013,Asia,Gasoline,Front-wheel drive,-1,11.43317303
230,2,172,3729.523996,19,2004,Europe,Diesel,All-wheel drive,-1,11.78935534
200,4,137,2962.081748,12.1,2006,USA,Gasoline,Front-wheel drive,0,15.14001187
180,5,106,3096.790506,13.8,2003,Europe,Diesel,All-wheel drive,0,14.03140008
160,6,,3462.481118,14.3,2002,Europe,Diesel,All-wheel drive,0,13.10427624
200,4,183,2051.919463,18.6,2014,Asia,Diesel,Front-wheel drive,0,20.46991137
200,4,164,3064.54305,8.6,2022,Asia,Gasoline,Front-wheel drive,-2,15.4134485
280,1,167,2549.583437,13,2004,USA,Diesel,Front-wheel drive,-1,16.67691588
190,3,185,2504.947244,13.2,2015,Europe,Gasoline,Front-wheel drive,0,18.07276609
190,5,158,2836.892908,11.6,2018,Asia,Diesel,All-wheel drive,0,16.35431176
210,2,161,3196.55673,15.3,2018,Europe,Diesel,All-wheel drive,-1,14.09618249
150,4,144,1917.68099,17.9,2000,Europe,Gasoline,All-wheel drive,-1,19.54110148
170,6,153,2110.231077,14.6,2011,USA,Gasoline,All-wheel drive,0,19.86318861
130,5,136,2236.34557,19.5,2022,Asia,Gasoline,Front-wheel drive,0,17.97489377
220,2,143,3269.013674,14.6,2020,Europe,Diesel,Front-wheel drive,-1,13.53791784
190,8,189,2152.352018,15.9,2018,Europe,Diesel,Front-wheel drive,-1,20.0096366
140,5,191,3193.117972,15.2,2014,Asia,Diesel,Front-wheel drive,1,14.79243584
190,4,150,2535.355046,14.8,2003,USA,Gasoline,Front-wheel drive,-1,16.90898324
150,2,180,3485.522168,,2001,USA,Gasoline,Front-wheel drive,1,13.16597979
200,3,153,3195.61064,16.9,2003,USA,Gasoline,All-wheel drive,0,13.0575517
210,3,152,2257.450656,,2016,Asia,Diesel,All-wheel drive,1,18.95583102
200,3,198,2583.758376,15.9,2004,Europe,Diesel,All-wheel drive,0,17.98343103
80,,127,1827.320897,13.5,2020,Europe,Gasoline,All-wheel drive,-2,20.65685245
180,6,199,3489.290878,11.8,2005,Asia,Diesel,Front-wheel drive,1,13.47259088
250,5,179,2762.83355,12.7,2010,Europe,Diesel,All-wheel drive,1,15.99089173
220,,111,2930.598792,17.4,2010,Asia,Gasoline,All-wheel drive,0,14.46983234
90,7,179,2338.837056,,2020,Asia,Diesel,Front-wheel drive,0,18.29048294
210,4,125,3453.396752,8.3,2014,Europe,Diesel,All-wheel drive,1,13.54188561
130,4,185,2607.954355,,2006,Asia,Diesel,Front-wheel drive,1,17.64461366
200,3,131,2172.568886,15.2,2016,Europe,Gasoline,Front-wheel drive,1,18.89052212
240,4,164,2945.875264,13.5,2015,USA,Diesel,Front-wheel drive,,14.6139688
180,9,109,2260.737408,14.6,2013,Europe,Gasoline,All-wheel drive,0,18.39009244
160,2,156,2879.408661,15.7,2008,USA,Gasoline,Front-wheel drive,-1,15.87942306
250,5,101,3224.533548,13.4,2010,Europe,Gasoline,All-wheel drive,1,13.70874748
160,3,192,2356.250066,18.1,2012,Asia,Diesel,Front-wheel drive,0,18.19944162
220,3,184,2836.845602,16.5,2018,Europe,Diesel,Front-wheel drive,0,15.80367699
260,1,133,3313.769899,16.9,2011,Europe,Gasoline,Front-wheel drive,-3,13.33600569
210,6,156,2876.946317,15.5,2012,Asia,Gasoline,All-wheel drive,0,15.42959198
210,1,186,2795.578722,15.6,2005,Asia,Gasoline,Front-wheel drive,1,16.45864779
250,5,189,3642.298871,15.2,2012,Europe,Gasoline,All-wheel drive,1,11.07398365
220,3,136,2581.318995,15.6,2019,Europe,Gasoline,All-wheel drive,-1,17.03465026
150,2,173,2924.177654,17.9,2018,Europe,Gasoline,All-wheel drive,-1,15.4390304
240,9,207,3169.404454,14.5,2005,Asia,Gasoline,Front-wheel drive,-1,14.60094105
220,5,186,2912.167632,15.5,2012,Europe,Diesel,Front-wheel drive,2,15.73690906
140,3,181,3143.400277,11.9,2023,Europe,Gasoline,All-wheel drive,-2,14.8154525
200,5,149,3453.462761,13.4,2021,Asia,Gasoline,All-wheel drive,0,13.48842052
100,,129,2939.93116,15.7,2019,Asia,Diesel,All-wheel drive,-1,15.132401
250,3,141,2710.4898,14.4,2001,USA,Gasoline,Front-wheel drive,-2,16.05525764
160,2,134,3537.274921,14.7,2003,Asia,Gasoline,All-wheel drive,0,11.54970369
150,5,136,3048.222906,,2019,USA,Diesel,All-wheel drive,1,14.66020564
240,3,132,3148.142537,14.3,2015,Europe,Diesel,All-wheel drive,0,13.85937718
280,3,154,3362.776497,11.5,2003,Asia,Diesel,Front-wheel drive,1,12.89007782
200,1,138,3199.929094,,2004,USA,Gasoline,All-wheel drive,,13.6952858
250,5,128,3095.317067,15.8,2010,Asia,Gasoline,All-wheel drive,2,14.12404372
170,4,174,2894.068758,,2020,Europe,Diesel,Front-wheel drive,0,16.02414643
210,4,110,1760.951827,15.5,2018,USA,Diesel,All-wheel drive,-3,20.93342898
220,3,142,2581.670684,18.6,2009,Asia,Gasoline,All-wheel drive,-1,16.29199829
220,4,126,3466.780546,13.2,2002,USA,Diesel,Front-wheel drive,0,12.72595388
160,2,101,3337.099611,14.6,2006,Europe,Gasoline,Front-wheel drive,-1,12.83698728
190,9,163,3669.465261,18.2,2022,USA,Gasoline,Front-wheel drive,1,11.50245037
160,6,,3110.615052,16.8,2020,Asia,Gasoline,All-wheel drive,1,14.42324379
240,4,164,2373.106713,13.4,2010,Europe,Diesel,Front-wheel drive,0,18.40198549
160,7,172,2726.675371,18.9,2014,Europe,Gasoline,All-wheel drive,-1,16.45886932
270,,176,2510.034993,17.4,2005,USA,Diesel,Front-wheel drive,-1,17.98796423
250,1,127,3088.834232,,2006,USA,Diesel,All-wheel drive,-2,13.62328992
250,8,169,2534.898827,15.9,2007,USA,Diesel,Front-wheel drive,-2,17.06781964
170,5,183,2390.448875,17,2021,Europe,Gasoline,All-wheel drive,1,18.19814761
170,4,183,3503.334023,13.7,2015,Europe,Gasoline,All-wheel drive,-1,12.46408505
200,1,198,2091.288859,,2020,Europe,Diesel,Front-wheel drive,-1,20.63681588
140,3,162,2675.850434,22.9,2006,USA,Diesel,All-wheel drive,-1,16.20389619
270,3,198,2416.721914,14.1,2019,Asia,Diesel,Front-wheel drive,0,19.23610738
150,5,99,2898.841147,13.7,2013,USA,Diesel,All-wheel drive,-1,15.26929184
100,3,122,3436.834425,17.9,2016,Asia,Gasoline,Front-wheel drive,0,12.48477955
170,2,172,2829.081146,13.7,2001,Europe,Gasoline,Front-wheel drive,0,15.92754856
260,6,149,3415.585027,11.5,2004,Europe,Gasoline,All-wheel drive,-1,13.32690005
140,5,166,2683.147833,12.7,2008,USA,Diesel,All-wheel drive,0,17.11926051
170,5,157,3437.440034,19.9,2022,Europe,Diesel,All-wheel drive,0,11.9946841
240,6,176,3291.341906,17.4,2023,USA,Gasoline,Front-wheel drive,1,13.60497752
140,5,140,2444.05965,14.3,2003,Europe,Diesel,All-wheel drive,0,17.5429765
300,4,98,2366.046477,15.9,2017,Europe,Gasoline,Front-wheel drive,-1,18.34938147
210,4,200,3016.684376,11.5,2020,Asia,Gasoline,All-wheel drive,-2,15.76138809
230,6,122,2882.072454,16,2016,Europe,Diesel,Front-wheel drive,-1,15.38740433
130,3,133,2407.472706,15.3,2018,Asia,Diesel,Front-wheel drive,-1,17.06822763
230,1,171,2632.391789,14,2018,Asia,Gasoline,All-wheel drive,-1,16.57454093
110,7,125,3688.12516,11.5,2022,Asia,Gasoline,All-wheel drive,1,11.62586099
160,3,192,2982.11035,18.3,2021,Asia,Gasoline,Front-wheel drive,-2,15.24877167
250,5,,3135.107345,15.5,2001,Asia,Gasoline,Front-wheel drive,0,14.83820353
140,4,161,3239.540374,14.9,2017,Europe,Gasoline,All-wheel drive,0,14.23584131
220,3,107,3165.145059,16.1,2001,USA,Gasoline,Front-wheel drive,,13.33455289
140,5,138,3187.914849,16.5,2019,Europe,Gasoline,Front-wheel drive,0,13.1169715
210,5,142,2659.961466,14.8,2008,USA,Gasoline,Front-wheel drive,0,16.10292367
180,1,169,2817.294773,14.8,2002,Asia,Gasoline,All-wheel drive,0,15.42752154
230,3,157,2051.72743,15.4,2000,Europe,Gasoline,Front-wheel drive,1,19.61006992
220,4,140,2976.929131,15.6,2022,Asia,Gasoline,Front-wheel drive,0,15.10722014
190,2,170,2643.802026,17.1,2019,USA,Gasoline,Front-wheel drive,-1,16.61700069
200,4,124,2846.585954,12.1,2002,Asia,Gasoline,Front-wheel drive,0,15.9662064
240,6,106,2799.164312,16.3,2003,Asia,Gasoline,Front-wheel drive,1,15.83493813
160,5,147,2903.937583,11,2019,Europe,Gasoline,All-wheel drive,1,15.56094251
250,1,172,3031.039071,15.9,2011,USA,Diesel,All-wheel drive,1,15.02798397
160,4,134,3061.992553,8.9,2019,Asia,Diesel,Front-wheel drive,1,15.5431645
160,8,196,3754.251437,,2013,Asia,Diesel,All-wheel drive,-1,11.51065846
250,2,146,2208.590055,14.2,2016,Europe,Gasoline,Front-wheel drive,-1,18.7836468
200,4,194,3570.087135,15.8,2011,Europe,Diesel,Front-wheel drive,1,12.10174261
200,4,117,3105.86817,15.9,2007,Europe,Gasoline,Front-wheel drive,0,14.66270251
240,2,109,3252.183633,14.4,2017,Europe,Diesel,All-wheel drive,,13.43523328
150,2,,3297.264228,16.4,2012,USA,Diesel,All-wheel drive,0,13.33150332
200,7,152,2584.454656,18.4,2020,Europe,Gasoline,Front-wheel drive,-1,16.39279489
90,11,144,2503.303379,,2008,Asia,Diesel,Front-wheel drive,-1,17.5131218
140,4,133,3109.432973,17.9,2004,Europe,Diesel,All-wheel drive,-1,13.85076561
210,3,133,2436.41759,13.3,2015,Asia,Gasoline,All-wheel drive,1,17.58912317
110,2,123,2836.284249,17,2012,Asia,Diesel,Front-wheel drive,-1,14.71112859
220,,,2691.407761,14.9,2002,USA,Gasoline,Front-wheel drive,-1,16.86604983
240,4,105,3689.197183,14.4,2007,Asia,Diesel,Front-wheel drive,0,11.51220819
150,3,185,3334.082926,15.5,2008,USA,Diesel,Front-wheel drive,1,13.83729432
170,5,128,1853.371644,14.9,2016,Asia,Diesel,All-wheel drive,2,19.99645998
290,2,151,2380.223468,14.7,2019,USA,Diesel,Front-wheel drive,-1,17.87356112
250,2,170,3067.424083,15.5,2018,Europe,Diesel,Front-wheel drive,-1,14.89070919
220,1,160,2957.711391,18.9,2023,Europe,Diesel,Front-wheel drive,-1,14.94432882
160,5,138,3607.148798,16,2007,USA,Gasoline,Front-wheel drive,0,11.38931971
130,4,155,3015.706934,13.6,2013,USA,Gasoline,All-wheel drive,-1,15.5693434
220,3,104,2948.695252,13.1,2009,USA,Diesel,All-wheel drive,1,15.33064688
240,,240,3361.247271,14.3,2017,Asia,Diesel,Front-wheel drive,0,15.02263433
200,4,124,2829.538458,22.3,2011,USA,Gasoline,All-wheel drive,-1,14.76558999
190,0,196,1659.555543,13.7,2011,USA,Gasoline,Front-wheel drive,0,21.96129244
200,7,145,2877.735915,12.7,2021,Europe,Diesel,All-wheel drive,1,16.3252042
220,4,144,4527.955273,21.9,2023,Europe,Gasoline,All-wheel drive,-1,6.762991488
220,5,117,2636.841361,14.2,2005,USA,Gasoline,Front-wheel drive,0,17.41545622
210,3,162,2903.161052,17.1,2015,USA,Diesel,Front-wheel drive,-1,15.29136203
180,1,131,3202.629853,11.6,2019,USA,Gasoline,Front-wheel drive,-2,13.7524952
190,4,134,2391.730025,10.8,2008,Europe,Diesel,Front-wheel drive,0,18.48165604
100,4,,2548.082442,19.4,2015,USA,Diesel,Front-wheel drive,0,17.1350941
190,1,129,2753.989426,13.3,2017,USA,Diesel,All-wheel drive,0,16.06236787
170,4,132,2441.04677,13,2017,Asia,Gasoline,Front-wheel drive,-2,17.47360925
190,2,101,2522.100676,14.6,2005,USA,Gasoline,Front-wheel drive,-1,16.45257288
180,3,170,3390.602319,15.8,2015,Europe,Gasoline,All-wheel drive,2,12.70108794
150,3,135,3730.163556,14.3,2010,Europe,Gasoline,All-wheel drive,-2,10.96225616
240,1,,3840.03664,16.9,2008,Europe,Diesel,Front-wheel drive,-1,10.45996806
250,1,119,3035.630117,17.2,2017,Asia,Gasoline,Front-wheel drive,1,14.0891704
280,2,194,2956.037984,17.7,2009,USA,Diesel,All-wheel drive,-1,15.54436141
330,5,172,4047.625102,15.2,2021,Asia,Gasoline,All-wheel drive,1,10.34389455
110,3,170,2737.297645,12.1,2009,Asia,Gasoline,Front-wheel drive,1,17.11729217
240,1,103,3473.136213,17.2,2007,Europe,Gasoline,All-wheel drive,1,12.32404876
210,3,207,3449.877868,11.2,2014,Europe,Diesel,All-wheel drive,1,13.22328767
150,2,91,3849.500854,19.5,2000,Asia,Gasoline,Front-wheel drive,-1,9.860407394
230,3,167,3246.885147,14.1,2001,Europe,Diesel,All-wheel drive,-1,13.99681767
220,5,171,2442.212491,12.6,2001,Europe,Diesel,All-wheel drive,-1,18.54563067
180,1,203,3040.326523,12.7,2018,Asia,Gasoline,Front-wheel drive,-1,15.60429544
130,6,129,2997.638983,,2009,USA,Gasoline,Front-wheel drive,-1,14.20998775
180,2,,2988.574597,12.9,2005,Asia,Gasoline,Front-wheel drive,0,15.18245214
260,5,191,2850.048535,13.9,2014,Europe,Diesel,Front-wheel drive,-1,15.91492916
200,7,152,3522.644584,13.9,2015,USA,Gasoline,Front-wheel drive,0,12.38672889
190,8,115,3243.06979,16.4,2011,Europe,Diesel,Front-wheel drive,-2,13.59634679
120,4,148,3042.626212,10.3,2011,Asia,Gasoline,All-wheel drive,1,15.0004705
190,4,199,3302.587832,14.5,2008,Asia,Gasoline,All-wheel drive,-2,13.79708104
220,3,191,2831.674221,11.3,2011,USA,Gasoline,Front-wheel drive,3,16.7296569
200,,138,3685.446591,9.6,2001,Asia,Gasoline,All-wheel drive,0,12.21363758
240,6,147,3274.14577,15.6,2011,Asia,Gasoline,All-wheel drive,-1,14.24105693
200,2,195,2792.48758,17.3,2006,Asia,Gasoline,Front-wheel drive,0,16.44000442
210,3,178,3209.529292,12.5,2018,Asia,Gasoline,All-wheel drive,0,14.660614
220,3,146,3147.881669,15.2,2002,Asia,Diesel,Front-wheel drive,1,14.07164233
220,3,138,2958.200117,13.2,2014,Asia,Diesel,Front-wheel drive,0,15.68433297
160,6,125,2817.398092,11.3,2001,Asia,Gasoline,All-wheel drive,0,15.4910709
110,5,184,3212.355653,15.6,2014,Europe,Gasoline,All-wheel drive,2,15.12517807
190,7,159,3483.98449,18.1,2012,Europe,Diesel,Front-wheel drive,1,12.81800797
210,6,159,2980.692443,15.9,2018,Europe,Gasoline,Front-wheel drive,1,15.02238954
220,,179,3700.294325,14.7,2004,Europe,Diesel,Front-wheel drive,0,12.03561329
140,2,142,2809.948776,15,2006,Europe,Gasoline,Front-wheel drive,-1,15.89212579
140,4,156,3883.217156,12.8,2012,Asia,Gasoline,All-wheel drive,-1,10.58363553
90,6,141,2285.670811,9.5,2006,Europe,Diesel,Front-wheel drive,0,19.16017679
260,5,146,2838.510967,12.4,2008,Europe,Gasoline,All-wheel drive,-1,16.09328461
140,4,153,3427.417295,15.6,2021,USA,Gasoline,All-wheel drive,1,11.87760812
230,4,180,2920.535264,13.9,2005,USA,Diesel,All-wheel drive,0,15.71536374
250,3,163,2805.213176,15.2,2018,Asia,Gasoline,All-wheel drive,0,15.86122845
120,3,139,2761.692861,16.6,2014,Asia,Diesel,All-wheel drive,0,15.79492949
180,1,133,2708.157346,15.2,2018,Asia,Diesel,Front-wheel drive,1,16.45193308
200,,139,2846.943423,16.8,2011,Europe,Diesel,Front-wheel drive,-1,15.56251872
260,3,150,3130.134687,14.8,2003,Asia,Diesel,Front-wheel drive,0,14.07084898
240,3,210,2876.009803,18.7,2008,Europe,Gasoline,Front-wheel drive,0,15.84663582
310,5,116,2470.858237,17.8,2018,Europe,Diesel,All-wheel drive,2,16.49544666
230,6,136,3124.071342,17.9,2020,USA,Diesel,Front-wheel drive,1,14.11197252
140,5,146,3674.80569,12.2,2017,Europe,Diesel,All-wheel drive,0,12.06372704
170,3,161,2632.191111,10.1,2000,Europe,Gasoline,All-wheel drive,0,17.3019967
260,1,151,2218.551859,15.1,2010,USA,Diesel,All-wheel drive,-2,19.35733406
250,4,194,2577.958317,9.1,2014,Asia,Diesel,All-wheel drive,-2,18.52652742
290,8,159,3083.169277,13.2,2002,USA,Diesel,Front-wheel drive,0,14.56314677
220,1,135,3605.466303,14.7,2004,USA,Gasoline,All-wheel drive,-2,11.53050763
250,4,,3115.975257,15.8,2012,USA,Diesel,Front-wheel drive,0,13.60988561
210,7,144,2878.713725,15,2003,Europe,Diesel,All-wheel drive,2,15.56041604
210,6,90,3028.26952,13.5,2006,Asia,Gasoline,All-wheel drive,0,13.98628138
200,5,135,1991.035165,11.6,2006,USA,Gasoline,All-wheel drive,-1,20.64248307
200,5,183,2511.834131,16,2017,Asia,Diesel,All-wheel drive,0,17.54459007
200,6,163,2969.422413,15.2,2020,USA,Gasoline,Front-wheel drive,0,15.15350189
290,3,,3555.897461,20.2,2016,USA,Diesel,All-wheel drive,1,12.01985154
220,5,195,3245.76632,11.1,2021,Asia,Gasoline,Front-wheel drive,0,14.54927325
180,2,160,3061.541664,11.2,2014,Asia,Gasoline,All-wheel drive,0,14.60827658
140,5,127,4106.372956,17.6,2014,Asia,Gasoline,Front-wheel drive,0,8.961553714
190,5,136,3043.476904,13.2,2019,Europe,Diesel,All-wheel drive,-1,14.85953895
240,1,164,3278.086692,12.2,2005,USA,Diesel,Front-wheel drive,0,14.18465645
190,2,129,3393.198243,16.4,2017,Europe,Diesel,All-wheel drive,-1,13.14384286
170,9,101,1984.580871,10,2005,USA,Gasoline,All-wheel drive,0,20.11768648
220,,115,2906.437873,,2004,USA,Diesel,All-wheel drive,1,14.56388611
230,1,174,3458.287388,15.8,2022,Europe,Gasoline,Front-wheel drive,,12.53865014
130,3,159,3164.348526,18,2015,Asia,Gasoline,Front-wheel drive,1,13.75561726
260,5,142,3138.738592,17.3,2015,Asia,Diesel,Front-wheel drive,-1,14.22866594
260,2,127,3469.098599,16,2013,USA,Gasoline,Front-wheel drive,0,12.12062684
120,3,169,2952.841947,18.1,2009,Europe,Gasoline,Front-wheel drive,0,15.37944396
180,4,172,2909.083841,14.2,2014,USA,Diesel,Front-wheel drive,1,15.78946733
180,4,,2178.460159,13.7,2019,Asia,Gasoline,All-wheel drive,0,19.11630998
210,4,133,2962.364056,14.4,2010,USA,Gasoline,All-wheel drive,1,15.28765062
140,4,131,2572.768371,17.7,2001,Europe,Diesel,Front-wheel drive,0,16.91216836
170,2,172,3505.207778,15.2,2015,Europe,Gasoline,Front-wheel drive,1,12.66162069
220,4,205,2290.3688,16.8,2022,USA,Diesel,All-wheel drive,0,19.15819369
210,4,,4010.529047,,2013,Europe,Diesel,Front-wheel drive,0,10.80437354
210,4,101,2407.566552,16.3,2001,Europe,Gasoline,Front-wheel drive,0,17.51332253
100,1,203,3666.809137,16.2,2004,Europe,Diesel,All-wheel drive,-1,11.3297118
200,2,,3425.971068,15.8,2004,Asia,Gasoline,All-wheel drive,0,13.03375473
260,5,174,2745.39626,16.8,2013,Europe,Diesel,All-wheel drive,-1,16.37538746
240,2,112,3069.817282,17.4,2013,Asia,Gasoline,Front-wheel drive,0,14.47431125
290,5,196,3066.647378,15.6,2003,USA,Gasoline,All-wheel drive,-1,15.00789602
250,10,175,3429.91489,15.1,2019,Europe,Gasoline,Front-wheel drive,0,13.22526268
170,3,133,2993.241133,17.2,2001,Europe,Gasoline,All-wheel drive,-1,14.61031309
190,1,125,3299.005696,15.9,2008,Europe,Gasoline,Front-wheel drive,-1,12.87216885
200,8,70,3753.827186,16.5,2020,Asia,Diesel,Front-wheel drive,0,11.05707833
310,2,170,3768.471655,11.2,2011,Europe,Diesel,All-wheel drive,0,11.74012183
30,5,163,3240.851119,,2016,USA,Gasoline,All-wheel drive,0,13.73997509
200,4,111,2557.823676,14.2,2007,Asia,Gasoline,Front-wheel drive,0,17.5752413
150,4,145,3446.522665,17.8,2005,Europe,Diesel,Front-wheel drive,0,12.54207323
170,2,173,2083.735582,15.6,2007,Asia,Diesel,Front-wheel drive,0,19.60253035
190,7,150,1986.863674,13.3,2022,Asia,Diesel,All-wheel drive,0,20.1272639
130,1,150,2811.309741,,2009,USA,Gasoline,All-wheel drive,0,15.80878206
270,4,145,2821.631445,15.2,2018,USA,Gasoline,Front-wheel drive,1,17.20718733
140,5,126,2767.342865,18,2002,USA,Gasoline,All-wheel drive,-1,15.45137928
190,5,147,2779.854044,15,2009,USA,Diesel,All-wheel drive,,16.72328906
180,2,171,2617.138306,13.1,2008,Europe,Diesel,Front-wheel drive,1,17.17506983
210,4,115,2838.709233,15.5,2016,Europe,Gasoline,All-wheel drive,1,15.41872909
180,3,137,2576.883744,13.2,2020,Europe,Gasoline,All-wheel drive,0,17.42018388
230,5,134,3198.58454,14.2,2008,USA,Diesel,Front-wheel drive,1,14.53685319
160,7,156,2412.814753,12,2014,USA,Diesel,Front-wheel drive,-1,18.4076105
190,4,167,3192.064114,,2021,USA,Diesel,Front-wheel drive,-1,14.08448112
200,2,138,3131.540717,16.7,2017,Asia,Diesel,Front-wheel drive,1,14.17918303
280,3,141,2705.296464,15.2,2023,Europe,Gasoline,Front-wheel drive,2,16.01448774
170,3,111,2829.391194,14.3,2012,Europe,Diesel,Front-wheel drive,-1,15.22568584
200,6,191,2836.204524,,2003,Asia,Diesel,Front-wheel drive,1,16.49867231
220,9,185,2226.364062,17.8,2011,USA,Gasoline,Front-wheel drive,-1,18.81764661
200,3,160,2272.398912,7.3,2009,Asia,Gasoline,Front-wheel drive,-1,19.54397628
120,4,203,3434.865343,,2021,Europe,Gasoline,All-wheel drive,0,13.04053827
220,7,,3100.965651,14.9,2013,USA,Diesel,Front-wheel drive,-1,13.68755351
290,1,166,2305.352812,14.6,2013,Asia,Gasoline,All-wheel drive,0,18.55372132
170,4,149,3325.071035,10.7,2019,Europe,Diesel,All-wheel drive,-2,13.68406193
190,5,165,3397.05004,,2013,USA,Diesel,All-wheel drive,0,13.63967513
170,4,174,2327.914849,16.4,2022,Europe,Diesel,All-wheel drive,0,18.6947481
70,,87,3346.134219,12.7,2004,Europe,Diesel,Front-wheel drive,2,13.08535112
180,5,183,2818.657289,18.8,2010,USA,Gasoline,All-wheel drive,0,15.50884512
110,4,,3739.954096,16.8,2023,Asia,Diesel,All-wheel drive,,10.63696212
310,2,112,3122.841698,16.4,2010,Asia,Diesel,All-wheel drive,,13.917179
30,3,139,3169.620573,12.2,2020,Europe,Gasoline,Front-wheel drive,2,14.02063555
130,10,126,3063.746502,15.6,2012,Europe,Gasoline,Front-wheel drive,0,14.60715821
140,4,112,3014.42062,15.8,2002,Europe,Diesel,Front-wheel drive,-2,13.50609357
210,6,168,3725.11208,15.9,2023,USA,Gasoline,Front-wheel drive,-1,11.39938872
260,2,,2869.537534,16.7,2018,USA,Diesel,Front-wheel drive,0,16.80247208
110,1,162,2501.050529,10.2,2005,USA,Diesel,All-wheel drive,0,18.40992424
180,,164,3507.599435,14.9,2002,Europe,Diesel,All-wheel drive,0,12.51651591
230,2,96,3038.383986,16.9,2002,Asia,Gasoline,All-wheel drive,0,13.71848281
240,6,159,3153.900339,15.1,2022,Europe,Gasoline,All-wheel drive,-1,14.17280999
140,7,198,3547.017385,,2008,Europe,Diesel,Front-wheel drive,-1,12.54225796
170,1,,2158.350816,17.5,2001,Europe,Diesel,Front-wheel drive,-1,19.11263732
290,2,167,2630.928001,12.7,2015,USA,Diesel,Front-wheel drive,1,17.62428488
120,2,183,2979.175025,15.4,2015,Asia,Gasoline,Front-wheel drive,0,15.06356726
270,3,123,2791.626003,13.7,2005,Europe,Gasoline,All-wheel drive,0,16.11680587
300,5,148,3240.227451,12.4,2013,USA,Diesel,All-wheel drive,-1,14.005731
200,,167,3470.715658,14.1,2003,USA,Diesel,Front-wheel drive,0,12.85014104
100,3,142,3126.683079,12.7,2010,Europe,Diesel,All-wheel drive,1,14.4798165
220,5,200,2916.162487,10.4,2020,USA,Diesel,Front-wheel drive,-1,16.24084146
260,2,179,3186.73202,12,2003,Europe,Gasoline,All-wheel drive,-2,14.44868649
140,6,,2589.645002,,2016,Europe,Diesel,Front-wheel drive,1,16.44760028
170,5,150,3583.289156,13.6,2021,USA,Diesel,Front-wheel drive,1,12.20093471
240,8,112,3770.058995,14.5,2001,USA,Gasoline,Front-wheel drive,0,10.85325051
180,5,175,2448.208703,12.9,2023,USA,Diesel,All-wheel drive,-2,18.32819577
180,7,152,2815.538566,15.6,2019,Europe,Diesel,All-wheel drive,0,15.83039835
180,2,173,2992.745897,,2016,Europe,Diesel,Front-wheel drive,-2,15.93871008
190,5,185,3162.233746,17.2,2008,Europe,Gasoline,All-wheel drive,-1,14.40231789
200,4,145,2640.721932,,2006,USA,Diesel,All-wheel drive,0,15.53403452
200,5,164,2878.616122,14.4,2004,USA,Diesel,Front-wheel drive,0,15.56198194
170,3,181,2747.843244,,2010,Asia,Gasoline,All-wheel drive,1,16.51611206
220,6,124,2981.573565,16.7,2017,Europe,Diesel,Front-wheel drive,2,14.39701022
220,5,138,2737.051328,12.6,2001,USA,Gasoline,Front-wheel drive,0,16.16660058
120,5,147,3004.700545,14.1,2012,Asia,Diesel,Front-wheel drive,0,15.07239126
230,,122,3208.20416,12,2019,Europe,Gasoline,All-wheel drive,-2,14.15953063
270,3,,2930.43659,,2020,USA,Gasoline,All-wheel drive,0,14.78989071
130,2,153,3046.514224,16.2,2017,USA,Gasoline,Front-wheel drive,,14.08287314
250,4,129,2653.908436,11.7,2012,Asia,Diesel,All-wheel drive,1,16.38337511
240,2,135,2414.780183,14.1,2021,USA,Gasoline,All-wheel drive,0,18.37883143
160,5,143,2507.192638,15.4,2014,Europe,Gasoline,All-wheel drive,2,17.33006397
310,3,80,2778.818364,17.2,2021,USA,Diesel,Front-wheel drive,2,14.87920585
190,0,174,3208.540584,,2021,Asia,Diesel,Front-wheel drive,0,13.4084109
230,6,135,3635.373118,14.5,2023,Europe,Gasoline,Front-wheel drive,1,12.22831802
160,4,189,3507.49643,13.4,2012,USA,Diesel,All-wheel drive,0,12.5666295
220,5,148,3568.068337,18.5,2010,Asia,Diesel,Front-wheel drive,1,12.35901888
260,4,94,2922.712872,16.3,2000,Asia,Diesel,All-wheel drive,0,15.29757679
200,2,138,2939.047583,14.8,2008,USA,Diesel,All-wheel drive,1,16.19035407
190,4,155,2042.996813,13.6,2022,Europe,Gasoline,All-wheel drive,2,20.19150001
120,2,207,2761.248028,17.2,2019,USA,Diesel,Front-wheel drive,,17.20226488
210,3,206,2725.130482,12.6,2017,USA,Diesel,Front-wheel drive,1,16.86868499
140,5,164,3310.418923,14.4,2018,Asia,Gasoline,Front-wheel drive,,13.55590228
160,3,109,3407.30254,16.1,2016,USA,Gasoline,Front-wheel drive,0,11.66688145
170,6,108,2111.442335,13.2,2021,USA,Gasoline,All-wheel drive,1,19.65138684
230,1,111,2420.33476,15.2,2004,USA,Diesel,Front-wheel drive,-2,17.00833635
230,5,179,2703.777561,,2017,USA,Gasoline,Front-wheel drive,1,16.97809355
220,5,120,1841.329697,14.7,2004,Asia,Diesel,Front-wheel drive,1,19.79702861
130,4,157,2595.540789,14.5,2014,Asia,Diesel,All-wheel drive,-2,17.18000574
150,1,208,2569.066351,15.6,2014,USA,Diesel,All-wheel drive,,18.11279061
280,5,161,2778.055469,13.1,2009,USA,Gasoline,Front-wheel drive,0,16.27145012
170,4,,2729.623741,13.2,2012,USA,Gasoline,All-wheel drive,0,15.93196432
150,7,120,2864.278574,14.2,2022,Asia,Diesel,Front-wheel drive,0,15.34391996
300,4,,2766.450275,12.5,2011,Asia,Gasoline,Front-wheel drive,0,16.35734193
160,,149,3153.520703,,2010,USA,Diesel,All-wheel drive,0,13.52132999
150,2,146,3221.346963,19.2,2003,Europe,Gasoline,Front-wheel drive,-1,13.66855579
190,3,95,2910.283264,16.7,2000,Asia,Gasoline,All-wheel drive,-2,14.9725228
250,5,202,3202.751358,14.9,2015,USA,Gasoline,Front-wheel drive,-1,13.73827426
150,3,225,2001.177893,15.9,2017,Asia,Diesel,Front-wheel drive,-1,20.74911657
140,7,176,3088.457877,18.5,2022,USA,Diesel,All-wheel drive,-2,14.85319704
240,6,142,2669.818139,,2016,Asia,Diesel,Front-wheel drive,-1,16.89734644
240,7,177,3248.227862,17,2021,Europe,Diesel,All-wheel drive,-2,14.75818269
260,2,136,3972.589773,14.4,2018,Asia,Diesel,Front-wheel drive,0,10.12188629
200,,125,3129.581362,,2002,USA,Diesel,Front-wheel drive,0,13.73000957
120,3,157,3197.080518,14.7,2014,USA,Diesel,Front-wheel drive,-1,13.99076591
220,5,200,3273.081502,13.2,2011,Asia,Gasoline,All-wheel drive,0,14.46259015
130,2,,2087.192105,21.5,2008,Asia,Gasoline,Front-wheel drive,0,18.78880617
160,3,120,3457.085858,10.6,2010,Europe,Gasoline,Front-wheel drive,0,13.60596394
250,6,102,3476.9643,18.3,2018,Europe,Gasoline,All-wheel drive,-1,12.1671265
140,3,152,2254.931643,,2016,USA,Gasoline,All-wheel drive,,19.49595185
190,4,210,3490.058283,14.6,2022,Asia,Diesel,All-wheel drive,1,13.32037011
170,2,171,2537.598945,16.7,2006,USA,Diesel,Front-wheel drive,1,17.4385428
140,4,129,2757.981313,15.7,2011,USA,Gasoline,All-wheel drive,1,16.0472319
180,7,174,2800.643153,17,2002,Asia,Gasoline,All-wheel drive,-1,16.20463576
130,5,173,3327.114421,14.6,2021,Asia,Gasoline,Front-wheel drive,2,14.30919806
270,4,98,3318.511722,13.7,2006,Asia,Diesel,All-wheel drive,-1,13.34631792
160,4,202,1910.435547,17.1,2014,Europe,Diesel,Front-wheel drive,0,21.36593276
270,0,87,2171.080643,18.1,2008,Europe,Diesel,Front-wheel drive,0,17.89965742
160,1,118,3694.920876,,2015,Europe,Gasoline,Front-wheel drive,1,10.03519859
230,1,173,3284.379432,18.4,2022,USA,Gasoline,All-wheel drive,-1,13.33079326
240,1,164,3250.456766,17.8,2016,USA,Diesel,All-wheel drive,0,14.11598857
160,4,132,2780.797759,17,2000,Asia,Diesel,Front-wheel drive,0,16.11946131
210,,91,2473.239074,11.8,2021,Asia,Gasoline,Front-wheel drive,1,17.68131194
200,2,204,3552.99693,12.4,2021,Asia,Gasoline,All-wheel drive,0,12.37141032
160,7,131,3499.695596,15.9,2002,Asia,Gasoline,Front-wheel drive,0,12.38345077
180,4,145,3049.124256,10.2,2021,Europe,Diesel,All-wheel drive,0,15.28617742
220,5,126,3480.511907,10.7,2015,Europe,Diesel,All-wheel drive,0,12.96361888
190,7,184,3030.964875,,2009,USA,Gasoline,All-wheel drive,0,14.88928474
190,,147,2969.622578,19,2021,USA,Gasoline,All-wheel drive,0,14.29953677
160,2,119,3023.343808,,2022,USA,Diesel,Front-wheel drive,0,14.33419899
160,4,134,2904.664692,10.8,2017,Asia,Gasoline,Front-wheel drive,0,15.87681461
250,5,120,2943.985691,15.1,2021,Europe,Diesel,All-wheel drive,1,15.12222932
160,4,171,3728.068757,17.2,2009,USA,Diesel,All-wheel drive,1,11.25066258
240,4,114,2770.915028,18.2,2009,Asia,Diesel,Front-wheel drive,0,15.47566486
160,4,,3445.902493,14.8,2013,USA,Gasoline,All-wheel drive,1,12.79274379
250,3,183,2475.41388,16.2,2015,Asia,Diesel,All-wheel drive,0,18.27442539
220,5,224,2584.493553,19.8,2018,Europe,Gasoline,Front-wheel drive,1,16.846412
120,8,141,3607.673731,17.4,2013,Asia,Diesel,All-wheel drive,1,11.06283669
240,4,134,2891.078086,17.3,2010,Asia,Diesel,All-wheel drive,-1,15.29842152
180,6,145,2920.010736,13,2008,Asia,Gasoline,All-wheel drive,-2,14.87905358
230,1,141,2427.713481,17.5,2001,Europe,Gasoline,All-wheel drive,0,18.03465906
160,,99,2931.957819,15.2,2013,Asia,Diesel,All-wheel drive,1,14.82445227
100,3,139,3709.983676,11.2,2005,Asia,Diesel,All-wheel drive,0,11.09171153
150,5,,3710.76177,15.8,2010,Asia,Diesel,All-wheel drive,0,11.33389565
280,,113,2503.090257,15,2002,USA,Gasoline,All-wheel drive,2,17.40726429
190,7,152,3952.936516,17.2,2003,Asia,Gasoline,All-wheel drive,0,9.537177389
190,4,201,3690.106832,,2013,Asia,Diesel,Front-wheel drive,0,12.00308355
200,11,145,3178.980327,12.7,2003,Asia,Diesel,All-wheel drive,1,14.30199858
180,3,173,2916.283052,16.2,2015,Asia,Diesel,Front-wheel drive,-1,15.54083028
130,4,158,2766.726565,11.3,2017,Europe,Gasoline,Front-wheel drive,0,17.6195048
120,3,196,3041.197251,15.5,2021,Europe,Diesel,All-wheel drive,-2,15.55133241
200,2,144,2814.47628,13.9,2023,Asia,Gasoline,All-wheel drive,-2,15.91042363
270,2,165,2826.032917,,2014,Europe,Gasoline,All-wheel drive,1,15.74749496
180,3,183,2448.887555,13.4,2005,USA,Gasoline,Front-wheel drive,0,18.24991065
240,4,160,3039.489643,,2009,Europe,Gasoline,Front-wheel drive,2,14.69055919
180,4,179,2865.628046,9.4,2000,USA,Gasoline,Front-wheel drive,0,16.4527376
80,3,209,2778.479114,16.5,2005,Asia,Gasoline,All-wheel drive,0,17.02429426
130,3,125,4405.427485,16.6,2016,Asia,Diesel,All-wheel drive,-1,8.084149272
200,4,91,3480.080079,13.4,2008,Asia,Gasoline,Front-wheel drive,2,12.37187367
240,6,134,3171.663687,14.6,2005,Europe,Diesel,All-wheel drive,0,14.29118106
70,2,151,2763.484345,20.7,2004,Asia,Diesel,All-wheel drive,1,15.38932472
250,0,169,2265.937695,15.9,2021,Europe,Gasoline,Front-wheel drive,2,18.24534335
230,1,200,2900.110995,13.2,2013,Europe,Gasoline,All-wheel drive,1,15.94007811
150,7,127,3762.781954,18.5,2020,Asia,Diesel,All-wheel drive,1,10.7353463
210,7,205,2402.690229,12.8,2022,Asia,Diesel,All-wheel drive,2,19.07347247
160,5,189,3276.176718,9.3,2018,Asia,Diesel,Front-wheel drive,-1,14.79502077
190,3,150,3106.221739,20,2006,Europe,Diesel,Front-wheel drive,0,13.76584342
220,1,113,2387.157112,15.4,2005,Europe,Gasoline,Front-wheel drive,1,17.69134989
270,6,149,3340.92203,12.8,2012,Europe,Diesel,Front-wheel drive,1,12.94997659
120,2,159,2671.706717,17.7,2009,USA,Diesel,All-wheel drive,0,16.73457793
140,7,136,2546.801623,17.6,2014,Asia,Gasoline,All-wheel drive,-2,16.50203103
150,5,85,2403.192329,12.2,2023,USA,Gasoline,All-wheel drive,0,17.79501833
130,4,139,2761.532593,18,2002,Europe,Diesel,All-wheel drive,-1,15.72916613
160,3,160,2454.189188,12.8,2017,Europe,Diesel,Front-wheel drive,,17.81690622
300,1,155,3145.583333,12.5,2006,Europe,Gasoline,Front-wheel drive,1,14.46927889
140,5,136,2437.355816,13.1,2018,Asia,Gasoline,All-wheel drive,,17.53391057
270,4,105,2753.040847,16.3,2023,Asia,Gasoline,Front-wheel drive,0,15.13639996
120,5,129,3395.16586,14.9,2014,Europe,Gasoline,All-wheel drive,0,12.68732458
230,7,175,2512.916657,,2006,USA,Gasoline,Front-wheel drive,-1,17.57202495
190,4,178,2576.235324,11.6,2009,Asia,Gasoline,Front-wheel drive,1,17.63055412
140,3,77,3420.183728,15.1,2013,USA,Gasoline,All-wheel drive,0,11.99762437
230,6,,3382.579556,,2006,Asia,Gasoline,All-wheel drive,0,14.00594944
140,4,142,2964.686619,14.7,2021,Europe,Diesel,Front-wheel drive,0,14.79556305
200,3,163,3216.315773,12.9,2021,Asia,Diesel,All-wheel drive,0,13.37015254
210,2,98,2303.377184,14.3,2001,Asia,Gasoline,All-wheel drive,0,18.4811638
320,4,117,2665.608287,14.1,2021,USA,Diesel,Front-wheel drive,1,16.24365133
250,7,130,2913.93015,12.4,2005,Asia,Diesel,Front-wheel drive,-2,15.51534561
130,4,139,3031.490318,15.6,2021,Europe,Gasoline,Front-wheel drive,-2,14.52579945
200,3,184,2923.06748,,2012,Asia,Diesel,All-wheel drive,1,16.16925001
350,5,175,2715.767151,19.8,2009,Asia,Gasoline,Front-wheel drive,0,16.02588819
110,4,119,3648.991368,17.9,2012,USA,Diesel,Front-wheel drive,-1,10.61117998
180,5,,3075.983942,16.9,2017,Asia,Diesel,Front-wheel drive,,13.14043692
180,1,153,2595.603619,16.4,2015,Europe,Diesel,All-wheel drive,0,17.25402884
220,3,210,3283.814417,15,2002,Asia,Diesel,All-wheel drive,-1,13.39206714
260,6,138,3843.156212,20.8,2019,Asia,Gasoline,Front-wheel drive,1,10.23832756
140,7,176,2909.477076,13.1,2002,Asia,Diesel,All-wheel drive,1,15.81535474
180,4,165,3441.481008,16.9,2010,Asia,Diesel,All-wheel drive,-1,12.5441353
270,3,150,3462.68711,12.8,2012,Asia,Diesel,Front-wheel drive,1,12.51583895
230,0,120,2209.906251,11.8,2010,Europe,Diesel,Front-wheel drive,0,18.57588432
210,4,182,3522.150127,15.9,2002,USA,Diesel,Front-wheel drive,-3,12.44831094
150,3,182,2859.618152,13.3,2013,USA,Gasoline,Front-wheel drive,1,16.79631986
200,3,148,3136.477901,15.5,2003,USA,Diesel,Front-wheel drive,-2,14.86520957
210,3,150,2662.464136,15.5,2019,Asia,Gasoline,Front-wheel drive,,16.74530951
190,3,151,2142.13871,16.4,2021,USA,Gasoline,Front-wheel drive,2,19.5451319
150,4,,3277.921937,16.6,2004,USA,Gasoline,Front-wheel drive,1,12.87562587
140,1,182,2301.647682,13.4,2003,Europe,Diesel,Front-wheel drive,0,19.27295473
240,6,154,3102.90156,14.5,2010,Asia,Gasoline,Front-wheel drive,-1,14.6207975
180,6,203,2797.69492,13.2,2009,USA,Diesel,All-wheel drive,0,16.68166089
120,8,166,3285.109718,11.7,2008,USA,Diesel,Front-wheel drive,-3,14.36815043
180,6,145,3065.749169,12.6,2008,Europe,Gasoline,Front-wheel drive,-1,14.36806573
160,7,191,2418.341908,11.6,2005,Asia,Diesel,All-wheel drive,-2,18.63467284
180,,127,2447.787182,16.1,2018,Europe,Diesel,All-wheel drive,1,17.02357041
190,6,154,3362.425373,15.5,2008,Europe,Gasoline,Front-wheel drive,-1,12.54527792
240,4,139,3332.431343,13.8,2021,Asia,Gasoline,All-wheel drive,-1,13.51412419
160,4,193,3538.690826,14.5,2012,USA,Gasoline,Front-wheel drive,-2,12.2551084
170,4,205,2902.024402,13.2,2014,Asia,Diesel,Front-wheel drive,1,15.88329781
200,1,112,3313.47777,12.5,2018,Asia,Diesel,Front-wheel drive,0,13.18207632
250,3,132,2931.025416,12.9,2021,Europe,Diesel,All-wheel drive,0,15.4485386
150,4,130,2751.363975,18.8,2009,Asia,Diesel,Front-wheel drive,0,16.30496702
310,2,123,3241.981806,,2007,Europe,Gasoline,All-wheel drive,-3,13.19967017
140,2,225,3846.125344,18.7,2020,Asia,Diesel,All-wheel drive,-1,10.86884525
180,3,147,3078.054843,10.5,2019,Asia,Gasoline,Front-wheel drive,0,15.17911955
150,3,170,3267.193824,14.3,2008,Asia,Gasoline,All-wheel drive,-2,12.96080846
190,3,181,3213.608532,12.1,2010,Europe,Gasoline,All-wheel drive,2,14.83363386
260,6,199,3461.55417,15.7,2018,Asia,Diesel,All-wheel drive,1,13.19848305
220,3,,3206.646972,16.1,2017,USA,Gasoline,Front-wheel drive,0,13.14112822
170,5,144,3788.9215,10.9,2009,Europe,Gasoline,All-wheel drive,0,11.22129366
220,4,164,1903.13235,19.4,2007,USA,Gasoline,Front-wheel drive,0,20.32549325
180,0,176,3606.894678,22.3,2022,Europe,Diesel,All-wheel drive,0,11.54360171
140,3,162,2510.855064,9.9,2011,Asia,Gasoline,All-wheel drive,,18.41052054
230,1,149,2696.133339,16.3,2013,Asia,Gasoline,All-wheel drive,1,16.06248239
240,4,133,2798.040461,16.3,2021,Asia,Gasoline,All-wheel drive,2,15.90405813
250,4,,2318.220778,14.8,2014,USA,Diesel,All-wheel drive,0,18.33551145
270,10,142,3683.791012,15.4,2022,Europe,Diesel,Front-wheel drive,2,11.3212608
220,3,187,2650.600138,15.7,2022,Asia,Diesel,Front-wheel drive,1,17.2295827
80,3,156,3446.989065,15.6,2018,Europe,Gasoline,All-wheel drive,0,12.68838377
280,4,116,2994.956412,10,2015,Europe,Diesel,Front-wheel drive,-2,14.60375413
220,1,162,3050.092204,14.8,2000,Europe,Gasoline,Front-wheel drive,1,15.03851894
120,1,177,3471.389661,15.8,2015,USA,Gasoline,Front-wheel drive,-2,12.84995262
180,4,149,2522.967535,14,2016,USA,Gasoline,All-wheel drive,,17.18797991
260,7,203,3076.840829,16.2,2012,Europe,Gasoline,Front-wheel drive,0,14.88863447
180,3,137,3244.6883,,2005,Asia,Diesel,Front-wheel drive,0,13.60400535
120,1,,4117.358424,15.7,2004,Asia,Diesel,All-wheel drive,0,9.211685077
190,5,233,2645.700211,13.5,2017,Europe,Diesel,All-wheel drive,0,17.45107951
250,5,183,3619.047343,15.9,2015,Asia,Diesel,Front-wheel drive,0,11.58233444
260,2,,3014.964002,16.3,2004,Asia,Gasoline,Front-wheel drive,0,14.58070794
250,2,,3833.308135,18.9,2004,USA,Gasoline,Front-wheel drive,0,10.77084556
110,5,129,3610.847343,17,2012,Asia,Gasoline,Front-wheel drive,2,12.01467215
180,4,164,3479.293174,15.5,2002,Europe,Gasoline,Front-wheel drive,0,13.53878667
190,3,159,3051.218245,19.9,2001,Asia,Diesel,Front-wheel drive,0,13.86240619
210,3,128,3212.092086,18.1,2015,Europe,Diesel,All-wheel drive,1,13.65050596
260,4,187,2634.006244,14.7,2007,Europe,Diesel,Front-wheel drive,,17.39152694
170,4,144,3151.273991,12.3,2009,USA,Diesel,Front-wheel drive,0,14.85282007
170,3,128,2713.142072,14.2,2022,Europe,Gasoline,Front-wheel drive,0,16.19895765
100,3,146,3336.876633,18.4,2015,USA,Diesel,Front-wheel drive,0,13.37937142
240,4,114,2997.454943,,2023,USA,Diesel,Front-wheel drive,0,15.26094416
140,4,122,3042.084955,,2012,USA,Diesel,Front-wheel drive,0,15.02087582
200,6,130,3326.447661,,2013,Europe,Diesel,All-wheel drive,2,12.77629712
210,2,163,2844.547714,13.5,2006,Europe,Gasoline,Front-wheel drive,0,16.12919632
200,,145,2404.879744,15.8,2005,USA,Diesel,Front-wheel drive,-1,17.29212145
140,8,,3169.287674,16.3,2018,Europe,Diesel,All-wheel drive,1,13.84638579
290,4,132,2442.693805,19.5,2001,Asia,Diesel,All-wheel drive,,18.09264202
200,3,164,2040.03538,12.8,2004,Asia,Diesel,All-wheel drive,1,18.90935401
250,7,116,2192.004098,12.6,2009,Asia,Gasoline,Front-wheel drive,1,19.45853599
210,5,172,2992.954383,,2022,Asia,Gasoline,All-wheel drive,1,15.2300817
220,2,145,2647.716064,13.8,2012,Asia,Diesel,Front-wheel drive,0,16.97741412
140,2,113,1336.444231,16.2,2015,Europe,Diesel,Front-wheel drive,1,23.36917627
150,6,180,3021.009863,15.9,2006,Asia,Diesel,All-wheel drive,1,15.81116962
180,3,140,2286.899338,,2009,Asia,Gasoline,All-wheel drive,-1,18.51413517
180,3,142,2818.25936,,2005,Europe,Gasoline,All-wheel drive,0,15.6660859
310,5,181,4126.320291,20.7,2004,USA,Diesel,All-wheel drive,0,8.799973963
250,3,166,3449.046098,,2012,USA,Gasoline,All-wheel drive,1,13.04516532
150,5,198,2904.912555,14,2006,Asia,Diesel,All-wheel drive,0,16.4133564
190,10,128,3080.383878,16.9,2023,Asia,Diesel,Front-wheel drive,2,14.49282639
270,1,151,3633.907318,13.3,2014,Asia,Gasoline,All-wheel drive,0,11.29008018
210,5,,2849.105656,14.2,2019,Europe,Diesel,Front-wheel drive,-1,15.99134473
140,2,141,2245.917331,15.6,2012,Europe,Diesel,All-wheel drive,2,18.70901224
220,1,131,3557.31456,16.7,2018,Europe,Gasoline,Front-wheel drive,2,11.52450074
130,1,141,2236.155087,11,2022,USA,Gasoline,Front-wheel drive,-1,18.89958708
200,5,207,3230.940709,17.2,2007,Europe,Gasoline,Front-wheel drive,0,13.78660022
100,7,150,3678.832202,18.4,2014,Europe,Diesel,All-wheel drive,-1,11.24569276
250,5,205,3614.22476,,2002,Europe,Diesel,All-wheel drive,0,11.96632937
150,7,160,3815.444278,13.1,2022,Asia,Diesel,Front-wheel drive,-1,11.20602915
270,3,159,2861.647851,15.9,2001,Europe,Gasoline,All-wheel drive,-1,15.42360743
190,2,174,2985.927366,10.4,2008,Europe,Diesel,Front-wheel drive,1,15.28970199
180,5,132,2851.042186,17.7,2014,Asia,Gasoline,Front-wheel drive,-1,15.77608632
240,3,183,3246.881506,12.6,2008,Europe,Diesel,All-wheel drive,0,14.3351084
190,2,148,3323.819061,18,2005,Asia,Gasoline,All-wheel drive,0,13.23419425
230,5,167,2675.06782,17.5,2023,Europe,Diesel,Front-wheel drive,3,16.488829
170,2,188,2975.618069,14.5,2005,Asia,Diesel,Front-wheel drive,2,15.45536456
270,10,144,2962.615342,14.8,2008,USA,Diesel,All-wheel drive,-2,15.67598028
200,6,175,3054.683483,18.2,2022,Asia,Gasoline,Front-wheel drive,1,14.76707365
150,2,148,2215.578883,18.7,2001,Europe,Gasoline,Front-wheel drive,1,18.44708326
260,4,149,3208.137709,14.3,2017,Asia,Diesel,All-wheel drive,-2,14.18990683
220,1,128,3244.683096,10.5,2012,USA,Gasoline,All-wheel drive,1,14.17014164
200,1,118,3221.714681,,2008,Asia,Gasoline,Front-wheel drive,1,13.65465894
200,3,149,3273.988461,16.9,2011,USA,Gasoline,Front-wheel drive,0,12.45122868
170,3,115,2957.247794,14.6,2019,USA,Gasoline,All-wheel drive,0,15.51382474
150,3,,3359.476385,21.4,2004,Asia,Diesel,All-wheel drive,,12.6945119
270,,128,3674.07422,9.4,2000,Europe,Diesel,Front-wheel drive,1,12.52350863
240,3,61,2713.133828,17,2016,Europe,Diesel,All-wheel drive,-1,15.48334517
330,4,167,2220.149236,14.9,2015,Europe,Gasoline,All-wheel drive,-1,18.53055636
190,5,148,2862.63507,15.3,2020,USA,Diesel,All-wheel drive,0,15.70934165
220,6,155,2338.63472,15.4,2008,USA,Gasoline,All-wheel drive,0,19.08032946
70,5,98,2829.821339,15.1,2011,Asia,Diesel,Front-wheel drive,0,15.5864446
210,8,158,3570.977248,19.8,2016,Europe,Diesel,All-wheel drive,-1,12.67054543
110,11,197,3421.141752,,2018,Europe,Gasoline,Front-wheel drive,-1,13.19352119
230,4,161,3366.453782,18.7,2010,USA,Diesel,Front-wheel drive,2,13.02120729
190,,154,3176.406308,20.4,2012,Europe,Diesel,All-wheel drive,0,13.08507158
170,6,173,2311.376188,13.2,2016,USA,Diesel,Front-wheel drive,-1,18.63750015
220,3,93,2749.303881,16.7,2017,USA,Gasoline,All-wheel drive,-1,15.27531222
150,5,192,1883.744844,19.7,2014,Europe,Diesel,Front-wheel drive,2,20.93763198
190,3,112,2375.14517,18,2020,USA,Gasoline,Front-wheel drive,-1,18.30772131
260,1,107,3071.208466,15.9,2002,Asia,Gasoline,All-wheel drive,2,14.16322623
140,4,143,2644.81658,13.6,2015,USA,Diesel,All-wheel drive,-2,16.45627823
160,4,150,3232.258642,15.6,2009,USA,Diesel,All-wheel drive,-1,14.11557183
270,5,205,3083.911456,11.8,2001,USA,Diesel,All-wheel drive,,15.32752737
180,,106,2539.295758,18,2007,Asia,Diesel,All-wheel drive,0,16.98470504
160,2,,2564.184935,,2003,Asia,Gasoline,All-wheel drive,1,18.26001263
180,8,133,2125.057977,12,2017,Europe,Diesel,All-wheel drive,0,19.32949754
220,2,,3075.606117,17.8,2007,Asia,Gasoline,All-wheel drive,-1,14.1067083
260,1,104,3196.560606,12.9,2009,Europe,Gasoline,Front-wheel drive,0,13.64028984
200,5,126,2759.833388,11.6,2007,Europe,Gasoline,All-wheel drive,-1,17.00089626
250,6,133,3533.24829,17.4,2009,Europe,Gasoline,Front-wheel drive,-1,11.51547496
210,6,137,3029.558753,13.2,2007,Asia,Diesel,All-wheel drive,-1,15.10815567
70,5,141,3119.840341,11.3,2020,Europe,Diesel,All-wheel drive,-3,14.92509838
170,7,120,2634.997567,14.4,2008,Asia,Diesel,All-wheel drive,-1,16.25615836
200,2,133,3623.600923,,2018,Europe,Gasoline,Front-wheel drive,-1,11.28706018
160,4,139,3568.615606,17,2018,Asia,Gasoline,All-wheel drive,1,11.65287634
190,6,120,3406.427291,15.9,2022,Asia,Diesel,Front-wheel drive,1,12.48417273
200,3,,3739.026164,11.7,2007,Asia,Diesel,Front-wheel drive,-1,10.84728723
200,5,,2141.288287,16.2,2012,Europe,Diesel,Front-wheel drive,1,20.07557482
190,6,183,2580.289733,17.6,2022,USA,Diesel,All-wheel drive,1,16.90704913
180,4,184,3380.866826,12.2,2008,USA,Diesel,Front-wheel drive,-1,13.73806313
200,6,119,3308.693485,,2016,USA,Diesel,All-wheel drive,0,13.60379956
190,5,193,3123.868324,12.4,2022,USA,Gasoline,Front-wheel drive,1,14.69810246
190,11,185,3462.347736,16.7,2010,Europe,Gasoline,All-wheel drive,1,13.39241692
170,3,133,2920.060333,,2003,USA,Diesel,Front-wheel drive,0,15.42719086
250,2,123,2777.20844,17.7,2014,Asia,Gasoline,All-wheel drive,0,15.65722093
120,7,156,3454.720145,15.3,2004,Asia,Gasoline,All-wheel drive,2,12.43892466
220,4,179,3288.334314,,2002,USA,Diesel,All-wheel drive,0,14.31325388
210,1,,2836.858421,16.9,2009,Asia,Diesel,All-wheel drive,-1,15.78048349
290,3,177,4252.201611,16.5,2003,Asia,Gasoline,Front-wheel drive,0,9.764815584
270,5,156,1465.039202,15.9,2020,Asia,Gasoline,Front-wheel drive,0,22.18175032
30,4,146,2142.496383,18.7,2015,Asia,Diesel,Front-wheel drive,0,18.88255403
190,,130,2602.541913,14.8,2006,Asia,Gasoline,Front-wheel drive,-1,16.32428029
170,8,179,2662.113727,14.1,2021,Asia,Diesel,All-wheel drive,1,17.49237431
210,8,210,2886.834382,11.6,2006,USA,Gasoline,All-wheel drive,0,16.71150053
120,2,118,2806.762781,17.1,2015,USA,Gasoline,All-wheel drive,0,15.32377597
140,,114,3254.486759,11,2009,Europe,Gasoline,All-wheel drive,2,13.25944501
220,4,145,2872.449368,14.9,2014,USA,Diesel,All-wheel drive,2,15.21701725
220,6,157,2280.228949,15.7,2021,Asia,Diesel,Front-wheel drive,1,18.56499514
230,3,147,3054.899054,15.7,2002,Europe,Gasoline,Front-wheel drive,-2,14.13975679
160,2,111,3038.134712,12.1,2002,Europe,Gasoline,All-wheel drive,0,14.203076
170,,,2774.323635,13.1,2014,USA,Gasoline,Front-wheel drive,0,16.08919635
170,2,187,3255.949331,16.9,2010,USA,Gasoline,All-wheel drive,1,13.10990728
200,2,139,3032.740481,19.6,2002,Europe,Gasoline,Front-wheel drive,-1,14.31351934
280,1,,2832.349803,13.4,2005,USA,Gasoline,All-wheel drive,1,15.33410792
110,4,84,2678.514713,17.8,2015,Asia,Gasoline,Front-wheel drive,-1,15.34981021
150,5,127,3876.33244,13.7,2022,Europe,Diesel,Front-wheel drive,-1,10.75770092
190,6,230,3749.034321,13.8,2021,Asia,Gasoline,All-wheel drive,1,11.60823492
220,8,161,2860.303555,15.3,2010,USA,Gasoline,Front-wheel drive,-1,15.59957641
160,1,106,3073.550587,14.8,2006,Europe,Diesel,All-wheel drive,0,14.30499249
200,,147,1933.735605,14.7,2010,USA,Diesel,Front-wheel drive,1,20.21158687
180,8,,3180.293484,16.1,2020,USA,Gasoline,All-wheel drive,0,13.18268416
220,2,178,2176.193711,18.8,2001,USA,Diesel,All-wheel drive,-1,18.9470687
180,3,205,2772.605652,17,2022,Asia,Diesel,Front-wheel drive,0,16.9445267
140,1,170,1816.267755,13.6,2020,Europe,Gasoline,Front-wheel drive,-1,20.6715142
170,8,123,3507.477091,16.2,2010,Asia,Gasoline,Front-wheel drive,1,12.61295866
220,3,112,3108.720855,16.4,2020,Asia,Gasoline,Front-wheel drive,-2,14.21580001
290,4,143,2476.44148,20.7,2019,USA,Gasoline,All-wheel drive,-1,17.37272401
210,3,157,3183.838742,17.3,2019,Europe,Gasoline,All-wheel drive,1,14.35013184
240,7,155,2998.039592,15.5,2019,USA,Gasoline,All-wheel drive,1,15.413664
120,6,132,3327.951937,13.4,2017,USA,Gasoline,All-wheel drive,0,12.69482428
260,5,196,3476.006013,17.1,2016,USA,Gasoline,Front-wheel drive,0,13.09610514
150,3,145,1969.814751,17.3,2018,USA,Diesel,Front-wheel drive,0,20.01939203
180,0,152,3144.191448,13.1,2003,Asia,Diesel,Front-wheel drive,0,14.57315434
230,2,154,3427.235188,12.6,2007,USA,Gasoline,All-wheel drive,,13.25989699
180,5,186,3176.882199,13.3,2002,USA,Diesel,Front-wheel drive,0,14.9086388
240,2,131,2594.522432,14,2019,USA,Gasoline,Front-wheel drive,-1,16.91205863
190,5,117,2629.251427,15.8,2002,Europe,Diesel,All-wheel drive,1,16.61897902
170,5,,2962.850113,14.4,2000,Asia,Gasoline,All-wheel drive,-1,14.48632382
240,6,109,3068.259856,17.2,2004,Europe,Diesel,All-wheel drive,0,13.8927649
280,3,141,3505.552989,17.9,2009,Europe,Diesel,Front-wheel drive,0,12.38539635
140,3,164,2162.097645,14.3,2018,Europe,Gasoline,All-wheel drive,0,18.76543714
170,1,140,2738.256273,12.6,2022,Asia,Gasoline,Front-wheel drive,0,16.39650643
230,8,175,2445.545402,14.6,2004,Asia,Diesel,All-wheel drive,0,18.00875066
170,6,195,2300.919958,13.5,2014,Asia,Diesel,All-wheel drive,-1,19.34907852
250,5,181,2464.795413,16.2,2017,Asia,Gasoline,All-wheel drive,2,16.98911027
210,10,142,2205.619734,13,2008,USA,Diesel,All-wheel drive,0,18.96895526
150,5,180,2899.269313,12.3,2011,Asia,Gasoline,Front-wheel drive,-1,15.76412716
200,4,209,3067.289719,12.5,2022,USA,Diesel,Front-wheel drive,1,15.48990425
230,1,120,2778.552843,14.2,2008,USA,Diesel,Front-wheel drive,0,15.9585396
250,4,177,3098.307931,14.8,2022,USA,Diesel,All-wheel drive,3,15.50000503
250,,124,3638.001314,16.3,2005,Asia,Diesel,All-wheel drive,-1,11.38581357
230,7,161,2981.615161,16.2,2013,USA,Diesel,All-wheel drive,0,15.06848537
250,4,139,4130.084963,8.9,2019,Asia,Gasoline,All-wheel drive,0,9.767282242
180,2,162,4256.065967,12.1,2009,USA,Gasoline,Front-wheel drive,-2,9.099291526
210,6,178,3102.303523,11.9,2007,Europe,Diesel,Front-wheel drive,-2,15.32580518
190,4,171,3331.438135,18.6,2017,USA,Diesel,All-wheel drive,0,12.99192428
240,3,174,3254.853646,16.2,2021,Asia,Diesel,Front-wheel drive,0,13.43487793
290,1,146,2522.781803,13.8,2013,Europe,Diesel,Front-wheel drive,0,17.21410233
240,1,84,3482.900426,17.3,2017,USA,Gasoline,All-wheel drive,1,12.01413982
230,2,171,2459.31318,16.9,2012,USA,Gasoline,All-wheel drive,0,17.94603809
220,2,153,2298.496909,16.8,2003,Asia,Gasoline,Front-wheel drive,-1,17.9476665
120,5,155,2673.635732,19.6,2019,Europe,Gasoline,All-wheel drive,0,16.73793441
230,2,180,2351.498828,17,2012,Asia,Diesel,Front-wheel drive,-2,18.37135872
200,2,128,2426.95761,19.8,2006,Europe,Diesel,Front-wheel drive,0,17.59965365
190,5,126,3577.860252,,2008,USA,Gasoline,All-wheel drive,1,12.59730738
190,,119,3014.215423,16.4,2019,USA,Gasoline,Front-wheel drive,0,14.60076027
140,4,166,3650.828136,15,2009,Asia,Gasoline,All-wheel drive,0,11.78702951
130,,179,3172.434348,16.1,2008,USA,Gasoline,Front-wheel drive,1,13.73648234
170,4,173,2640.163848,13.9,2022,Asia,Diesel,Front-wheel drive,-1,17.65719383
290,6,112,2698.771335,16.9,2004,Europe,Diesel,All-wheel drive,,16.01868115
50,6,111,2599.703894,14.3,2010,USA,Gasoline,Front-wheel drive,1,17.59656213
220,6,129,3672.410497,11.2,2005,Europe,Diesel,All-wheel drive,1,11.73097031
110,1,131,3584.438182,10.9,2004,Europe,Diesel,All-wheel drive,0,12.05786988
150,2,98,1920.204711,13.7,2017,USA,Gasoline,Front-wheel drive,-1,20.54975462
280,,197,3654.458953,14,2012,Europe,Diesel,Front-wheel drive,0,12.74815627
230,4,156,2341.150806,15,2008,Europe,Diesel,All-wheel drive,0,18.61974676
270,5,106,1913.034324,11.2,2002,Europe,Diesel,Front-wheel drive,1,19.35163393
160,9,137,3308.11317,15,2015,Europe,Diesel,Front-wheel drive,,12.8740791
140,3,115,3237.126812,14,2009,Asia,Diesel,Front-wheel drive,0,12.93874439
180,3,,4149.454098,16.9,2013,Europe,Diesel,Front-wheel drive,0,9.154052033
220,5,184,2096.759061,17.2,2016,Asia,Diesel,All-wheel drive,,19.88904084
260,6,143,3111.7362,12.7,2021,USA,Diesel,All-wheel drive,1,14.43341167
250,3,142,2677.503617,16.6,2011,Asia,Gasoline,Front-wheel drive,-1,15.89705449
230,4,,2875.363147,14,2018,Asia,Diesel,Front-wheel drive,0,16.13430992
190,4,170,2685.599368,17.1,2000,USA,Gasoline,Front-wheel drive,0,16.28034641
170,4,192,2527.769735,15.4,2017,USA,Diesel,Front-wheel drive,1,18.6528833
160,5,137,3129.958817,12.6,2003,Asia,Gasoline,Front-wheel drive,-2,14.16205347
270,0,112,2413.122369,15.8,2001,Europe,Gasoline,All-wheel drive,0,17.31056407
180,3,178,2425.981021,13,2003,Asia,Diesel,Front-wheel drive,-1,18.7820623
180,3,151,2517.988344,15,2012,Asia,Diesel,All-wheel drive,-1,17.48095991
80,4,134,3545.695678,14.7,2022,USA,Gasoline,Front-wheel drive,-1,11.75745898
190,4,145,2349.387669,,2022,USA,Diesel,All-wheel drive,-1,18.39765528
260,2,173,3002.302547,17.4,2004,USA,Diesel,All-wheel drive,1,15.53739824
220,6,110,3316.122541,16.3,2020,Asia,Diesel,All-wheel drive,-1,13.26040512
170,3,168,2986.21972,16.4,2014,Asia,Diesel,Front-wheel drive,0,13.62351874
270,3,104,2516.763688,15.6,2010,Europe,Diesel,All-wheel drive,0,17.11580737
220,4,141,2921.597618,15.2,2003,Asia,Diesel,All-wheel drive,0,15.05805834
190,8,115,3838.854257,16.5,2007,Asia,Gasoline,Front-wheel drive,-1,10.30548072
170,2,164,3271.937465,17.2,2019,Asia,Diesel,Front-wheel drive,,13.27481332
180,5,139,3014.730374,,2019,USA,Diesel,Front-wheel drive,2,14.75975082
240,3,127,2198.625431,,2001,Asia,Diesel,All-wheel drive,1,19.70044176
200,2,,2964.935261,,2010,USA,Gasoline,All-wheel drive,0,15.12821831
150,4,174,2967.983549,14.2,2010,USA,Diesel,All-wheel drive,0,15.41672766
170,1,182,3256.524145,14.5,2006,USA,Gasoline,All-wheel drive,0,14.10033153
220,,153,3057.389912,,2011,Asia,Gasoline,Front-wheel drive,0,14.9690761
200,5,188,2974.963542,14.4,2014,USA,Diesel,All-wheel drive,-1,15.39009043
260,5,143,3623.299806,,2022,USA,Diesel,Front-wheel drive,1,12.14383064
180,4,173,2921.086212,14.7,2007,Asia,Diesel,All-wheel drive,0,15.55453682
280,1,126,3706.709133,17.5,2020,Europe,Gasoline,Front-wheel drive,-1,10.74575939
110,5,133,3084.148516,14.1,2009,Europe,Diesel,Front-wheel drive,1,14.92332909
160,3,143,2424.042992,13.3,2022,USA,Gasoline,All-wheel drive,-1,18.35509896
170,3,168,3564.145949,15.7,2007,USA,Gasoline,All-wheel drive,-1,12.06601168
150,5,188,2740.527717,11.9,2021,Asia,Gasoline,All-wheel drive,0,17.06913003
160,3,176,3392.951359,16.8,2001,Asia,Diesel,All-wheel drive,-1,13.09100489
260,1,199,3479.777029,,2017,Europe,Gasoline,Front-wheel drive,1,12.5242341
180,2,144,2376.824784,,2006,Asia,Gasoline,Front-wheel drive,-1,18.57627781
210,2,146,3273.480149,18.8,2001,Europe,Gasoline,Front-wheel drive,1,13.60516912
270,6,149,2473.733756,,2018,Asia,Gasoline,Front-wheel drive,2,18.34699178
270,3,145,2456.615555,12.2,2022,Asia,Gasoline,Front-wheel drive,-2,17.99130893
180,3,,3165.849506,15.9,2018,Europe,Diesel,Front-wheel drive,-1,13.09981832
190,4,151,2714.120178,17.2,2011,USA,Diesel,Front-wheel drive,,15.52790448
220,5,154,4080.283795,13,2016,Asia,Gasoline,All-wheel drive,0,10.48341211
200,3,113,2762.318218,17.1,2005,Asia,Diesel,Front-wheel drive,2,15.03796458
210,2,153,4009.703618,17.4,2001,USA,Diesel,Front-wheel drive,1,10.07383494
230,,148,2477.129262,18.9,2010,Europe,Gasoline,Front-wheel drive,-2,17.24641121
150,2,199,2691.887017,12.3,2013,Asia,Gasoline,All-wheel drive,0,17.608403
210,4,202,3406.757183,13.1,2009,Europe,Gasoline,All-wheel drive,2,13.14646075
230,3,107,2489.034454,14.8,2020,Asia,Gasoline,All-wheel drive,2,17.09697613
220,4,122,3464.087512,17.3,2016,Asia,Gasoline,Front-wheel drive,1,12.73756503
210,3,172,4034.34601,15.8,2007,USA,Diesel,Front-wheel drive,-1,9.703148037
160,3,167,3270.860809,12.8,2000,USA,Gasoline,All-wheel drive,1,14.01269121
210,3,,3211.426524,,2003,Europe,Diesel,All-wheel drive,1,14.36191325
270,4,170,2119.552489,10.2,2002,Asia,Diesel,All-wheel drive,0,19.42450704
220,7,179,3400.353931,13.1,2008,Asia,Gasoline,Front-wheel drive,0,13.94214935
220,4,149,2773.600511,12.5,2005,USA,Gasoline,All-wheel drive,1,16.22248352
240,6,130,3052.800961,,2010,USA,Gasoline,Front-wheel drive,0,14.57964271
220,7,165,3265.334614,14.9,2001,USA,Gasoline,All-wheel drive,1,14.42556997
230,4,101,3145.998118,11.5,2005,Asia,Diesel,Front-wheel drive,-1,13.57712945
200,7,139,2556.351118,13.8,2004,Asia,Gasoline,All-wheel drive,-2,17.34210307
200,3,154,2673.974332,10.5,2009,Europe,Gasoline,Front-wheel drive,1,17.39563683
170,4,123,2876.546335,,2017,Europe,Diesel,Front-wheel drive,1,14.70874821
170,3,90,1702.840452,10.8,2008,USA,Diesel,All-wheel drive,1,21.54707728
250,1,149,3342.386371,13.6,2015,Europe,Diesel,Front-wheel drive,-1,13.23907898
130,9,163,2412.965905,15,2005,Asia,Diesel,Front-wheel drive,0,17.44686942
170,4,215,2702.545113,,2016,USA,Diesel,All-wheel drive,1,17.27778472
160,8,157,3362.310818,13,2023,Asia,Diesel,All-wheel drive,2,13.12171315
210,4,130,2620.942414,17.7,2011,Europe,Diesel,All-wheel drive,1,16.92388536
210,3,155,3020.264721,14.2,2018,Asia,Gasoline,All-wheel drive,1,14.66292237
200,2,165,3661.891796,,2017,Asia,Gasoline,All-wheel drive,2,11.96680617
280,2,162,3742.048833,13.2,2006,USA,Gasoline,All-wheel drive,-1,11.7353428
260,2,148,2259.73789,,2011,USA,Diesel,Front-wheel drive,1,18.42015212
120,,76,2272.199856,13.8,2018,USA,Diesel,All-wheel drive,0,17.78315516
250,3,167,3453.39249,15.7,2016,Asia,Gasoline,All-wheel drive,-2,12.8145663
200,2,149,2672.276084,18.8,2011,Europe,Diesel,All-wheel drive,-2,16.03510058
210,2,188,2579.573799,14.6,2019,Europe,Gasoline,All-wheel drive,0,17.22220568
270,4,127,3289.609765,14.7,2020,USA,Diesel,All-wheel drive,2,13.65134018
250,6,159,3087.71675,12.8,2011,Asia,Gasoline,All-wheel drive,-1,15.11146534
210,6,175,3597.492185,20.3,2005,Europe,Diesel,All-wheel drive,-1,12.09860484
250,,135,3044.719807,,2022,USA,Diesel,All-wheel drive,2,14.38661945
180,8,149,2940.805976,14.6,2002,USA,Diesel,Front-wheel drive,1,14.72690673
190,5,126,2880.938562,14.5,2016,USA,Gasoline,Front-wheel drive,-1,15.37235289
190,4,142,2857.946425,,2000,Europe,Diesel,All-wheel drive,-1,16.74757415
250,4,100,2967.337579,14.5,2000,USA,Gasoline,All-wheel drive,1,14.48579447
270,2,134,3563.898615,13.6,2017,USA,Gasoline,Front-wheel drive,1,12.37061061
190,2,175,3335.958183,16.6,2019,Europe,Gasoline,Front-wheel drive,0,13.1496203
250,2,,3964.72441,,2011,Europe,Diesel,All-wheel drive,0,9.826628028
280,2,191,3180.516648,18.5,2002,Europe,Gasoline,All-wheel drive,-1,14.72176029
150,4,137,3526.715139,,2015,Asia,Gasoline,Front-wheel drive,1,11.89074775
190,6,202,3382.129231,16,2011,USA,Diesel,Front-wheel drive,-2,13.66635364
270,3,133,3153.621761,,2017,USA,Diesel,All-wheel drive,-1,13.75936645
250,3,,3378.445613,14.4,2019,Asia,Diesel,Front-wheel drive,-1,13.66471665
120,4,,2889.634627,16.2,2000,USA,Diesel,All-wheel drive,1,16.02355481
190,3,115,2937.945105,17.7,2015,USA,Diesel,All-wheel drive,3,14.10854894
260,5,139,1944.671478,,2009,USA,Diesel,All-wheel drive,0,19.6128479
210,5,,4487.045481,17,2012,Europe,Gasoline,All-wheel drive,0,7.733333566
140,,139,3856.23194,17,2006,Europe,Gasoline,All-wheel drive,0,10.23603542
160,2,114,2816.909827,,2017,USA,Diesel,All-wheel drive,-1,15.538038
130,6,165,3260.594681,8.6,2007,Europe,Diesel,All-wheel drive,2,14.36422398
140,4,211,1871.291164,,2009,USA,Gasoline,Front-wheel drive,,20.87565499
220,8,,3040.241244,14.6,2002,Asia,Diesel,Front-wheel drive,0,14.87650078
160,4,,3643.644683,17,2018,Europe,Gasoline,All-wheel drive,2,11.934327
170,4,123,2636.300529,15.6,2001,Europe,Diesel,Front-wheel drive,-1,16.70706622
170,5,153,3127.938073,13.3,2017,USA,Gasoline,Front-wheel drive,1,14.27361466
120,9,161,2793.813702,10.2,2020,Europe,Diesel,All-wheel drive,1,16.3234739
210,9,175,2320.909857,18,2022,Europe,Diesel,All-wheel drive,2,19.06972762
190,8,160,3287.674141,17.4,2018,Europe,Diesel,All-wheel drive,-1,14.02475681
100,5,188,2627.343162,14,2013,Asia,Gasoline,All-wheel drive,1,17.2548558
220,1,173,2774.884336,12.7,2018,USA,Diesel,All-wheel drive,0,16.84915131
150,5,161,2586.645441,13.8,2022,Europe,Diesel,All-wheel drive,2,16.98970585
240,6,139,3194.470112,16.4,2005,USA,Gasoline,Front-wheel drive,0,13.72325483
200,2,155,3399.339884,15,2010,Asia,Diesel,All-wheel drive,0,12.57909132
100,4,111,2023.807548,17.4,2020,USA,Gasoline,Front-wheel drive,-2,18.81576915
170,5,209,2947.28461,13.3,2014,Asia,Diesel,Front-wheel drive,,16.09117834
180,2,144,2441.614264,15.5,2020,Europe,Gasoline,Front-wheel drive,-2,18.29407324
200,5,237,3252.977611,13.3,2022,USA,Diesel,Front-wheel drive,0,14.66624364
140,3,154,3378.990879,16,2006,Europe,Diesel,Front-wheel drive,-2,13.38590709
230,2,192,3124.473642,16.9,2014,Asia,Gasoline,All-wheel drive,0,14.50900005
240,2,146,3475.175995,16.4,2011,Asia,Diesel,All-wheel drive,0,12.47916536
150,7,104,2638.236885,16.1,2021,USA,Gasoline,Front-wheel drive,1,16.0561908
160,3,164,3552.426431,18,2002,USA,Gasoline,Front-wheel drive,1,11.24150704
190,1,124,2251.617275,14.5,2021,Europe,Gasoline,All-wheel drive,2,18.79717002
180,3,147,1998.064224,13.3,2015,USA,Diesel,All-wheel drive,1,19.53701959
170,5,175,2631.323325,14.3,2005,Europe,Gasoline,All-wheel drive,-1,17.45760214
230,5,128,2667.552122,14.1,2004,Europe,Diesel,All-wheel drive,-1,16.34191951
120,5,190,2789.049252,15.5,2001,Europe,Gasoline,All-wheel drive,0,16.72006399
140,2,136,3419.111474,9.2,2011,USA,Gasoline,All-wheel drive,-1,13.16347167
150,4,,3722.001003,16,2006,Asia,Diesel,All-wheel drive,-1,11.61237203
30,8,153,3334.23,,2007,USA,Gasoline,All-wheel drive,1,13.60959086
250,2,158,3095.228234,11.4,2021,USA,Gasoline,All-wheel drive,2,15.37285815
200,4,158,2710.003406,15.9,2004,Europe,Diesel,Front-wheel drive,1,16.6893757
170,3,123,2869.15161,18.4,2013,USA,Diesel,All-wheel drive,0,14.92134523
190,3,134,2910.187761,16,2007,Asia,Diesel,Front-wheel drive,0,15.06346344
230,4,184,3068.942279,14.1,2010,Europe,Diesel,All-wheel drive,-1,15.63769146
210,4,144,3286.819135,,2006,Europe,Gasoline,All-wheel drive,1,14.00984365
250,,158,3224.045819,12,2004,Asia,Diesel,All-wheel drive,-1,14.2000022
100,5,145,3978.006683,17.5,2004,Asia,Gasoline,All-wheel drive,-1,9.639592708
200,4,175,2441.554961,20,2005,USA,Gasoline,Front-wheel drive,0,17.00077696
270,6,147,3009.398004,14.5,2009,USA,Gasoline,All-wheel drive,,15.65058762
210,2,115,2972.95292,,2004,USA,Gasoline,Front-wheel drive,0,14.47888881
290,5,89,2668.531517,16.5,2017,Asia,Gasoline,Front-wheel drive,1,15.6756387
230,6,141,3158.767187,13.9,2001,Europe,Gasoline,Front-wheel drive,-1,14.47547895
220,6,238,3257.93726,,2008,Asia,Diesel,All-wheel drive,2,14.18843592
220,1,90,3092.94476,16.5,2008,Europe,Gasoline,Front-wheel drive,1,13.33982583
200,2,130,2752.983756,14.9,2003,USA,Gasoline,All-wheel drive,1,16.50304736
210,3,158,1885.542564,15.2,2008,Europe,Gasoline,All-wheel drive,-1,20.86986142
250,3,117,3999.714076,15.5,2003,Asia,Gasoline,Front-wheel drive,1,9.225510431
250,4,197,2983.578665,9,2009,USA,Diesel,All-wheel drive,-1,16.21966632
190,2,147,2362.465226,16.2,2014,Asia,Diesel,Front-wheel drive,1,18.22266989
160,7,108,2869.613894,15.1,2012,Europe,Gasoline,All-wheel drive,0,15.30178829
150,2,145,2708.854044,14.1,2003,Asia,Gasoline,All-wheel drive,1,16.22202254
160,7,139,2823.844423,13,2022,Asia,Gasoline,Front-wheel drive,-2,16.14474224
270,2,110,3704.07105,16.4,2014,Asia,Diesel,All-wheel drive,0,11.04024299
190,3,167,2604.909873,18.1,2010,Asia,Gasoline,All-wheel drive,1,16.22378283
190,,79,2949.998565,16.7,2011,Europe,Gasoline,All-wheel drive,-2,14.94805496
220,3,123,3006.047278,,2011,USA,Gasoline,All-wheel drive,0,14.96388887
90,0,117,2952.483397,15.7,2013,USA,Gasoline,Front-wheel drive,-1,14.81623637
220,5,135,3647.115545,15.6,2003,USA,Diesel,Front-wheel drive,0,11.5065008
210,5,133,3233.481522,16.2,2002,Europe,Gasoline,Front-wheel drive,-1,13.17678356
240,4,146,3236.354608,11.4,2006,USA,Diesel,All-wheel drive,0,13.9438436
170,2,151,3689.203934,8.9,2009,Europe,Gasoline,All-wheel drive,0,12.19435527
260,2,151,3257.271723,16.6,2002,Europe,Gasoline,All-wheel drive,0,12.67492082
200,4,212,3139.191239,16.7,2004,USA,Gasoline,Front-wheel drive,-1,15.21500657
240,5,137,3640.501744,16.3,2007,USA,Diesel,All-wheel drive,-1,12.17303201
210,4,,3178.98671,17.1,2003,Asia,Diesel,All-wheel drive,0,14.00552229
150,4,219,2946.619511,13.5,2007,Asia,Gasoline,All-wheel drive,1,16.22862315
180,6,125,3048.897793,15.1,2001,USA,Gasoline,All-wheel drive,0,14.58209808
220,10,117,3258.523284,14.9,2004,Asia,Diesel,All-wheel drive,1,13.09787621
220,1,187,3278.113334,12.5,2010,Asia,Diesel,All-wheel drive,1,14.26655228
350,5,126,2844.874889,17,2021,USA,Diesel,All-wheel drive,0,14.81063205
180,7,119,2665.502654,18,2014,Europe,Diesel,All-wheel drive,2,16.15229131
190,2,199,2421.249511,16.1,2016,USA,Diesel,Front-wheel drive,0,18.49199925
230,1,90,3388.884018,16,2023,Europe,Diesel,All-wheel drive,2,11.71208671
110,4,205,1947.719494,14.6,2001,Asia,Diesel,Front-wheel drive,2,21.08651068
220,2,,2811.908291,16,2022,Asia,Gasoline,All-wheel drive,0,16.4464445
200,8,216,3308.335739,13.9,2021,Asia,Gasoline,Front-wheel drive,0,14.75508629
300,2,122,2976.439265,17.4,2013,USA,Diesel,All-wheel drive,0,14.65988406
170,7,,4447.523865,15.2,2001,Asia,Gasoline,All-wheel drive,-2,7.937169802
190,0,155,3415.554433,11.1,2007,Europe,Gasoline,Front-wheel drive,1,13.48241239
170,4,118,3267.741073,15.9,2011,USA,Gasoline,Front-wheel drive,-1,13.57297725
170,4,182,2717.315586,,2009,Asia,Gasoline,Front-wheel drive,0,15.92349813
190,2,131,2714.110407,18,2005,Asia,Gasoline,Front-wheel drive,0,15.5006531
80,2,169,2919.43846,16.8,2022,Europe,Diesel,All-wheel drive,1,15.86314801
160,3,151,3611.51721,11.6,2019,Europe,Gasoline,All-wheel drive,1,11.99172357
160,8,155,2422.998716,15.7,2009,Europe,Diesel,All-wheel drive,1,17.70264005
220,2,181,2591.006966,16.1,2017,Asia,Diesel,All-wheel drive,-2,16.37818495
240,5,193,3417.974914,17.1,2015,USA,Diesel,All-wheel drive,0,13.42550825
290,4,194,2863.256779,19.2,2007,Asia,Diesel,All-wheel drive,1,16.18822137
160,4,155,2225.648596,16.4,2010,USA,Gasoline,All-wheel drive,-1,18.80197093
170,3,,2905.903868,16.9,2016,USA,Diesel,All-wheel drive,0,14.64376933
190,2,136,1430.783567,18.1,2012,Asia,Gasoline,Front-wheel drive,0,22.48717395
260,4,184,2658.791502,16.9,2018,Asia,Gasoline,Front-wheel drive,-1,16.5144671
270,5,123,2760.029125,17.8,2008,Asia,Diesel,Front-wheel drive,-1,16.03268553
220,2,,2251.151962,19.2,2004,USA,Gasoline,Front-wheel drive,0,17.89516511
180,,,2595.532218,15.4,2000,Europe,Diesel,All-wheel drive,0,17.00423251
230,4,149,3123.303295,12.2,2021,Europe,Diesel,Front-wheel drive,0,14.20148381
200,5,189,3606.13159,17.7,2001,USA,Diesel,All-wheel drive,1,12.45912347
230,3,135,2718.834972,13.4,2003,Europe,Gasoline,All-wheel drive,0,16.46259358
230,2,141,2013.429246,,2011,USA,Diesel,All-wheel drive,0,19.30740806
190,1,168,2757.773226,10.8,2002,Asia,Diesel,All-wheel drive,1,17.13210739
220,0,133,2866.200163,13.2,2007,USA,Diesel,All-wheel drive,0,15.62749745
160,1,159,2683.636351,11,2007,Asia,Gasoline,Front-wheel drive,-1,17.32203034
180,6,147,3651.542741,13.6,2018,Europe,Gasoline,All-wheel drive,-1,11.82176966
240,2,123,2238.466706,16.2,2011,Europe,Diesel,All-wheel drive,-2,17.8309401
280,3,166,3105.342716,14.2,2015,Asia,Gasoline,Front-wheel drive,1,15.27966142
190,4,149,2585.846036,15.4,2021,USA,Gasoline,All-wheel drive,0,16.53944106
140,2,122,3421.167151,14.8,2011,Europe,Gasoline,Front-wheel drive,0,12.76420517
150,5,134,3495.257837,19.9,2012,Asia,Diesel,All-wheel drive,1,11.98070159
120,3,159,3376.908749,13.3,2014,Asia,Gasoline,All-wheel drive,0,13.34811109
200,2,167,2724.634106,12.3,2022,USA,Diesel,All-wheel drive,,16.82786858
220,4,132,3113.616433,18.9,2002,Asia,Gasoline,All-wheel drive,1,14.01058806
190,6,177,2885.536832,12.6,2018,Europe,Gasoline,All-wheel drive,-1,16.21523307
150,6,230,3494.063133,12.1,2012,Europe,Gasoline,Front-wheel drive,-2,12.75444117
190,2,138,3335.057056,19.5,2022,Asia,Gasoline,Front-wheel drive,0,13.00031202
220,5,,3246.599943,19.8,2002,Europe,Diesel,Front-wheel drive,1,13.78992196
250,6,157,2634.744992,18.9,2022,USA,Gasoline,All-wheel drive,0,16.34808885
210,6,204,2206.772486,18.5,2003,USA,Diesel,All-wheel drive,2,19.24596507
220,3,176,2585.890891,,2019,Europe,Diesel,All-wheel drive,0,17.79705669
260,3,150,3654.911807,17.4,2018,USA,Diesel,Front-wheel drive,0,11.23018206
180,5,226,2720.455763,14.1,2015,Asia,Gasoline,Front-wheel drive,0,17.55740767
170,5,167,3342.923511,21.4,2003,USA,Gasoline,All-wheel drive,0,12.9017167
150,1,118,3135.190508,19.2,2010,Asia,Diesel,All-wheel drive,1,13.38803347
200,7,157,3027.857614,15.5,2015,USA,Diesel,Front-wheel drive,0,14.4737172
250,,153,2855.19388,,2020,Asia,Diesel,Front-wheel drive,1,15.67346857
140,0,102,3231.502588,14,2013,USA,Diesel,All-wheel drive,0,13.34265575
120,4,170,2975.813501,15.7,2002,Europe,Gasoline,Front-wheel drive,,16.01097273
220,1,,2292.178656,11.4,2006,Europe,Gasoline,All-wheel drive,0,19.55437001
260,5,113,3390.363622,20.7,2005,Asia,Diesel,All-wheel drive,0,12.21321247
250,1,157,3027.594632,19.4,2006,Europe,Diesel,Front-wheel drive,0,14.32870689
220,6,,2403.974448,9.6,2003,Europe,Gasoline,Front-wheel drive,2,18.92524895
250,4,141,3565.702873,18.5,2011,USA,Gasoline,All-wheel drive,-1,11.59949466
190,4,108,3383.513734,8.7,2008,Asia,Gasoline,Front-wheel drive,-2,13.62011306
260,3,142,2250.112436,14.6,2018,USA,Gasoline,All-wheel drive,3,19.03168534
280,9,161,2149.052869,17.4,2012,Asia,Gasoline,All-wheel drive,1,19.23413145
190,5,94,3281.289405,16.3,2010,Asia,Diesel,Front-wheel drive,1,12.92774217
290,3,185,2872.562728,15.2,2010,Europe,Diesel,All-wheel drive,1,16.14712751
240,7,175,3263.894906,12.7,2012,USA,Gasoline,Front-wheel drive,-1,13.47499626
190,8,176,2332.793762,16.1,2016,Europe,Diesel,Front-wheel drive,-1,17.66111703
170,2,162,2459.445323,13.1,2019,Asia,Diesel,All-wheel drive,1,18.6116574
190,4,143,3298.239292,15.2,2023,Asia,Diesel,Front-wheel drive,-2,13.60016248
210,7,143,2441.496242,17.9,2003,Asia,Diesel,All-wheel drive,-1,17.13940092
180,8,183,3422.841683,16.7,2023,Asia,Gasoline,Front-wheel drive,0,13.19186345
300,,148,3854.499966,13.3,2006,USA,Gasoline,All-wheel drive,-1,10.4054482
220,2,180,2569.987868,,2019,USA,Gasoline,All-wheel drive,2,17.57405622
200,7,68,2056.580796,19.4,2011,Asia,Gasoline,Front-wheel drive,1,18.3595567
330,2,181,3322.283166,14.5,2001,Asia,Diesel,All-wheel drive,-1,14.74771007
240,5,201,3171.610136,13.1,2012,USA,Gasoline,Front-wheel drive,2,14.58443214
220,,135,2639.663858,14.7,2010,Europe,Gasoline,All-wheel drive,2,16.34096859
210,5,156,2565.56093,13,2006,Asia,Diesel,All-wheel drive,-1,17.37050906
300,2,150,2389.110177,12.8,2013,Asia,Gasoline,All-wheel drive,0,17.97975789
240,1,122,3823.931402,20,2020,Europe,Gasoline,All-wheel drive,0,10.23285567
300,5,147,2932.987464,,2005,Asia,Diesel,Front-wheel drive,1,15.20445124
210,1,119,2794.249752,11.9,2007,Europe,Gasoline,Front-wheel drive,-2,15.63962449
170,3,189,3195.777876,18.9,2018,Europe,Gasoline,All-wheel drive,0,14.19376131
90,3,149,3166.345119,15.5,2004,Europe,Diesel,Front-wheel drive,-2,14.12376914
200,5,175,2420.872624,12.6,2021,Asia,Diesel,All-wheel drive,-1,18.59903962
230,6,169,2467.813837,13.9,2010,USA,Diesel,Front-wheel drive,1,18.07117084
180,6,148,3235.392595,17.7,2007,USA,Diesel,Front-wheel drive,-1,13.65345182
210,5,156,2620.87494,14.7,2017,Asia,Gasoline,Front-wheel drive,1,17.68757758
250,5,124,2617.833653,11,2019,Asia,Diesel,All-wheel drive,,17.04929484
190,6,194,2642.497579,16.6,2005,Europe,Gasoline,All-wheel drive,1,16.85575744
280,,129,2210.858539,14.3,2022,Europe,Gasoline,All-wheel drive,0,17.96439802
210,4,198,3986.913629,13.9,2021,Asia,Gasoline,Front-wheel drive,0,10.34818943
280,2,177,3160.516211,,2021,Europe,Gasoline,All-wheel drive,0,14.27881459
240,4,162,3522.908013,6.4,2017,Asia,Gasoline,All-wheel drive,0,13.50079096
160,2,128,2953.027293,19.2,2018,USA,Diesel,All-wheel drive,0,14.45710654
190,5,163,3048.946697,12.3,2011,USA,Gasoline,All-wheel drive,0,15.35782153
220,3,134,3447.450899,15.5,2019,Asia,Diesel,Front-wheel drive,,13.07239951
200,2,,3459.776878,17.8,2014,Europe,Gasoline,Front-wheel drive,0,12.17567775
230,4,,2708.854584,,2014,Europe,Diesel,Front-wheel drive,0,16.7990482
250,2,156,3256.003858,17.5,2003,Asia,Gasoline,All-wheel drive,1,13.83229067
140,1,109,2703.399908,15.5,2013,USA,Gasoline,All-wheel drive,0,15.87471609
190,3,141,3548.91077,,2009,USA,Diesel,Front-wheel drive,0,12.50057538
160,5,146,2534.025909,11.5,2017,USA,Diesel,Front-wheel drive,0,17.96178612
230,4,180,3727.878129,16.2,2008,Asia,Gasoline,All-wheel drive,-1,12.11059775
140,3,140,4247.608157,13,2004,Asia,Gasoline,Front-wheel drive,0,9.217873461
100,4,143,4332.82791,18.6,2001,Asia,Gasoline,All-wheel drive,1,8.847358031
270,3,175,2722.733304,15.8,2013,Europe,Gasoline,All-wheel drive,0,16.28318159
290,,139,2805.295191,15.2,2001,Europe,Gasoline,All-wheel drive,0,16.01691835
220,2,110,3418.3364,15.1,2003,USA,Diesel,All-wheel drive,0,13.42381634
220,3,132,2534.996145,15.2,2011,Europe,Gasoline,All-wheel drive,0,17.13852116
180,5,150,2566.319825,12.6,2019,Asia,Diesel,Front-wheel drive,2,17.76331461
190,4,189,2729.874368,15.6,2016,USA,Diesel,Front-wheel drive,,16.27389777
240,4,156,2900.867966,13.4,2007,Asia,Gasoline,Front-wheel drive,0,16.0207433
170,5,169,3216.631028,14.4,2021,USA,Diesel,All-wheel drive,1,13.85281425
150,4,130,2751.671008,16.4,2017,Europe,Diesel,All-wheel drive,-2,15.13815396
180,,142,3256.543594,,2015,USA,Gasoline,Front-wheel drive,0,14.43702153
260,2,,2951.64172,11.2,2023,Europe,Gasoline,Front-wheel drive,0,15.60007334
330,5,143,3281.156215,16.4,2001,USA,Gasoline,Front-wheel drive,1,13.60831147
200,3,148,3661.325505,13.7,2020,Europe,Diesel,All-wheel drive,-1,11.87894486
210,5,122,3255.959734,,2007,USA,Diesel,All-wheel drive,0,13.86994095
170,3,146,2670.619669,15,2012,Asia,Diesel,Front-wheel drive,-1,16.75789684
200,8,156,4060.793095,,2022,Asia,Gasoline,Front-wheel drive,-1,9.323630443
250,7,173,3430.109408,11.7,2009,USA,Gasoline,Front-wheel drive,1,13.65029498
170,4,140,3284.784265,12.2,2017,Europe,Diesel,All-wheel drive,,13.7801575
170,7,151,1958.277551,12.9,2009,USA,Diesel,Front-wheel drive,-1,20.40663821
280,3,223,2623.8179,16.3,2004,Europe,Gasoline,All-wheel drive,,17.65386964
150,4,187,3325.764874,15.5,2013,Europe,Diesel,Front-wheel drive,-1,14.09105421
330,0,136,3225.441447,,2016,Europe,Diesel,Front-wheel drive,0,14.08775219
280,4,,2849.854906,14.2,2006,Europe,Gasoline,All-wheel drive,-3,15.79530346
190,2,178,3576.554121,16,2016,USA,Diesel,Front-wheel drive,0,12.27427307
320,4,147,2808.301601,16.3,2004,Asia,Gasoline,All-wheel drive,0,16.23841907
240,5,146,3000.299796,14.2,2010,USA,Diesel,Front-wheel drive,0,14.85754661
100,5,105,2612.617068,16,2017,USA,Diesel,Front-wheel drive,-1,15.73718716
290,3,166,3211.119102,14.1,2018,Europe,Gasoline,Front-wheel drive,0,14.17875413
200,9,178,2265.009335,16.4,2013,Europe,Diesel,All-wheel drive,-2,18.70943426
240,4,141,3360.562743,13.1,2017,Asia,Gasoline,Front-wheel drive,1,13.62321601
220,,121,3675.35939,12.4,2007,Asia,Gasoline,Front-wheel drive,1,12.26734729
270,3,170,3365.577563,15.3,2021,USA,Gasoline,Front-wheel drive,1,13.53232942
230,3,137,3277.755322,12.1,2018,USA,Diesel,All-wheel drive,-1,13.4647378
170,5,125,2978.577154,13.1,2016,Europe,Gasoline,Front-wheel drive,-2,14.48858738
180,,141,3015.553434,12.1,2022,Asia,Gasoline,Front-wheel drive,0,14.77312605
150,,,3361.709966,,2010,USA,Gasoline,All-wheel drive,-2,13.16266354
220,5,120,2187.113786,18.8,2010,Europe,Diesel,Front-wheel drive,2,18.800001
230,,187,3941.131282,,2015,Europe,Diesel,All-wheel drive,-1,10.37234757
150,3,139,3034.768752,17.9,2018,USA,Gasoline,Front-wheel drive,0,14.28478177
180,5,155,2804.022347,,2017,Asia,Gasoline,All-wheel drive,-1,15.48151626
240,2,175,2076.54106,13.8,2006,Europe,Gasoline,Front-wheel drive,-1,19.61037521
150,5,,3022.147275,18.8,2006,Asia,Diesel,All-wheel drive,0,14.75412372
180,2,170,3071.736463,16.6,2015,Asia,Diesel,All-wheel drive,0,14.63000821
220,2,167,3293.736313,14.2,2019,Europe,Gasoline,All-wheel drive,1,13.66864192
210,4,132,3484.485267,11.1,2000,Europe,Gasoline,All-wheel drive,0,12.36813204
210,3,119,2314.823661,13.7,2005,Europe,Diesel,Front-wheel drive,0,18.63811967
200,2,203,2544.872722,14.9,2001,Asia,Diesel,All-wheel drive,-2,17.45455681
200,3,148,2897.250317,,2002,Asia,Diesel,All-wheel drive,0,15.38214284
210,2,184,3019.165922,13.5,2002,Europe,Diesel,All-wheel drive,0,14.55158225
210,1,128,1873.631119,,2007,USA,Diesel,Front-wheel drive,-2,20.33721006
220,3,173,3288.56616,16.7,2017,USA,Gasoline,Front-wheel drive,0,14.06470425
240,5,133,3145.096849,13,2019,Europe,Diesel,Front-wheel drive,-1,14.15771392
210,,151,3180.009355,11.3,2005,Europe,Diesel,Front-wheel drive,,14.40990521
280,7,153,2648.103312,14.6,2006,Asia,Gasoline,Front-wheel drive,1,16.84413128
210,4,198,3213.7647,17,2023,USA,Diesel,All-wheel drive,-1,14.50245265
140,5,,3570.18468,12.5,2020,Europe,Gasoline,Front-wheel drive,-2,12.39970843
200,4,143,2775.796716,15.4,2015,USA,Gasoline,Front-wheel drive,,16.38627193
210,1,154,3597.240569,16,2009,Asia,Diesel,All-wheel drive,1,11.94406553
130,2,161,2727.555727,17.6,2011,Asia,Diesel,Front-wheel drive,1,15.49423952
300,5,120,3127.551283,9.4,2009,USA,Gasoline,Front-wheel drive,1,14.68608099
230,3,157,2439.764273,16.9,2006,Europe,Diesel,Front-wheel drive,0,17.86230682
230,3,155,2471.880237,,2017,Asia,Diesel,Front-wheel drive,2,18.59182197
210,3,,2790.467963,11.8,2021,Europe,Diesel,All-wheel drive,0,16.96333971
180,5,161,2807.601656,8.2,2017,USA,Gasoline,Front-wheel drive,1,16.62431129
210,4,119,2981.00055,13.5,2018,Europe,Gasoline,Front-wheel drive,-1,14.39441958
200,3,166,2745.89157,19.1,2002,Asia,Diesel,Front-wheel drive,1,15.86900507
170,5,162,3972.705818,18.5,2010,Asia,Gasoline,All-wheel drive,0,10.20258551
100,,119,3289.298169,13.5,2005,Europe,Gasoline,All-wheel drive,-1,12.90520517
150,5,167,2806.776904,15.2,2020,USA,Diesel,Front-wheel drive,-1,16.23224324
260,7,156,3134.381827,16,2014,USA,Diesel,All-wheel drive,1,14.87116035
190,4,139,2988.585737,14.9,2012,Asia,Diesel,Front-wheel drive,0,15.27577896
160,1,125,2283.206407,15.1,2003,Europe,Gasoline,All-wheel drive,,18.26824468
200,6,152,2431.552359,17.2,2005,Europe,Diesel,All-wheel drive,-1,17.63674619
200,3,143,2921.990343,17.5,2012,USA,Diesel,Front-wheel drive,0,15.22815399
180,8,121,3073.387314,9.3,2011,Asia,Diesel,All-wheel drive,0,14.33272036
320,3,147,3227.825008,17,2017,USA,Diesel,Front-wheel drive,,13.41286415
200,5,138,2994.979542,17.6,2000,Europe,Gasoline,Front-wheel drive,2,15.01464589
150,2,149,3064.003958,16.7,2008,USA,Gasoline,Front-wheel drive,1,13.84035492
170,6,102,2592.912915,17.1,2010,Asia,Diesel,Front-wheel drive,0,16.34972283
220,4,142,2694.008341,,2002,Europe,Gasoline,All-wheel drive,1,16.58576291
120,6,144,3190.115206,10.4,2001,Asia,Gasoline,Front-wheel drive,,13.75272703
250,4,129,2821.282319,15.7,2012,USA,Gasoline,All-wheel drive,,15.20055623
140,3,130,3456.289376,11.1,2004,Asia,Gasoline,All-wheel drive,0,13.293396
210,,171,3062.047925,13.4,2005,USA,Gasoline,All-wheel drive,-1,14.48919824
170,4,,3730.351064,,2018,USA,Gasoline,All-wheel drive,-1,10.52795602
190,2,128,2598.973946,,2012,Europe,Diesel,All-wheel drive,-1,16.80351904
260,5,146,2515.437193,14,2016,USA,Diesel,All-wheel drive,,17.17642597
200,7,169,2587.282131,13.4,2005,Asia,Diesel,All-wheel drive,1,17.49388694
190,2,125,2682.383913,16.7,2005,Asia,Diesel,All-wheel drive,-1,16.33648371
190,,134,2998.781912,12.4,2010,USA,Diesel,All-wheel drive,-2,14.83774093
140,3,162,3528.984641,11.1,2002,Europe,Gasoline,All-wheel drive,,13.03300387
230,,146,2938.299144,15.6,2000,USA,Gasoline,Front-wheel drive,0,15.32439962
300,1,152,3768.559745,17.6,2018,Europe,Gasoline,Front-wheel drive,-1,11.65116797
140,3,139,2069.349114,11.3,2022,USA,Gasoline,Front-wheel drive,1,19.60784379
210,4,188,2831.894436,15,2020,Asia,Diesel,Front-wheel drive,0,15.33472249
230,5,163,2765.087837,13.1,2014,Asia,Diesel,Front-wheel drive,0,16.09764432
170,2,144,2066.561846,13.5,2002,Asia,Diesel,All-wheel drive,0,20.20112431
220,10,117,3281.055883,9,2023,Asia,Gasoline,All-wheel drive,1,13.30040974
170,3,147,2550.372803,,2005,Europe,Gasoline,Front-wheel drive,2,17.56319396
230,3,117,2773.495757,18.1,2022,Asia,Gasoline,All-wheel drive,,15.06840199
220,6,101,2599.746978,15.5,2022,Asia,Diesel,All-wheel drive,-2,16.03327005
130,4,136,3139.698999,14.3,2006,Europe,Gasoline,Front-wheel drive,-2,14.28215949
220,,158,3065.019682,,2015,USA,Gasoline,All-wheel drive,-1,14.24206211
270,4,133,1704.567068,,2020,USA,Gasoline,All-wheel drive,0,21.19865903
230,2,179,2694.641495,16.4,2014,Asia,Diesel,Front-wheel drive,-1,16.85927711
200,3,138,3207.480555,14.5,2019,Europe,Diesel,Front-wheel drive,1,14.25431284
220,3,142,3245.192221,14.8,2002,USA,Diesel,Front-wheel drive,-1,13.7733639
190,5,190,2614.958561,19.6,2006,USA,Gasoline,All-wheel drive,1,16.76436168
240,5,141,3194.423843,14.5,2019,USA,Diesel,All-wheel drive,0,14.27077422
170,4,117,2037.382303,16.4,2010,USA,Diesel,Front-wheel drive,1,19.46666152
170,2,120,2801.840372,16,2022,Asia,Diesel,All-wheel drive,1,14.98883054
210,2,,2254.200757,14.7,2010,USA,Gasoline,All-wheel drive,-1,18.0938485
190,7,112,3573.02691,14.4,2021,USA,Gasoline,Front-wheel drive,-1,12.01470873
140,4,138,3438.741783,13.5,2006,Europe,Gasoline,All-wheel drive,1,12.92355126
210,4,139,3744.189054,12.6,2012,Europe,Diesel,All-wheel drive,-1,11.22716871
170,0,134,3290.991873,14.1,2015,Europe,Diesel,Front-wheel drive,,14.06841678
110,1,141,3205.987038,14.8,2007,Europe,Gasoline,Front-wheel drive,1,14.17832757
190,0,154,3232.344743,19.6,2006,Asia,Gasoline,Front-wheel drive,1,12.9794556
150,6,135,2233.57661,15.7,2000,USA,Diesel,All-wheel drive,-1,18.95718371
250,6,171,3620.587497,15.4,2012,Europe,Gasoline,Front-wheel drive,-2,11.73556355
220,4,,3857.783903,12.8,2019,Asia,Diesel,Front-wheel drive,1,10.74210221
190,5,,2428.321382,13.3,2006,Asia,Gasoline,Front-wheel drive,0,17.87544965
250,6,175,2609.369103,15.1,2004,USA,Diesel,Front-wheel drive,0,17.46455186
200,4,184,3823.440289,19.6,2005,Europe,Gasoline,Front-wheel drive,0,10.68831854
200,7,126,3094.224231,,2003,Europe,Gasoline,All-wheel drive,0,14.44479993
200,4,164,2790.226975,20.1,2010,Europe,Diesel,Front-wheel drive,-1,15.96156183
170,5,151,3080.777566,13.8,2020,USA,Diesel,Front-wheel drive,0,14.57369765
80,0,201,2207.803802,14.9,2011,Europe,Diesel,Front-wheel drive,0,19.80228771
220,6,132,2818.6215,13.6,2013,Asia,Diesel,All-wheel drive,-2,16.006267
140,,99,4249.257379,14.5,2011,Asia,Diesel,Front-wheel drive,0,8.472245009
230,5,125,2992.665124,13.5,2016,Europe,Gasoline,Front-wheel drive,-1,15.11062622
240,3,120,3126.478321,14.7,2018,Europe,Diesel,All-wheel drive,,13.63043284
210,4,118,3305.51685,15.6,2003,USA,Diesel,Front-wheel drive,1,13.08717796
230,4,,2597.245324,15.1,2022,USA,Gasoline,Front-wheel drive,0,16.56376758
210,1,,3119.708125,14.3,2018,Europe,Gasoline,Front-wheel drive,-1,14.47731015
30,6,155,2935.1863,20.1,2008,Asia,Diesel,Front-wheel drive,1,15.26209373
160,2,140,2993.437302,18.9,2005,Asia,Diesel,All-wheel drive,0,15.36822998
240,3,144,3539.230034,12.8,2007,USA,Gasoline,All-wheel drive,0,12.15350815
220,1,136,2471.042074,15.8,2022,USA,Gasoline,All-wheel drive,1,17.57688495
170,4,200,3404.582552,,2023,Europe,Gasoline,Front-wheel drive,0,13.32842592
250,8,123,2376.908217,18.7,2023,Asia,Gasoline,Front-wheel drive,-1,17.59091115
170,8,146,3261.594157,13.9,2013,USA,Diesel,All-wheel drive,0,13.7746654
300,5,127,3703.869909,7.4,2003,Asia,Gasoline,All-wheel drive,2,11.93227532
210,7,162,3272.249191,12.1,2012,USA,Diesel,All-wheel drive,1,13.98551861
230,6,184,2653.118263,16,2009,Asia,Gasoline,Front-wheel drive,0,16.84806175
200,1,134,2933.113811,14.3,2016,Asia,Gasoline,Front-wheel drive,-1,14.54687364
150,1,147,3079.025372,,2013,Europe,Diesel,All-wheel drive,0,14.95418959
170,3,153,4314.329667,10.2,2009,Europe,Diesel,Front-wheel drive,0,9.200387095
130,4,161,3792.659983,13.4,2015,Europe,Diesel,Front-wheel drive,1,11.24160062
180,3,89,3361.316665,13.5,2021,Asia,Diesel,All-wheel drive,1,12.4163359
200,5,123,2797.189621,16.6,2015,USA,Gasoline,Front-wheel drive,0,16.12094485
220,3,143,3253.049725,13.2,2019,Europe,Diesel,All-wheel drive,1,14.09919701
240,4,137,2843.094282,16.1,2019,Asia,Diesel,Front-wheel drive,0,15.21531421
150,6,156,2998.056215,15.7,2003,Asia,Gasoline,Front-wheel drive,-1,15.32013393
210,6,130,2774.65286,11.9,2011,USA,Diesel,All-wheel drive,,16.41227559
140,4,99,2498.937968,14.8,2017,USA,Diesel,Front-wheel drive,-1,17.19556728
190,2,154,2594.471346,,2017,USA,Gasoline,Front-wheel drive,0,17.24527624
230,2,145,3110.002159,16.2,2006,Asia,Diesel,Front-wheel drive,0,14.00046263
70,,,2362.338081,13.5,2020,Asia,Gasoline,Front-wheel drive,,18.92015211
180,3,184,2403.083434,12.2,2018,Asia,Gasoline,All-wheel drive,0,18.37573139
200,5,177,2477.631161,16.4,2000,USA,Diesel,Front-wheel drive,0,18.06400847
190,4,136,3012.659987,8.5,2009,Europe,Diesel,All-wheel drive,0,15.81030359
190,3,145,2766.815672,17.9,2009,USA,Diesel,All-wheel drive,0,15.58977501
240,1,170,3083.472154,11.9,2005,USA,Diesel,All-wheel drive,,15.74754883
180,,158,2617.660026,14.1,2007,Europe,Diesel,All-wheel drive,-2,17.27716423
120,6,125,3197.854291,11.7,2018,Asia,Diesel,Front-wheel drive,0,14.20441164
160,3,121,3339.319611,15.8,2012,Asia,Diesel,Front-wheel drive,1,12.05821036
280,5,174,2797.991793,,2016,USA,Diesel,All-wheel drive,0,15.86584974
120,3,167,3146.414251,19.1,2005,USA,Gasoline,Front-wheel drive,,14.05555886
150,6,83,3349.385989,14.6,2012,Europe,Diesel,All-wheel drive,0,12.6368495
190,4,145,3266.544082,12.2,2019,Asia,Diesel,Front-wheel drive,0,14.03576313
200,1,156,3181.44229,17.7,2016,Europe,Diesel,All-wheel drive,,13.94622205
220,4,142,2425.800369,13.5,2012,Europe,Gasoline,Front-wheel drive,0,17.79098716
160,4,151,2720.842188,19.5,2021,USA,Gasoline,All-wheel drive,0,15.71900074
220,1,189,2926.530309,17.1,2001,Asia,Gasoline,Front-wheel drive,1,15.33821849
260,2,185,1626.25418,10,2022,USA,Gasoline,Front-wheel drive,-1,22.63383192
260,0,147,3044.236279,19.3,2014,Europe,Diesel,Front-wheel drive,0,14.70451655
160,3,155,2773.25733,12.3,2011,USA,Gasoline,All-wheel drive,1,16.78205813
60,7,110,2727.643796,,2005,USA,Diesel,Front-wheel drive,-1,16.1569758
220,2,138,3222.569466,17,2014,USA,Diesel,Front-wheel drive,0,12.87528996
130,8,128,2801.675929,10.6,2019,Europe,Diesel,Front-wheel drive,-3,15.44564018
170,3,171,3357.551089,16.8,2016,Asia,Diesel,All-wheel drive,0,13.17584947
240,4,127,4044.606636,15.3,2000,Asia,Diesel,All-wheel drive,-2,9.298734622
280,4,150,3342.657142,21.8,2015,Asia,Diesel,Front-wheel drive,-1,12.00969707
160,1,144,3303.825742,15.4,2016,Europe,Gasoline,Front-wheel drive,0,13.66437877
270,,107,2648.816377,10.2,2005,Europe,Gasoline,Front-wheel drive,0,17.11422046
230,7,208,3218.436828,,2009,Asia,Diesel,All-wheel drive,1,14.11094686
150,4,216,2397.872284,16.1,2003,USA,Gasoline,Front-wheel drive,-1,17.97551901
200,4,219,3080.766522,15,2006,Europe,Gasoline,All-wheel drive,1,15.37614188
190,3,130,2493.267215,,2000,Asia,Gasoline,Front-wheel drive,1,17.70301817
210,3,119,3661.237938,13.8,2017,Asia,Gasoline,All-wheel drive,2,10.44148389
150,2,,2996.391699,11.7,2004,Europe,Gasoline,All-wheel drive,0,14.73884987
190,6,184,3724.502466,16.8,2010,USA,Gasoline,All-wheel drive,1,11.44545181
220,6,190,2808.120969,12.2,2017,Asia,Gasoline,All-wheel drive,1,16.57060961
210,,,2808.345571,16.7,2004,Asia,Gasoline,Front-wheel drive,-1,15.98159828
130,8,162,3635.549972,16.8,2008,Europe,Diesel,Front-wheel drive,0,12.46975205
220,4,105,3523.635211,15.1,2013,Europe,Gasoline,Front-wheel drive,0,12.11865218
260,1,108,3189.453942,13.8,2003,Europe,Gasoline,Front-wheel drive,0,14.31305437
80,3,155,3147.362145,16.7,2006,Europe,Gasoline,Front-wheel drive,2,13.84956228
170,5,134,4000.666214,16.1,2003,Asia,Gasoline,All-wheel drive,0,10.03440157
260,2,161,3531.683257,15.1,2003,USA,Diesel,Front-wheel drive,0,12.28989298
80,6,100,3552.574833,14,2015,Europe,Diesel,All-wheel drive,0,12.62954499
290,2,166,3105.849903,16.8,2016,Europe,Gasoline,All-wheel drive,0,14.29479155
270,6,128,2627.318691,11.9,2011,USA,Gasoline,All-wheel drive,1,16.69838261
240,6,146,3627.569931,15.1,2004,Asia,Diesel,All-wheel drive,-1,12.12994285
230,5,158,2443.734115,12.6,2014,Asia,Gasoline,Front-wheel drive,-1,17.59751718
140,2,182,3710.284831,16.5,2016,USA,Gasoline,All-wheel drive,0,12.30039049
260,4,188,4187.103178,12.8,2009,Asia,Gasoline,Front-wheel drive,0,9.5558833
130,4,178,2883.931249,15.3,2016,USA,Diesel,Front-wheel drive,-1,16.24907303
170,,127,2506.337022,15.6,2021,Asia,Gasoline,All-wheel drive,1,16.87690742
210,4,,3814.577066,19.9,2016,USA,Gasoline,Front-wheel drive,1,10.42019766
210,3,120,2889.573357,16.8,2013,USA,Gasoline,All-wheel drive,0,14.47223662
200,3,179,3660.759268,14.5,2009,Europe,Diesel,All-wheel drive,1,12.27385007
190,3,168,2643.88689,,2010,Asia,Diesel,All-wheel drive,0,16.55847607
220,4,,2695.066459,13.5,2013,USA,Gasoline,All-wheel drive,0,15.96534933
370,5,134,3309.102315,,2016,USA,Gasoline,Front-wheel drive,-2,12.48056935
170,7,,2663.245068,13.6,2022,Europe,Diesel,All-wheel drive,,16.59854819
240,3,94,2479.429391,20.9,2021,Europe,Gasoline,Front-wheel drive,1,15.93523721
140,6,106,2600.626426,14.9,2011,Asia,Gasoline,Front-wheel drive,-1,16.45609736
270,6,142,2595.141064,7,2005,USA,Gasoline,All-wheel drive,1,17.69829941
210,3,162,3881.099623,16.6,2014,Asia,Diesel,Front-wheel drive,0,10.71021707
200,7,156,3087.437731,13.9,2012,Europe,Diesel,Front-wheel drive,-1,15.11140509
190,3,187,3385.932769,16.6,2021,USA,Gasoline,Front-wheel drive,-1,13.90524319
170,5,118,3442.91155,15.7,2010,Asia,Gasoline,Front-wheel drive,0,12.31473083
240,6,161,4019.620175,14.7,2020,Asia,Diesel,Front-wheel drive,-1,9.453518184
270,5,209,3411.675528,14.4,2005,USA,Diesel,Front-wheel drive,0,13.42270487
290,,161,3354.274495,13.3,2008,USA,Gasoline,All-wheel drive,0,12.66701116
150,6,161,3600.233447,19.1,2007,Asia,Gasoline,Front-wheel drive,-1,12.01607825
170,7,191,2624.829146,16.3,2008,Asia,Gasoline,Front-wheel drive,2,16.66927362
160,5,,2563.713647,13.3,2013,Europe,Diesel,All-wheel drive,0,17.97389208
210,3,96,1873.967934,16.7,2006,USA,Gasoline,Front-wheel drive,-1,20.03469561
340,3,155,2633.496131,16,2018,Asia,Diesel,All-wheel drive,1,17.13587465
200,1,114,3517.593362,14,2004,USA,Gasoline,All-wheel drive,1,12.42642836
170,2,107,2706.586191,13.1,2003,Europe,Diesel,All-wheel drive,0,16.67072111
250,,102,2345.372437,,2014,Asia,Diesel,All-wheel drive,2,18.0477678
110,3,160,2510.088078,14.5,2016,Europe,Diesel,Front-wheel drive,0,17.9448659
200,2,192,2832.350961,15.5,2003,Europe,Diesel,Front-wheel drive,1,16.08416667
230,9,136,3407.890631,11.8,2012,USA,Gasoline,All-wheel drive,1,12.84333074
200,,,3309.861795,,2012,USA,Gasoline,Front-wheel drive,-2,13.7058477
120,2,150,2665.367905,13,2012,USA,Gasoline,Front-wheel drive,0,16.90654687
170,,175,3608.621721,13,2019,Europe,Gasoline,Front-wheel drive,-1,12.8629228
210,4,195,2345.940039,13.5,2001,USA,Gasoline,Front-wheel drive,-1,19.03792286
110,3,158,2362.013011,16.6,2018,Asia,Diesel,All-wheel drive,-2,18.21424769
220,6,121,3029.994861,16.9,2006,Europe,Gasoline,All-wheel drive,1,14.51477122
120,8,133,2613.355746,14.9,2017,Europe,Diesel,Front-wheel drive,1,16.94514538
200,4,152,2695.50634,20.2,2008,Asia,Diesel,All-wheel drive,-1,16.63746438
180,3,112,2673.959909,17.3,2020,Europe,Diesel,Front-wheel drive,0,15.97550404
150,1,140,3451.55389,17.5,2014,USA,Diesel,Front-wheel drive,,12.57038257
250,9,128,2145.980073,15.6,2000,USA,Diesel,All-wheel drive,0,18.82042111
180,6,128,2820.703019,16.5,2008,USA,Diesel,All-wheel drive,-1,15.28550044
220,1,159,4095.572408,17.7,2016,Asia,Gasoline,All-wheel drive,0,9.15587362
210,6,140,2570.850015,17.3,2003,USA,Diesel,All-wheel drive,0,17.24722046
100,6,118,3334.553277,10.4,2002,Europe,Gasoline,All-wheel drive,-1,12.63396813
250,0,147,3623.836633,16.3,2007,Europe,Diesel,All-wheel drive,-1,12.04273262
120,0,157,3018.521424,12.9,2006,Europe,Gasoline,All-wheel drive,-1,15.21060843
150,3,158,3186.827896,18.5,2020,Asia,Diesel,Front-wheel drive,2,13.43360869
220,3,180,2437.530766,10.1,2019,USA,Gasoline,All-wheel drive,0,19.2290109
140,4,150,3395.757092,15.4,2005,Asia,Gasoline,All-wheel drive,1,11.96789982
290,4,188,3837.684633,13.1,2012,Asia,Gasoline,All-wheel drive,1,11.51613673
110,3,,2794.656334,,2008,USA,Gasoline,Front-wheel drive,1,16.98284197
250,4,156,3956.759241,17.6,2005,Asia,Gasoline,All-wheel drive,0,9.786670707
190,5,176,2182.118221,14.5,2016,Europe,Gasoline,All-wheel drive,-1,19.826512
130,2,144,4281.151879,16,2006,Europe,Gasoline,All-wheel drive,-1,8.180064841
190,4,149,3248.390157,15.3,2017,Asia,Diesel,All-wheel drive,,13.91858255
290,2,175,3341.002552,11.9,2011,Asia,Gasoline,Front-wheel drive,0,13.48068774
160,6,163,2806.703475,13.8,2021,Europe,Diesel,Front-wheel drive,1,16.16494974
150,5,169,2934.142124,16.6,2019,Asia,Gasoline,Front-wheel drive,-1,15.33995083
180,5,164,3120.922199,18.1,2015,Asia,Diesel,All-wheel drive,-1,14.03338617
280,4,138,3663.745883,,2005,Asia,Diesel,Front-wheel drive,0,11.51387305
200,4,148,2134.556712,16.8,2017,USA,Gasoline,All-wheel drive,0,19.20569849
170,2,149,2311.599758,17.2,2021,Asia,Gasoline,Front-wheel drive,-1,18.74844356
290,8,182,2255.213859,13.3,2012,Europe,Diesel,Front-wheel drive,2,19.29227665
220,5,150,2600.946791,14.5,2023,USA,Diesel,Front-wheel drive,0,16.96330532
160,3,139,2341.439129,15.2,2013,USA,Gasoline,All-wheel drive,-1,17.95642027
160,3,100,2149.29833,,2016,Asia,Gasoline,Front-wheel drive,1,18.41344851
120,6,141,2850.006868,21.3,2013,Asia,Diesel,Front-wheel drive,0,15.50397041
270,4,127,3335.8163,10,2005,Europe,Diesel,All-wheel drive,-1,13.42305573
150,2,134,2983.361512,18.1,2005,Europe,Diesel,All-wheel drive,1,14.73386847
140,4,182,3317.392335,,2007,Europe,Gasoline,Front-wheel drive,,13.88154176
160,3,,3763.20818,20.8,2004,Europe,Diesel,All-wheel drive,1,10.64194904
210,4,144,2377.573264,10.2,2019,Europe,Diesel,Front-wheel drive,0,18.6356048
190,0,,2723.423571,17,2003,USA,Diesel,Front-wheel drive,,15.84996044
140,2,129,2830.044227,16.3,2022,Europe,Gasoline,Front-wheel drive,0,15.53668246
250,2,,2202.695523,12.2,2018,Asia,Diesel,Front-wheel drive,-1,19.76976207
230,2,160,3517.247148,17.8,2007,Asia,Diesel,Front-wheel drive,0,12.20209053
310,5,200,2423.614341,11,2021,Europe,Gasoline,All-wheel drive,,18.64114584
330,,64,2810.724688,12.4,2002,Europe,Gasoline,Front-wheel drive,1,15.72706394
100,6,98,2693.147283,13.8,2015,USA,Gasoline,Front-wheel drive,0,15.64792872
200,2,157,2813.480313,18.3,2004,Europe,Gasoline,Front-wheel drive,-1,15.92697191
230,2,180,3899.155527,,2007,USA,Gasoline,Front-wheel drive,0,10.89530833
200,4,198,2803.062859,11.1,2008,Europe,Diesel,All-wheel drive,0,16.13203161
230,5,123,2805.666565,16.9,2021,Europe,Gasoline,All-wheel drive,0,15.59716992
170,4,87,2568.056665,12.7,2002,Asia,Diesel,All-wheel drive,0,16.26204341
240,5,167,3193.697974,14.1,2020,Asia,Diesel,Front-wheel drive,-1,14.5888273
300,2,130,2640.187312,16.5,2004,Europe,Gasoline,All-wheel drive,0,16.11384382
220,4,213,2948.173603,12,2022,Asia,Gasoline,Front-wheel drive,1,16.19067089
190,4,105,2505.343689,14.1,2023,USA,Diesel,All-wheel drive,-1,17.73040849
190,3,163,2449.690871,17.7,2007,Asia,Gasoline,All-wheel drive,0,18.19028562
290,5,,2677.430426,8.7,2006,Asia,Diesel,Front-wheel drive,-1,16.72470375
170,4,97,3688.701486,15.4,2005,USA,Diesel,Front-wheel drive,0,10.9789775
190,5,166,2791.497726,13.4,2018,Europe,Diesel,Front-wheel drive,-2,15.87720662
240,5,169,3265.538923,15.7,2023,USA,Diesel,All-wheel drive,0,13.71692982
230,,163,2297.003455,14.9,2008,Asia,Gasoline,All-wheel drive,0,18.87192882
200,4,140,2646.676835,12.3,2013,Asia,Diesel,All-wheel drive,0,16.86150561
210,4,183,3693.423946,13.3,2018,Europe,Diesel,All-wheel drive,-2,12.47694036
200,3,139,2834.959338,16,2013,Europe,Gasoline,All-wheel drive,0,15.40384545
170,3,157,2723.033486,13.9,2022,Europe,Diesel,All-wheel drive,0,16.89498509
110,3,131,3144.656996,15.4,2013,USA,Diesel,All-wheel drive,0,14.08781314
170,8,177,2972.606524,16,2014,USA,Gasoline,Front-wheel drive,0,15.23253241
240,5,137,2383.89646,16.1,2016,Asia,Diesel,All-wheel drive,2,17.79420446
200,7,102,3312.223119,,2003,USA,Gasoline,Front-wheel drive,0,13.0188038
260,6,147,2632.722612,12.7,2014,Europe,Diesel,Front-wheel drive,1,17.20980603
190,3,165,2187.549009,13.3,2004,Asia,Diesel,All-wheel drive,1,19.68499356
210,5,163,3042.674611,14.8,2012,Europe,Gasoline,Front-wheel drive,1,15.34763276
160,4,105,3613.632157,11.5,2000,USA,Gasoline,All-wheel drive,0,11.31970472
260,9,161,3164.617714,15.9,2005,USA,Gasoline,All-wheel drive,-1,14.51213736
120,2,129,2903.098318,15.7,2007,Asia,Gasoline,All-wheel drive,0,15.54454327
220,3,128,3460.047858,14.8,2004,USA,Diesel,All-wheel drive,0,12.40919541
150,10,177,1994.55828,15.6,2018,Europe,Diesel,Front-wheel drive,0,20.91846681
150,1,138,3093.084263,,2021,Europe,Diesel,All-wheel drive,0,14.50667253
290,6,143,3747.073532,16.4,2005,Asia,Gasoline,Front-wheel drive,0,11.49675185
190,2,184,3054.069612,,2008,Asia,Gasoline,Front-wheel drive,1,14.96754748
210,3,183,3524.096742,16.1,2022,USA,Diesel,Front-wheel drive,1,12.67618293
310,5,163,2627.426405,14,2005,Europe,Gasoline,Front-wheel drive,0,17.19226578
240,2,93,2746.654014,15.2,2013,Asia,Gasoline,Front-wheel drive,1,15.57216325
240,3,108,1669.427107,11.2,2012,USA,Gasoline,All-wheel drive,,21.79004114
230,3,132,3570.362183,12.5,2015,Europe,Diesel,All-wheel drive,-1,12.66171322
220,,139,2165.02219,16.9,2015,Asia,Diesel,All-wheel drive,0,18.68392615
140,8,143,2794.342137,14.9,2014,USA,Gasoline,All-wheel drive,,15.691474
270,3,109,3555.175914,,2004,Asia,Diesel,All-wheel drive,1,11.4540028
230,4,123,2770.205465,18.2,2021,Asia,Diesel,Front-wheel drive,-1,15.34221819
250,7,195,3513.81321,15.6,2010,USA,Gasoline,Front-wheel drive,-1,11.80259518
240,2,136,4050.51229,11.5,2006,Europe,Diesel,All-wheel drive,-1,10.30469994
250,4,159,2511.073468,12.1,2003,USA,Gasoline,All-wheel drive,0,17.89119383
230,,132,2163.182752,14.7,2004,Europe,Gasoline,Front-wheel drive,,19.19373933
180,2,142,2758.692265,18.3,2003,Asia,Diesel,All-wheel drive,1,15.99665534
190,3,193,2739.703825,,2007,USA,Diesel,All-wheel drive,-2,17.03306724
260,9,146,3406.928486,17.7,2021,Asia,Diesel,All-wheel drive,0,12.87468674
230,2,149,2691.403977,10.4,2007,Europe,Gasoline,All-wheel drive,-2,17.3080934
140,2,152,3237.34655,14.5,2009,USA,Gasoline,Front-wheel drive,,14.14689124
140,3,154,3061.028331,14.7,2004,Europe,Diesel,All-wheel drive,-1,15.31004072
230,5,147,2892.599168,,2006,USA,Diesel,All-wheel drive,-1,15.11243956
210,1,154,3473.032703,21.7,2022,Europe,Gasoline,All-wheel drive,2,12.87347752
150,4,150,2739.442167,13.4,2021,USA,Gasoline,All-wheel drive,-1,16.28614162
140,2,173,2759.870932,15,2002,Asia,Diesel,Front-wheel drive,-1,16.10480598
130,6,191,3360.295292,12.7,2022,Europe,Diesel,All-wheel drive,1,13.63257163
220,,189,2938.497477,16.8,2002,USA,Gasoline,Front-wheel drive,-1,15.4311598
110,8,150,3811.738859,17.9,2016,USA,Diesel,Front-wheel drive,1,10.72687128
270,7,137,2374.051039,14.1,2000,USA,Diesel,Front-wheel drive,1,18.33941537
200,5,150,3554.644876,18.2,2015,USA,Diesel,Front-wheel drive,-1,12.0312558
130,4,,2976.636761,,2021,USA,Gasoline,All-wheel drive,1,15.37508602
220,6,163,2596.181383,11,2000,Asia,Diesel,Front-wheel drive,1,16.82659527
180,3,146,2736.13119,,2021,Asia,Gasoline,Front-wheel drive,0,16.65056404
140,2,125,2740.232516,20.8,2016,Asia,Gasoline,All-wheel drive,-1,15.42651177
230,5,,3006.216277,14.7,2017,Europe,Diesel,All-wheel drive,0,14.21603182
230,3,147,2896.830526,12.2,2023,USA,Diesel,All-wheel drive,0,16.42538992
160,1,155,2307.275734,11.9,2015,Europe,Gasoline,All-wheel drive,-1,18.34434918
210,1,96,1828.239729,15.5,2007,Europe,Diesel,All-wheel drive,1,21.04740449
150,3,158,2853.395397,12.4,2001,USA,Diesel,Front-wheel drive,0,15.93149986
250,2,186,2789.642834,19.2,2002,Europe,Diesel,All-wheel drive,-1,16.27246325
130,5,115,2580.068757,17,2004,Europe,Gasoline,Front-wheel drive,-2,16.58912906
150,4,179,2612.081138,13.4,2006,Europe,Gasoline,Front-wheel drive,1,16.63202498
160,4,94,3219.743922,11.8,2023,Asia,Diesel,Front-wheel drive,0,13.79621032
160,3,180,2956.428943,14.6,2001,Asia,Gasoline,Front-wheel drive,-1,15.48743134
180,2,179,2652.379121,,2016,Asia,Gasoline,All-wheel drive,1,16.54631198
140,6,205,2239.969939,15.7,2003,Asia,Diesel,All-wheel drive,-2,19.28204613
220,7,118,3719.971462,13.4,2007,USA,Gasoline,All-wheel drive,1,11.12041609
170,4,114,2593.642374,16.6,2019,Asia,Gasoline,All-wheel drive,1,16.67319755
230,7,117,2666.444864,14.5,2016,Asia,Gasoline,All-wheel drive,1,16.88011796
310,8,159,2634.87653,16.4,2017,Asia,Gasoline,All-wheel drive,0,16.72237865
150,5,137,2369.759101,15,2003,Asia,Gasoline,All-wheel drive,0,17.53422496
150,6,164,2298.919311,14.9,2004,Asia,Diesel,All-wheel drive,0,19.42762184
140,5,96,2177.260466,15.7,2008,Europe,Diesel,All-wheel drive,2,18.64641607
210,4,96,2555.075994,12.5,2011,Europe,Gasoline,Front-wheel drive,0,17.0811424
230,10,128,3166.254591,15.4,2022,Europe,Diesel,All-wheel drive,0,13.68304681
290,0,144,3238.199872,11.8,2023,USA,Gasoline,Front-wheel drive,0,13.88737422
220,4,104,3513.139533,17.7,2005,Asia,Diesel,Front-wheel drive,-1,11.08740735
150,6,180,3178.656087,15.8,2002,USA,Gasoline,All-wheel drive,0,14.3257379
200,5,105,2946.405367,16.9,2014,Europe,Gasoline,All-wheel drive,-1,13.86804166
190,2,147,2903.120126,11.1,2007,Europe,Gasoline,Front-wheel drive,0,15.28343103
110,1,161,2658.090406,,2017,Asia,Diesel,All-wheel drive,0,16.58862274
160,5,173,3780.766728,18.2,2019,USA,Gasoline,All-wheel drive,-1,10.96758459
170,5,132,3035.368733,12.6,2007,USA,Gasoline,Front-wheel drive,-1,14.46700631
130,9,109,4088.944759,18,2020,Europe,Diesel,Front-wheel drive,0,9.289593127
230,1,144,3509.415257,14.7,2003,Asia,Diesel,Front-wheel drive,0,13.00007409
230,3,131,3623.018149,,2002,Europe,Diesel,All-wheel drive,,12.07037935
180,3,181,4661.144932,12.5,2004,Asia,Diesel,Front-wheel drive,0,7.329314323
190,1,128,2737.005027,12.7,2006,Europe,Diesel,All-wheel drive,1,16.76019507
130,2,110,2533.30901,15.2,2006,Asia,Gasoline,All-wheel drive,1,17.8853378
140,2,136,3672.27032,15,2000,Asia,Gasoline,Front-wheel drive,,11.52667792
150,8,188,2099.248882,14.2,2020,Asia,Diesel,Front-wheel drive,-1,19.61902522
150,5,172,3255.135111,,2003,Europe,Gasoline,Front-wheel drive,-2,13.00248265
260,8,125,3045.205987,,2003,USA,Diesel,All-wheel drive,2,13.84314282
130,,141,2703.961006,13.9,2012,USA,Gasoline,Front-wheel drive,1,16.41778415
180,5,152,3791.29534,17.5,2011,Europe,Gasoline,Front-wheel drive,-1,11.03065354
230,4,119,2964.897114,12.9,2003,Asia,Gasoline,Front-wheel drive,0,14.76049461
240,9,122,4091.640001,13.7,2003,USA,Gasoline,All-wheel drive,0,8.737815305
160,1,119,2408.044176,13.3,2005,Europe,Diesel,All-wheel drive,0,17.10695925
250,5,184,2490.804538,11.3,2015,Asia,Diesel,Front-wheel drive,0,18.43012588
180,4,109,2639.927242,,2003,Europe,Gasoline,All-wheel drive,0,15.54795639
270,5,148,3152.270832,10.8,2017,USA,Diesel,All-wheel drive,,14.50367384
170,2,126,2489.334185,8.1,2008,Europe,Gasoline,All-wheel drive,-1,18.05705907
140,1,151,3657.145232,13.8,2011,Europe,Gasoline,All-wheel drive,-1,12.10197573
280,3,119,3042.974498,11.3,2021,USA,Gasoline,All-wheel drive,1,14.62203928
170,3,137,3388.364466,14.3,2012,Asia,Diesel,All-wheel drive,1,13.91374927
230,4,173,2693.365178,15.9,2011,USA,Gasoline,Front-wheel drive,1,17.04535863
170,3,144,2769.484757,13.2,2005,Asia,Diesel,Front-wheel drive,-1,16.30960295
220,4,151,2707.499118,15,2012,Europe,Gasoline,Front-wheel drive,-1,16.50724766
170,6,,3045.34728,14.6,2001,Europe,Diesel,All-wheel drive,-2,14.04480678
170,6,126,2868.325756,18,2011,USA,Gasoline,All-wheel drive,1,15.21649417
90,2,100,3035.849816,12.3,2001,Asia,Gasoline,Front-wheel drive,1,14.91354238
200,1,157,3594.489555,10.5,2020,Asia,Diesel,Front-wheel drive,1,12.66342325
280,2,137,3027.471465,13.9,2004,Asia,Gasoline,Front-wheel drive,2,14.50290989
180,6,141,2507.320496,21.2,2019,USA,Diesel,Front-wheel drive,-1,16.39237524
260,8,105,3359.082164,12.7,2013,Asia,Diesel,Front-wheel drive,1,12.83211459
160,4,154,2876.536456,16.6,2018,Europe,Gasoline,All-wheel drive,0,15.71930875
160,2,133,3239.589437,16,2014,Europe,Gasoline,Front-wheel drive,,13.71390233
210,6,147,2258.359013,17.8,2011,Europe,Diesel,Front-wheel drive,-1,17.94042001
190,8,202,2620.079454,16.9,2009,USA,Gasoline,Front-wheel drive,0,16.63523658
210,2,162,2789.647185,15.2,2001,USA,Diesel,All-wheel drive,1,15.88857755
210,8,169,2536.486154,,2014,USA,Gasoline,All-wheel drive,2,17.84515325
240,3,138,2585.915692,15.4,2016,Asia,Diesel,All-wheel drive,-1,16.84049352
180,2,157,2643.938273,14.1,2018,USA,Gasoline,Front-wheel drive,0,17.30352419
140,4,180,2904.042056,16.2,2004,USA,Gasoline,Front-wheel drive,1,15.59764025
200,6,166,2295.934273,16.4,2021,Asia,Diesel,Front-wheel drive,0,18.41415066
180,2,106,3008.357905,16,2021,Europe,Diesel,All-wheel drive,-2,14.32832589
230,1,114,1414.24146,15.1,2014,USA,Diesel,All-wheel drive,-1,22.85145447
170,,120,3348.077692,15.9,2002,Asia,Diesel,All-wheel drive,1,13.38037611
180,1,206,3221.96068,13.3,2021,Europe,Diesel,All-wheel drive,2,15.08382536
250,3,89,3054.37398,16.4,2006,USA,Diesel,Front-wheel drive,1,13.51166232
200,4,,2941.897303,16.6,2018,Asia,Diesel,Front-wheel drive,-2,15.9557539
220,2,198,2499.410938,14.5,2000,Europe,Diesel,Front-wheel drive,-1,17.90679068
260,4,147,2655.858448,,2001,Asia,Gasoline,Front-wheel drive,-1,17.29825387
250,4,169,2395.802104,11.7,2020,Europe,Diesel,Front-wheel drive,0,18.88450218
220,3,156,2605.826969,12.5,2019,Asia,Diesel,Front-wheel drive,2,17.39562047
190,7,132,3139.211564,13.8,2006,Asia,Gasoline,All-wheel drive,-1,13.88471951
140,4,,3927.946098,13,2016,Asia,Diesel,Front-wheel drive,1,10.36325384
290,2,215,2851.858719,17.4,2019,Asia,Diesel,All-wheel drive,1,15.52219397
110,1,178,3713.474519,15.2,2007,USA,Diesel,All-wheel drive,1,11.92888844
270,3,189,3254.651645,14.2,2020,USA,Diesel,Front-wheel drive,0,14.60517168
180,5,190,2788.160563,15,2012,USA,Gasoline,Front-wheel drive,0,16.50841859
260,2,180,2014.19423,15.1,2011,USA,Diesel,All-wheel drive,0,20.42413962
270,7,131,3297.033799,9.8,2004,Asia,Gasoline,Front-wheel drive,0,14.62837374
160,3,177,3547.10159,,2007,Asia,Gasoline,All-wheel drive,3,12.15863527
170,,164,3570.23227,17.2,2002,Asia,Diesel,All-wheel drive,1,11.8727426
130,2,195,2960.647072,,2006,Europe,Gasoline,Front-wheel drive,0,15.61168445
120,4,133,3121.388943,15.1,2019,Europe,Gasoline,All-wheel drive,2,14.52822267
210,1,141,2460.15873,17.1,2004,Europe,Diesel,All-wheel drive,-1,17.59295341
120,1,153,4246.730647,15.2,2005,Asia,Gasoline,Front-wheel drive,-1,8.741979777
180,3,122,2895.075912,12,2001,Asia,Diesel,All-wheel drive,,15.4998114
270,1,144,3624.32983,14.8,2004,Europe,Diesel,All-wheel drive,0,11.52840273
180,5,156,2630.237572,14.4,2013,Asia,Diesel,Front-wheel drive,0,17.2275364
280,2,188,3464.212171,16.5,2005,Europe,Diesel,Front-wheel drive,-2,13.03253685
160,5,165,2911.102359,21.2,2015,Asia,Diesel,Front-wheel drive,2,15.13899797
100,1,135,2959.381703,12.8,2015,Europe,Diesel,All-wheel drive,0,16.20023376
160,5,123,3129.170884,17.5,2010,Asia,Gasoline,Front-wheel drive,0,14.10329967
210,5,180,1900.88078,12.4,2000,Asia,Gasoline,Front-wheel drive,-1,21.20947949
270,4,87,2357.702482,17.2,2004,USA,Diesel,Front-wheel drive,-1,17.61186293
210,7,149,3552.536543,14.9,2016,USA,Gasoline,All-wheel drive,0,12.31175118
180,6,173,2306.334987,17.3,2001,Europe,Gasoline,All-wheel drive,,18.35274722
200,3,179,2751.449924,16,2012,Asia,Gasoline,Front-wheel drive,0,15.97642939
120,3,127,3862.72763,13.1,2014,USA,Gasoline,All-wheel drive,-1,10.3303506
200,6,184,3001.878234,13.8,2007,Asia,Gasoline,All-wheel drive,2,16.45720925
110,3,154,2700.490319,11.5,2021,Europe,Gasoline,All-wheel drive,0,16.54755346
240,2,,2719.945803,14.1,2013,Asia,Gasoline,Front-wheel drive,1,16.66621781
200,4,114,2982.536135,14.3,2007,USA,Gasoline,Front-wheel drive,1,14.40443612
210,5,162,2918.621792,9.5,2014,Asia,Diesel,All-wheel drive,2,16.33093282
250,3,123,3435.346111,15.6,2016,Europe,Gasoline,Front-wheel drive,,11.96340462
230,3,179,2717.552294,12.9,2003,Europe,Diesel,Front-wheel drive,0,17.49155134
190,4,188,2494.314452,13.2,2002,Asia,Gasoline,All-wheel drive,0,17.3987937
160,7,155,2941.348046,13.8,2021,USA,Gasoline,Front-wheel drive,2,15.25933943
200,2,159,2252.270746,19,2013,Asia,Gasoline,Front-wheel drive,-1,17.66577337
170,3,147,2508.0737,19.1,2014,Asia,Diesel,Front-wheel drive,0,17.31753067
170,3,,3226.89511,,2022,USA,Diesel,All-wheel drive,0,14.76493619
200,5,141,3390.496906,24.3,2005,USA,Gasoline,All-wheel drive,-1,11.77743028
160,1,170,3651.450689,18.2,2013,USA,Gasoline,All-wheel drive,-1,11.26841888
170,3,155,2545.161516,15.5,2023,Europe,Diesel,Front-wheel drive,1,17.67051297
190,2,140,2326.012142,17.9,2021,Asia,Diesel,All-wheel drive,0,18.64688945
230,4,105,3210.440943,11.7,2003,USA,Diesel,Front-wheel drive,1,13.33100293
200,6,107,1832.704341,12,2014,Asia,Diesel,Front-wheel drive,0,20.73684672
160,3,165,3062.480549,14.5,2016,USA,Gasoline,All-wheel drive,1,15.02576527
190,2,158,2858.490671,13.9,2009,Europe,Gasoline,Front-wheel drive,0,16.27980151
270,2,124,2908.86666,15.3,2012,USA,Diesel,Front-wheel drive,0,15.48308491
160,7,136,2645.18381,15.1,2017,USA,Gasoline,Front-wheel drive,-2,16.39571341
150,2,144,1994.697278,18.4,2017,USA,Diesel,All-wheel drive,0,19.73872376
160,7,129,3538.875928,15.8,2022,USA,Gasoline,All-wheel drive,0,11.83895812
130,4,184,3596.760289,15.1,2001,Europe,Gasoline,Front-wheel drive,,12.38277335
180,5,169,3061.333994,15.1,2008,Asia,Diesel,All-wheel drive,0,15.04851246
220,3,159,1888.333359,14.3,2006,USA,Diesel,Front-wheel drive,2,21.10110696
190,1,82,3544.098009,17.4,2011,Europe,Diesel,Front-wheel drive,0,10.98466749
270,5,148,2841.020969,13.1,2003,Asia,Diesel,Front-wheel drive,0,15.97620938
240,4,153,2386.354932,16.7,2006,Asia,Diesel,Front-wheel drive,0,18.03268395
190,,151,2481.046976,13.1,2003,USA,Diesel,Front-wheel drive,0,17.15355431
160,4,128,3484.33279,14.7,2018,Asia,Gasoline,Front-wheel drive,0,11.80614621
270,4,167,2988.682379,,2019,Asia,Diesel,Front-wheel drive,0,15.32788016
200,5,152,3064.981042,12.3,2001,Asia,Gasoline,Front-wheel drive,0,15.7559109
280,5,114,2360.984048,19.4,2008,USA,Gasoline,All-wheel drive,-1,17.33152296
230,7,148,3512.274742,18.5,2016,Asia,Gasoline,Front-wheel drive,-1,12.3484688
230,5,143,2287.854421,,2008,Europe,Diesel,Front-wheel drive,,18.04066479
180,2,130,3296.751299,19.4,2014,Europe,Diesel,All-wheel drive,1,13.35331257
150,4,154,3098.972204,15.3,2003,Europe,Diesel,All-wheel drive,,14.69484207
180,6,179,4183.825624,16.6,2020,Asia,Gasoline,All-wheel drive,-1,9.663216443
280,7,157,3024.030613,,2017,USA,Diesel,All-wheel drive,0,15.07929824
140,3,149,2868.293798,10.7,2005,Asia,Diesel,Front-wheel drive,,16.39131383
250,2,120,2845.844498,16.4,2008,Asia,Diesel,Front-wheel drive,1,15.43168819
220,2,154,2616.981209,12.7,2016,USA,Gasoline,All-wheel drive,1,17.17010858
210,9,,3011.528612,15.3,2005,Asia,Diesel,All-wheel drive,1,14.81605513
220,5,,3611.755807,15.4,2022,USA,Diesel,Front-wheel drive,0,11.80600705
210,3,136,2731.021604,14.9,2006,Europe,Diesel,Front-wheel drive,-2,16.04781027
200,3,133,2941.600946,14.2,2001,USA,Diesel,All-wheel drive,-1,14.94149035
190,2,,2493.245842,15,2016,Asia,Diesel,Front-wheel drive,1,16.97672673
160,4,154,2912.940278,17.9,2011,Europe,Gasoline,Front-wheel drive,0,15.4678234
240,6,170,3678.027761,14.4,2018,USA,Gasoline,All-wheel drive,,11.64658116
210,6,183,3772.118943,17.1,2015,Asia,Gasoline,Front-wheel drive,-1,11.28950591
190,9,165,2437.450872,18.8,2015,Europe,Gasoline,Front-wheel drive,-1,17.37496978
200,4,136,2860.422132,13.9,2002,Asia,Gasoline,All-wheel drive,0,16.13358473
210,3,208,2770.692276,12.6,2020,USA,Diesel,All-wheel drive,-1,16.66786869
230,3,136,3218.859161,13.9,2015,Asia,Gasoline,Front-wheel drive,1,13.72969469
210,4,130,2643.471845,19,2022,Asia,Gasoline,All-wheel drive,0,16.64156994
170,2,155,3192.66536,15.1,2014,Europe,Diesel,All-wheel drive,0,13.89014193
150,8,,1953.971147,14.1,2004,Europe,Diesel,All-wheel drive,-1,20.50696309
220,2,83,2568.79049,14.1,2018,USA,Gasoline,Front-wheel drive,3,16.51386951
170,4,173,3011.497916,,2009,Asia,Gasoline,All-wheel drive,1,14.76609827
180,3,152,3347.475339,13.2,2007,USA,Gasoline,Front-wheel drive,1,13.54660593
160,5,204,3515.911845,20.7,2022,Europe,Gasoline,Front-wheel drive,-1,11.94369437
350,4,130,2684.085157,17.6,2018,Asia,Diesel,All-wheel drive,0,15.71332073
160,7,125,3358.315469,15.8,2012,Asia,Diesel,All-wheel drive,-1,12.40648596
350,6,151,3026.88398,14,2007,Asia,Gasoline,All-wheel drive,-1,15.13235351
140,2,167,3192.840984,15,2011,Asia,Gasoline,All-wheel drive,0,14.78855115
270,1,171,3326.891507,16.3,2017,Asia,Diesel,All-wheel drive,-2,13.45500897
180,5,,2322.10649,20.3,2021,Asia,Diesel,All-wheel drive,1,17.44747214
170,4,171,3141.547753,13.9,2017,Asia,Diesel,Front-wheel drive,1,13.99017579
170,1,128,3383.391454,17.4,2001,USA,Gasoline,Front-wheel drive,2,12.64554619
230,6,124,2691.946094,14.2,2019,USA,Gasoline,All-wheel drive,1,17.45053778
190,6,159,3457.759131,14.3,2013,Asia,Diesel,All-wheel drive,0,12.87492678
190,2,145,3461.848356,,2002,Asia,Diesel,All-wheel drive,-1,12.61114569
230,3,150,3392.697682,12.3,2012,USA,Diesel,Front-wheel drive,-1,13.70486465
170,4,139,3864.22835,12.7,2000,USA,Gasoline,Front-wheel drive,1,10.27599291
240,3,193,2722.40558,17,2005,USA,Gasoline,Front-wheel drive,-2,16.35187046
170,3,159,3163.929885,18.7,2018,Asia,Diesel,All-wheel drive,1,13.89755685
170,5,119,3020.34306,14.3,2019,Asia,Gasoline,Front-wheel drive,0,14.84084338
260,4,110,3808.541356,17.7,2002,Europe,Diesel,All-wheel drive,1,10.04309404
160,1,156,2533.751344,22.5,2002,Europe,Diesel,All-wheel drive,2,17.0779459
270,4,123,3562.316541,13.4,2022,Asia,Diesel,All-wheel drive,-1,12.1823272
200,1,120,3230.739416,18.6,2005,Europe,Gasoline,All-wheel drive,0,13.25474051
280,3,176,2895.058667,14.9,2003,Europe,Diesel,Front-wheel drive,-1,16.54246806
240,1,156,2436.633616,17,2015,Europe,Diesel,Front-wheel drive,1,18.01639468
250,4,125,3403.179948,13.3,2006,Europe,Diesel,All-wheel drive,2,13.07568848
260,3,80,2184.417916,12.9,2001,USA,Diesel,All-wheel drive,0,18.11405973
160,4,181,3602.978305,16.3,2022,USA,Diesel,Front-wheel drive,1,12.6972655
210,1,164,3210.705543,16.8,2014,Asia,Diesel,All-wheel drive,1,13.54715745
120,6,151,2076.634203,17.1,2022,Europe,Gasoline,All-wheel drive,-1,19.32903172
310,3,169,3059.995248,17.8,2012,Asia,Diesel,Front-wheel drive,-1,14.57839588
170,10,,2346.371579,19,2007,USA,Diesel,Front-wheel drive,1,17.17201591
220,4,156,2869.931423,14.5,2021,USA,Diesel,Front-wheel drive,2,15.66215136
270,5,136,3660.146221,17.8,2022,USA,Diesel,All-wheel drive,0,11.3326605
160,9,119,3270.473821,,2018,USA,Diesel,All-wheel drive,,13.58379451
220,,136,2494.789969,15.8,2011,USA,Gasoline,Front-wheel drive,-1,16.58685304
160,3,171,2976.648442,14,2003,Asia,Diesel,All-wheel drive,1,15.25671619
180,4,170,2028.189029,,2018,Asia,Diesel,All-wheel drive,2,20.22494487
180,1,,2495.896078,16.4,2014,Europe,Diesel,All-wheel drive,0,17.21716122
180,2,120,2898.49943,11.6,2020,Europe,Diesel,All-wheel drive,2,15.5352113
160,3,178,3432.255718,12.5,2010,Europe,Gasoline,All-wheel drive,-1,13.56099417
130,7,187,2626.836072,15.1,2012,Asia,Diesel,Front-wheel drive,0,17.37782972
220,3,188,2488.620334,11.4,2001,USA,Gasoline,All-wheel drive,0,18.30699793
210,4,136,4252.89496,14,2018,Asia,Gasoline,All-wheel drive,0,8.669790745
200,3,151,3298.486297,8.6,2008,Asia,Diesel,Front-wheel drive,-1,14.46404576
190,5,105,3446.072876,16.2,2010,Europe,Diesel,Front-wheel drive,,11.24078037
200,4,141,3120.92623,9.5,2006,Europe,Diesel,Front-wheel drive,-2,13.77506373
220,1,154,2936.525143,20,2010,USA,Gasoline,Front-wheel drive,0,15.23990686
270,2,164,2732.923095,17.5,2011,Asia,Gasoline,Front-wheel drive,1,16.39642222
110,6,189,3477.267089,16.4,2019,Europe,Gasoline,All-wheel drive,0,13.05527975
220,3,,2847.598576,,2013,USA,Diesel,Front-wheel drive,0,15.94357086
120,4,134,3197.580693,15.5,2007,Europe,Gasoline,Front-wheel drive,0,14.39214534
280,4,111,2337.766261,11.8,2017,USA,Gasoline,Front-wheel drive,0,18.24055305
170,4,126,3565.48394,17,2008,USA,Gasoline,All-wheel drive,0,11.81062627
140,4,141,3309.591185,14.6,2007,Asia,Diesel,Front-wheel drive,2,13.18869158
260,3,175,2292.813355,16.4,2013,Asia,Gasoline,All-wheel drive,0,18.45896187
240,5,195,2496.929152,13.5,2002,USA,Diesel,All-wheel drive,0,17.66880454
220,4,188,2816.995692,16.2,2008,Asia,Diesel,Front-wheel drive,2,16.42881641
150,6,147,2936.33722,11,2021,Europe,Gasoline,Front-wheel drive,0,15.54046378
210,3,156,2577.213698,17.1,2003,USA,Gasoline,Front-wheel drive,0,17.19284757
180,1,157,2107.996942,12.8,2009,Asia,Gasoline,Front-wheel drive,-1,19.73447729
200,2,138,3337.761102,12.9,2013,Europe,Diesel,Front-wheel drive,0,12.97868416
260,5,145,3060.173344,17.8,2018,USA,Diesel,Front-wheel drive,-1,13.69492915
240,4,151,2838.541126,,2017,USA,Gasoline,Front-wheel drive,0,15.88871175
100,1,182,3094.754599,13.5,2022,USA,Diesel,All-wheel drive,0,15.29893755
270,5,89,3729.085206,12.1,2016,USA,Gasoline,Front-wheel drive,-1,11.05711444
160,,150,3748.282363,12.9,2016,USA,Diesel,Front-wheel drive,1,11.51898641
290,5,114,3220.239548,17.9,2011,USA,Diesel,Front-wheel drive,-2,13.69176263
170,2,144,3403.160359,16.1,2001,USA,Gasoline,All-wheel drive,-1,12.66558647
110,2,184,3109.191183,15.5,2003,Asia,Gasoline,All-wheel drive,1,14.30445036
270,3,73,3110.277577,17.9,2000,Europe,Diesel,Front-wheel drive,0,13.51689932
160,2,150,2492.029515,,2006,Europe,Gasoline,All-wheel drive,-2,17.04789951
120,,180,2513.433251,13.9,2020,Europe,Diesel,All-wheel drive,0,17.49812654
150,3,144,2848.807961,16.3,2010,Asia,Gasoline,All-wheel drive,-1,15.45189296
260,1,171,2580.735652,13,2019,USA,Gasoline,All-wheel drive,0,17.26393363
210,4,155,2798.708565,11.6,2012,Asia,Diesel,All-wheel drive,0,15.68052792
120,3,120,4217.689253,16.6,2015,Europe,Diesel,Front-wheel drive,1,8.67033991
190,4,198,3301.91795,14.4,2003,USA,Gasoline,All-wheel drive,2,14.61782172
240,8,103,3719.910921,13,2012,Europe,Diesel,Front-wheel drive,0,10.98501441
270,,112,2447.797744,13.7,2006,Europe,Gasoline,All-wheel drive,0,17.34545805
210,,85,2441.352158,16,2011,Asia,Diesel,Front-wheel drive,-1,16.3039892
200,5,182,2750.537052,,2007,Europe,Diesel,Front-wheel drive,1,17.12474851
210,,201,1802.798263,11.2,2021,Europe,Gasoline,Front-wheel drive,1,21.89894161
280,6,116,3364.079313,,2021,Europe,Gasoline,All-wheel drive,1,12.34297982
300,5,143,1570.867443,13.1,2014,Asia,Diesel,All-wheel drive,1,22.48948011
200,4,100,2772.759811,13,2018,Europe,Gasoline,All-wheel drive,2,15.53878084
190,9,133,2784.990847,13.8,2001,Europe,Gasoline,All-wheel drive,0,15.86044449
160,9,148,3086.124136,13.5,2000,USA,Gasoline,All-wheel drive,-1,14.57696712
170,7,148,2725.431794,17.7,2011,USA,Diesel,Front-wheel drive,-1,15.32496019
190,7,144,4049.640524,15.1,2018,USA,Diesel,Front-wheel drive,,9.390571305
260,5,151,3083.579518,12.5,2005,Asia,Diesel,Front-wheel drive,0,15.26000195
220,3,181,3280.190782,16.1,2012,USA,Diesel,Front-wheel drive,1,13.96026818
230,3,140,3188.368925,16.9,2017,Europe,Gasoline,Front-wheel drive,0,13.02543416
160,,167,3039.401343,12.4,2004,USA,Diesel,Front-wheel drive,-1,14.59256296
250,4,183,3501.241584,16.5,2002,Europe,Gasoline,Front-wheel drive,-2,12.34644139
200,3,147,2556.687575,11.8,2009,Asia,Diesel,Front-wheel drive,0,17.49378801
260,5,104,2892.121897,,2019,Asia,Gasoline,All-wheel drive,0,14.54120955
230,3,137,2495.147187,12.7,2019,USA,Gasoline,All-wheel drive,0,17.50257378
260,4,143,4355.547898,12.8,2021,Asia,Diesel,Front-wheel drive,-1,8.678336782
320,2,127,3220.396157,14.7,2001,Asia,Gasoline,All-wheel drive,1,13.79204096
160,9,162,2649.877155,16.1,2012,USA,Diesel,Front-wheel drive,,17.08611652
190,4,159,2265.53266,,2007,Asia,Gasoline,Front-wheel drive,-1,18.04467846
240,5,120,3688.602811,18.7,2005,USA,Gasoline,All-wheel drive,1,10.24306828
180,2,177,3542.749061,13.8,2015,Europe,Gasoline,Front-wheel drive,0,12.22599661
240,4,141,3062.150711,18.4,2004,USA,Gasoline,Front-wheel drive,1,13.58401966
250,6,141,4030.566285,10.3,2008,USA,Gasoline,All-wheel drive,-2,10.23251109
130,3,161,3469.300188,,2016,USA,Gasoline,All-wheel drive,-2,12.65233739
270,3,128,2993.625123,10.3,2015,Asia,Diesel,All-wheel drive,0,15.47313129
260,5,205,2332.785273,18.8,2020,Asia,Diesel,Front-wheel drive,0,18.1888059
290,3,164,3115.377165,15.4,2010,USA,Gasoline,All-wheel drive,0,14.32369194
220,3,158,4111.89692,7.1,2004,Asia,Gasoline,All-wheel drive,0,10.69556042
180,2,152,2674.333518,15.6,2003,USA,Diesel,Front-wheel drive,-1,16.15686894
160,6,152,1920.487218,16.8,2012,Europe,Gasoline,Front-wheel drive,1,20.38450852
160,5,146,3146.98406,14,2010,Europe,Gasoline,All-wheel drive,0,14.92273229
250,4,133,3004.560385,15.1,2006,Europe,Gasoline,Front-wheel drive,-1,14.66234728
240,4,154,3186.025287,13.9,2015,Europe,Gasoline,Front-wheel drive,0,14.16590791
260,8,165,2847.375188,15.8,2019,USA,Diesel,Front-wheel drive,-2,16.38606657
190,2,138,2833.899434,14.1,2017,USA,Diesel,Front-wheel drive,0,16.16090373
200,0,210,2362.29478,13,2009,USA,Gasoline,Front-wheel drive,0,18.19693663
250,3,191,2823.485354,17,2023,Asia,Gasoline,All-wheel drive,0,15.6515526
240,8,147,2085.633466,13.7,2021,Asia,Gasoline,All-wheel drive,0,19.41590813
160,6,153,2831.931576,15.2,2015,USA,Gasoline,All-wheel drive,0,15.68464269
200,3,143,3120.337221,21.3,2010,Europe,Gasoline,Front-wheel drive,1,14.00526923
250,3,,2310.824658,14.4,2014,Asia,Diesel,All-wheel drive,0,18.12614344
170,3,146,3166.452105,18.8,2022,Europe,Gasoline,All-wheel drive,2,14.43856399
190,0,102,3224.367698,13.4,2005,Europe,Diesel,All-wheel drive,2,14.17331549
180,3,180,3210.98713,,2001,USA,Diesel,Front-wheel drive,0,13.91761921
260,4,157,3137.015524,12.6,2002,USA,Gasoline,All-wheel drive,-2,14.83710522
230,3,123,3495.379758,13.5,2004,Asia,Diesel,Front-wheel drive,-1,12.18422923
190,6,135,3234.611787,13.8,2004,Asia,Gasoline,Front-wheel drive,1,14.34360925
200,7,212,3221.031824,15.6,2003,Asia,Diesel,Front-wheel drive,0,14.36512038
330,3,136,1223.298226,,2001,Asia,Gasoline,Front-wheel drive,1,23.75912284
240,8,162,2948.739936,13.2,2003,Europe,Gasoline,Front-wheel drive,0,16.00457081
170,3,,3154.391075,11.8,2013,Asia,Diesel,Front-wheel drive,-1,14.58981056
210,5,,2488.358688,15.1,2022,Asia,Diesel,Front-wheel drive,0,17.37286952
130,4,178,3620.661905,12.4,2014,Asia,Diesel,All-wheel drive,-1,12.54006496
230,2,178,2610.899669,12.6,2010,USA,Gasoline,All-wheel drive,-1,17.02306173
230,5,141,2927.067238,17,2003,Europe,Diesel,All-wheel drive,0,14.7292987
200,3,110,3069.956369,16.1,2003,Europe,Gasoline,Front-wheel drive,0,14.01361656
130,2,181,2831.466797,12.9,2005,Europe,Diesel,Front-wheel drive,-1,16.28667613
140,2,168,3189.909832,13.2,2015,USA,Diesel,Front-wheel drive,0,14.99431345
160,5,151,2937.241154,12.4,2020,Europe,Gasoline,Front-wheel drive,-1,15.10839349
220,8,167,3225.893171,16.3,2000,Asia,Gasoline,Front-wheel drive,0,13.93510548
210,2,97,4209.46014,15,2021,Asia,Diesel,All-wheel drive,0,8.3286233
220,2,137,2493.161997,16.2,2010,Asia,Diesel,All-wheel drive,2,17.6614879
110,1,183,1707.231276,11.9,2018,Asia,Diesel,All-wheel drive,-1,22.9199681
250,4,156,2493.799135,15.3,2021,USA,Diesel,Front-wheel drive,-1,17.29304413
60,4,164,3323.520443,15.5,2009,Asia,Diesel,Front-wheel drive,0,13.50983822
300,6,,3861.011609,15.6,2004,Europe,Gasoline,Front-wheel drive,1,10.63862723
180,3,132,3310.724743,17.3,2011,Europe,Gasoline,Front-wheel drive,0,12.73789469
180,4,172,2553.194266,18.5,2021,Europe,Gasoline,All-wheel drive,-1,17.78118171
210,3,175,3503.987562,,2004,USA,Diesel,All-wheel drive,-1,11.84191063
310,1,124,3447.443175,15.6,2005,Asia,Gasoline,Front-wheel drive,0,12.13634843
170,7,146,2490.94928,12.6,2008,Asia,Diesel,Front-wheel drive,-1,17.5816287
170,3,130,2661.478923,12.5,2005,Europe,Gasoline,Front-wheel drive,2,16.20352136
110,2,,2276.397718,14.9,2016,USA,Diesel,Front-wheel drive,-4,18.6235917
170,3,191,3144.776336,16.5,2009,Europe,Gasoline,Front-wheel drive,2,14.85258255
170,,138,3075.634044,15.8,2003,Europe,Gasoline,All-wheel drive,0,14.53422491
290,5,111,3063.793164,13.2,2008,Asia,Gasoline,Front-wheel drive,0,14.03498438
190,7,146,2547.681918,,2018,Europe,Diesel,All-wheel drive,0,17.48481779
220,4,145,3981.611699,17.5,2002,Europe,Diesel,All-wheel drive,0,9.986240839
200,6,158,2549.695658,12.9,2019,Europe,Gasoline,All-wheel drive,0,18.17605229
110,6,163,2766.160078,15.5,2008,USA,Gasoline,All-wheel drive,1,15.88531016
170,2,145,2293.730529,18,2005,USA,Diesel,All-wheel drive,1,17.99574229
250,2,,3213.834917,17.8,2023,Europe,Diesel,Front-wheel drive,-1,14.40681477
150,6,167,2429.302304,15.5,2000,Asia,Diesel,All-wheel drive,-1,17.89497134
210,7,184,3523.962714,11.3,2014,USA,Diesel,Front-wheel drive,0,13.27520805
150,3,163,2422.260741,15.2,2003,Asia,Diesel,All-wheel drive,0,17.98292339
200,4,156,3329.210923,11,2002,Europe,Diesel,All-wheel drive,0,13.82601284
180,1,143,2599.888561,13.1,2022,Asia,Gasoline,All-wheel drive,0,17.45791788
310,2,125,2125.491893,13.6,2016,USA,Diesel,Front-wheel drive,-1,18.71766395
210,1,128,3374.259873,15.6,2000,Europe,Gasoline,Front-wheel drive,0,12.78962263
200,4,192,2762.599433,15.7,2022,Asia,Gasoline,All-wheel drive,0,16.86847319
150,4,159,2324.812196,11.9,2004,USA,Diesel,All-wheel drive,0,19.02899882
230,3,145,2776.374746,15,2007,USA,Diesel,All-wheel drive,-1,16.03318568
200,7,158,3534.318906,19.3,2005,Asia,Gasoline,All-wheel drive,1,12.03413401
220,5,,3262.642713,15.2,2015,Asia,Diesel,Front-wheel drive,1,13.33380216
210,5,159,3739.142722,14.8,2014,Asia,Diesel,All-wheel drive,2,11.47559301
200,2,179,2544.729838,13.9,2021,Europe,Diesel,Front-wheel drive,1,17.64126071
200,6,111,3175.237471,10,2023,Asia,Diesel,All-wheel drive,-1,14.22256638
230,2,165,2838.756871,17.2,2001,Asia,Diesel,All-wheel drive,1,15.54197707
160,2,143,2742.083545,17,2001,Europe,Diesel,All-wheel drive,0,16.42873868
250,2,188,3215.056161,12.7,2002,USA,Gasoline,All-wheel drive,0,14.83673256
230,4,164,2335.17207,14.5,2018,Asia,Gasoline,All-wheel drive,-1,18.64333588
210,2,107,2749.693513,,2006,Asia,Diesel,All-wheel drive,1,16.38368877
240,4,146,3372.98352,9.5,2014,Europe,Diesel,All-wheel drive,2,13.52231242
320,2,92,3044.464712,,2009,Europe,Gasoline,All-wheel drive,-1,13.76449381
200,8,144,2347.325756,17.5,2022,Asia,Diesel,All-wheel drive,2,17.90347556
210,1,109,2718.679314,,2018,USA,Gasoline,All-wheel drive,-1,15.62199691
270,,159,2669.331073,12.8,2018,Europe,Gasoline,Front-wheel drive,-1,17.31484021
170,4,121,2595.852919,12,2007,USA,Gasoline,All-wheel drive,2,17.04927472
210,6,75,2317.120316,15.5,2007,Asia,Gasoline,Front-wheel drive,-1,16.84394384
120,3,174,2928.300072,16.8,2021,Europe,Diesel,All-wheel drive,-1,15.90464
200,1,166,3150.30273,20.3,2003,Asia,Diesel,Front-wheel drive,2,14.02110614
190,4,173,2632.323201,15.7,2006,Asia,Diesel,All-wheel drive,-1,16.97317896
200,,143,3351.159584,15.9,2006,Europe,Gasoline,Front-wheel drive,-1,13.2195828
210,4,,1696.612624,13.1,2009,USA,Diesel,Front-wheel drive,1,21.98892134
190,,161,2505.18061,12.8,2003,Europe,Gasoline,Front-wheel drive,1,18.12994275
280,2,,3116.148877,16,2007,Europe,Gasoline,All-wheel drive,0,14.09514665
230,3,155,2956.185062,,2006,Asia,Gasoline,All-wheel drive,-1,14.86207757
210,4,154,2522.785486,15.6,2002,Asia,Gasoline,Front-wheel drive,0,17.1594787
160,4,193,2419.736198,15.9,2022,USA,Gasoline,All-wheel drive,1,18.5048876
180,3,142,2279.132201,17.4,2020,USA,Diesel,Front-wheel drive,0,18.79675996
250,8,169,2896.804029,13.5,2008,USA,Gasoline,All-wheel drive,1,16.57814378
270,3,170,2994.670268,,2021,Asia,Gasoline,Front-wheel drive,0,14.88386638
190,8,170,3628.411787,17.1,2011,Asia,Gasoline,All-wheel drive,1,12.18259369
220,5,141,2467.297947,16.7,2016,USA,Gasoline,Front-wheel drive,-1,17.11278336
200,5,194,2245.79081,14,2009,Europe,Gasoline,All-wheel drive,1,19.39288077
200,3,169,3529.223829,22,2004,Europe,Gasoline,All-wheel drive,-1,11.94780065
300,4,138,1795.731268,15,2008,Europe,Gasoline,Front-wheel drive,0,20.90247817
180,3,178,3431.857768,11.2,2021,Asia,Gasoline,All-wheel drive,1,13.6717441
210,7,153,3125.195624,17.5,2014,USA,Gasoline,Front-wheel drive,1,14.89827811
280,4,161,3019.470719,13.9,2001,Asia,Gasoline,Front-wheel drive,-2,14.93634617
210,2,109,2844.330905,,2004,Asia,Diesel,Front-wheel drive,1,14.13416642
180,3,166,2949.142653,19.7,2007,USA,Gasoline,All-wheel drive,0,15.03675931
120,5,145,3043.462952,19,2002,Europe,Diesel,Front-wheel drive,-1,14.55111674
220,2,139,2114.905171,13.4,2007,Europe,Gasoline,Front-wheel drive,0,19.60076052
230,4,149,2070.709059,9.4,2004,USA,Diesel,All-wheel drive,0,20.64119882
250,3,103,3004.09932,20,2004,USA,Gasoline,All-wheel drive,1,14.12336792
180,7,148,2885.040031,,2004,USA,Gasoline,Front-wheel drive,-1,15.2069536
220,6,,3803.85548,16.1,2009,USA,Gasoline,Front-wheel drive,-1,11.22869747
160,4,119,2143.050463,12.3,2004,Asia,Diesel,All-wheel drive,,19.36856135
230,4,214,3114.610585,16.8,2023,Asia,Gasoline,All-wheel drive,0,15.02508393
220,,,2700.940813,12.5,2007,Europe,Gasoline,All-wheel drive,0,17.09632079
170,3,149,3277.151788,,2005,USA,Diesel,Front-wheel drive,1,12.95638452
150,1,194,4172.451251,13.1,2005,Europe,Gasoline,Front-wheel drive,-2,10.34234279
220,1,153,2960.919403,14.9,2002,Europe,Gasoline,Front-wheel drive,0,15.48092403
160,7,135,3015.217604,,2013,USA,Diesel,All-wheel drive,1,14.25907208
190,3,139,2405.727115,12.3,2016,USA,Diesel,All-wheel drive,-2,18.33684801
270,3,119,3342.324482,15.8,2008,Asia,Diesel,Front-wheel drive,0,12.9500266
280,3,148,3150.711846,15.2,2006,Asia,Gasoline,Front-wheel drive,0,13.78447021
200,4,148,3396.347128,18.7,2006,Asia,Diesel,All-wheel drive,0,13.40091218
230,3,155,3517.633393,16.6,2003,Asia,Diesel,All-wheel drive,3,12.30437728
270,5,194,3600.144797,12.6,2008,Asia,Diesel,All-wheel drive,-1,13.15844289
230,6,181,2492.212601,17.4,2017,Europe,Gasoline,All-wheel drive,2,17.58192522
240,4,173,3092.72318,14.6,2022,USA,Diesel,All-wheel drive,-1,14.89982102
190,1,175,2956.710487,14.4,2022,USA,Gasoline,Front-wheel drive,-1,15.25842512
90,5,110,2765.490212,12.9,2016,USA,Diesel,Front-wheel drive,-1,16.06027039
220,5,113,2434.905527,19.3,2003,Asia,Diesel,All-wheel drive,0,17.55074731
140,3,167,2940.746966,20.4,2001,USA,Gasoline,All-wheel drive,-2,14.79977524
250,2,162,2607.151626,18.7,2010,Europe,Diesel,All-wheel drive,1,15.88254864
190,7,,2837.100325,13.3,2010,Europe,Gasoline,Front-wheel drive,0,16.96185288
190,4,156,3458.076208,15.8,2019,Europe,Diesel,Front-wheel drive,-2,12.70332418
180,5,146,4054.994241,21.2,2008,Asia,Gasoline,Front-wheel drive,-1,8.808129975
230,4,194,3381.021123,14.6,2004,Europe,Diesel,Front-wheel drive,0,13.5975756
280,5,143,2814.053081,14.9,2004,Europe,Gasoline,All-wheel drive,1,15.25233258
300,3,163,3226.48845,14.9,2000,Asia,Diesel,Front-wheel drive,0,14.11297211
170,6,204,3092.324611,12.9,2009,Europe,Diesel,Front-wheel drive,0,15.45608269
150,4,164,3181.653077,,2013,Asia,Gasoline,All-wheel drive,0,14.23518226
210,5,190,2634.223005,17,2019,Asia,Gasoline,All-wheel drive,2,17.3428184
190,2,139,2923.881212,13.8,2018,Asia,Gasoline,Front-wheel drive,2,15.4209051
160,3,101,2384.702027,16.5,2010,Asia,Gasoline,All-wheel drive,-1,17.33820512
230,5,154,2127.648165,,2000,Asia,Diesel,All-wheel drive,0,19.10564962
140,3,149,2631.53184,16.9,2008,Asia,Diesel,All-wheel drive,1,16.5701855
230,5,146,2759.918884,11.2,2017,Asia,Diesel,Front-wheel drive,-2,16.93641781
170,3,191,3576.677842,12.9,2000,Europe,Diesel,Front-wheel drive,-1,13.21190266
140,9,109,2817.20654,12.5,2003,Europe,Gasoline,All-wheel drive,2,15.70764664
200,3,149,3394.986962,14.1,2018,Europe,Diesel,Front-wheel drive,1,13.31553168
170,3,168,2339.8718,11.5,2011,Asia,Diesel,All-wheel drive,0,19.00359775
240,2,116,2300.560063,14.7,2011,Asia,Gasoline,All-wheel drive,0,18.26076888
320,3,108,2806.776227,17.5,2012,Europe,Diesel,All-wheel drive,-1,15.6299136
220,3,192,3103.808646,15.6,2006,Asia,Gasoline,Front-wheel drive,0,15.01066948
210,1,151,3551.062883,17.7,2021,Europe,Gasoline,All-wheel drive,-1,12.14956914
260,6,186,3585.138058,16.3,2008,USA,Gasoline,All-wheel drive,0,12.59584656
250,10,202,3827.622157,18.4,2009,Asia,Gasoline,All-wheel drive,-1,10.89946928
240,1,92,3175.796529,12.3,2011,Europe,Gasoline,Front-wheel drive,1,13.96057825
230,2,167,3250.671174,14.1,2002,USA,Gasoline,All-wheel drive,-1,14.55231029
200,1,201,2647.076878,12.5,2001,Europe,Gasoline,Front-wheel drive,0,18.3244248
270,4,154,2816.485975,17.5,2001,Asia,Gasoline,Front-wheel drive,-2,15.31408736
230,8,200,2912.735597,15,2004,Europe,Gasoline,All-wheel drive,1,15.89764152
150,3,173,2272.348089,17.8,2014,Europe,Diesel,Front-wheel drive,0,18.71479684
130,2,121,2715.578914,,2015,Asia,Diesel,Front-wheel drive,0,15.61639922
160,1,133,4090.247602,14.7,2015,USA,Diesel,All-wheel drive,0,9.69367321
180,2,137,2839.886815,17.9,2001,USA,Gasoline,All-wheel drive,-1,14.98557273
210,6,113,3064.813107,16.3,2021,USA,Gasoline,Front-wheel drive,-1,13.81650115
230,3,131,3398.859392,16,2007,USA,Diesel,All-wheel drive,3,12.66512054
210,4,147,3601.365193,13.9,2011,USA,Diesel,All-wheel drive,0,12.29775843
200,,177,2743.349166,14.6,2005,Asia,Diesel,All-wheel drive,0,17.12368822
230,1,127,2717.147409,7.8,2011,Asia,Diesel,All-wheel drive,3,17.23420489
240,7,123,2854.298614,,2019,Asia,Gasoline,All-wheel drive,-1,15.5675525
220,5,150,2739.603122,14,2018,USA,Diesel,All-wheel drive,-1,17.35352309
190,5,160,2466.089902,,2010,Asia,Diesel,Front-wheel drive,1,18.02630289
250,1,154,2833.899614,15.2,2012,USA,Diesel,All-wheel drive,0,15.76385626
140,4,199,2602.718953,,2014,USA,Gasoline,All-wheel drive,0,17.3182273
240,6,146,3623.174897,16.6,2022,Europe,Gasoline,All-wheel drive,-1,11.09523581
130,4,164,3156.692933,14.8,2004,USA,Gasoline,Front-wheel drive,0,14.61196834
280,5,126,2521.238081,13.6,2013,Europe,Diesel,All-wheel drive,0,17.39668412
260,3,166,2941.306627,20,2012,Asia,Diesel,All-wheel drive,1,14.777324
190,2,177,2634.305382,21.8,2002,USA,Diesel,Front-wheel drive,0,16.51779393
230,3,128,3800.034481,16.4,2004,Asia,Diesel,Front-wheel drive,-1,10.64081716
180,5,189,2938.783086,15.1,2003,Asia,Diesel,All-wheel drive,-1,15.81239927
230,5,134,3098.587424,14.6,2001,USA,Diesel,All-wheel drive,-1,14.90580734
190,7,142,2525.273675,12.3,2011,Asia,Gasoline,Front-wheel drive,1,17.32352642
230,,181,3460.471818,14.1,2009,Europe,Diesel,All-wheel drive,0,12.92979192
320,5,119,3159.133133,16.4,2002,Europe,Diesel,All-wheel drive,1,13.63020399
200,4,130,3062.274179,11.5,2022,Europe,Gasoline,All-wheel drive,0,15.38721905
180,3,134,2251.418431,14,2018,Europe,Diesel,All-wheel drive,0,18.35573928
220,6,126,2902.165014,,2002,Europe,Gasoline,Front-wheel drive,0,14.98847632
150,4,151,2843.48618,9.2,2020,Asia,Diesel,All-wheel drive,0,16.44515322
220,3,183,3554.647052,12,2016,USA,Diesel,Front-wheel drive,-1,12.85467181
340,2,194,2630.095226,,2018,USA,Gasoline,Front-wheel drive,-1,17.13233805
170,1,118,2874.287132,17.8,2004,Asia,Gasoline,All-wheel drive,0,15.43255443
150,4,145,2816.322693,14.2,2013,Europe,Gasoline,All-wheel drive,0,16.11680381
160,2,143,2967.55127,13.5,2000,USA,Gasoline,Front-wheel drive,0,15.76704196
180,3,143,2972.7163,10.7,2005,Asia,Diesel,All-wheel drive,0,15.14084573
230,3,170,3081.923509,14.4,2021,Asia,Gasoline,All-wheel drive,0,15.52069459
190,3,119,3126.418338,13.8,2016,Asia,Gasoline,Front-wheel drive,0,14.71120332
220,5,171,2476.085895,13.8,2020,USA,Diesel,All-wheel drive,0,17.97854406
310,1,205,4130.516967,17,2002,Europe,Gasoline,Front-wheel drive,0,9.484910362
240,2,183,3084.493896,14.8,2001,Asia,Gasoline,Front-wheel drive,0,15.41553071
180,10,,2745.477883,16.2,2010,USA,Diesel,All-wheel drive,1,16.8573215
150,5,146,2466.502753,12.3,2007,USA,Gasoline,Front-wheel drive,,18.00380164
130,10,179,3456.686047,19.8,2019,Europe,Diesel,All-wheel drive,0,12.44235781
210,2,219,3655.672531,12.8,2023,Europe,Diesel,All-wheel drive,0,13.08426892
230,3,116,3043.36214,15.9,2018,Asia,Diesel,All-wheel drive,0,13.27958274
180,1,90,2575.153089,13.8,2007,Europe,Gasoline,Front-wheel drive,-1,16.52158582
250,4,159,3294.405617,14.2,2011,Asia,Gasoline,Front-wheel drive,,13.68712811
160,5,138,2922.615404,18.3,2004,USA,Gasoline,Front-wheel drive,-1,15.26762785
180,4,135,2911.400811,15.8,2020,Europe,Diesel,All-wheel drive,0,15.43588846
160,4,132,3650.463495,15.1,2015,Europe,Gasoline,Front-wheel drive,0,11.37715845
120,4,193,3003.667194,15.7,2014,Europe,Gasoline,All-wheel drive,-1,15.19872335
180,4,161,2092.37363,13.3,2018,USA,Gasoline,Front-wheel drive,1,19.226011
220,5,157,3488.136353,11.8,2006,Europe,Gasoline,All-wheel drive,-1,12.82189933
130,,152,2672.123189,14.7,2010,USA,Diesel,All-wheel drive,1,15.95420201
260,3,,3349.625696,13.3,2004,Asia,Diesel,Front-wheel drive,0,14.56935624
300,0,,2678.841541,11.4,2018,Europe,Gasoline,Front-wheel drive,-1,16.65782804
140,2,,3208.150877,17.1,2014,USA,Diesel,Front-wheel drive,0,13.87318396
170,5,120,2816.316199,18.3,2009,Asia,Gasoline,All-wheel drive,-2,15.18943575
230,4,186,2590.076096,10.6,2017,Asia,Diesel,Front-wheel drive,-2,18.23389568
210,4,204,3190.591103,12.6,2013,USA,Diesel,All-wheel drive,0,14.41491904
270,3,149,3069.486702,14.6,2011,Europe,Gasoline,All-wheel drive,0,14.74246333
210,,,1912.604777,13.4,2019,Asia,Gasoline,Front-wheel drive,0,19.3070471
200,6,162,2886.2934,14.1,2007,USA,Gasoline,All-wheel drive,0,15.37506441
160,2,115,3018.597806,12.3,2011,USA,Diesel,Front-wheel drive,-1,14.76694522
190,3,163,2577.200422,,2008,Asia,Gasoline,All-wheel drive,3,17.17230794
190,2,118,3283.519804,15.9,2018,Asia,Diesel,Front-wheel drive,0,13.13914977
200,6,157,2454.948146,13.3,2006,Asia,Gasoline,All-wheel drive,1,17.96580549
180,5,146,2760.669671,15.2,2022,USA,Diesel,All-wheel drive,0,15.88547607
230,7,131,2666.276537,,2012,USA,Gasoline,Front-wheel drive,1,16.82616191
170,3,152,2745.440078,16.1,2012,Europe,Gasoline,Front-wheel drive,1,16.6653113
160,4,165,2947.408963,15.8,2006,Europe,Gasoline,Front-wheel drive,0,14.94235458
130,2,202,2905.811819,17.6,2018,Asia,Gasoline,All-wheel drive,1,15.8841668
90,4,205,2712.221279,18.2,2010,Europe,Gasoline,Front-wheel drive,0,17.62880368
250,0,178,1595.261032,14.1,2008,USA,Gasoline,All-wheel drive,1,22.43114076
180,8,160,2846.302407,,2023,Asia,Gasoline,Front-wheel drive,0,15.5388755
180,2,87,2575.982394,13.4,2002,USA,Diesel,Front-wheel drive,-1,16.04725686
220,3,130,2899.046571,17.1,2020,Asia,Gasoline,All-wheel drive,0,15.48363594
200,5,224,4610.973229,14.9,2002,Asia,Diesel,Front-wheel drive,0,7.551741552
180,4,133,3205.830779,15.2,2015,Europe,Gasoline,All-wheel drive,1,13.88386065
150,2,141,2322.112751,16.9,2018,Asia,Diesel,All-wheel drive,,17.63214934
210,3,165,3494.458348,14.1,2009,Europe,Gasoline,All-wheel drive,2,13.08073566
140,4,147,3179.233048,9.7,2020,Asia,Diesel,All-wheel drive,0,14.50692444
230,7,150,2604.657825,16.3,2021,Asia,Gasoline,All-wheel drive,0,16.81885456
160,4,113,3423.076158,18.8,2002,Europe,Gasoline,All-wheel drive,1,12.44159224
180,5,195,3557.387103,16.7,2018,USA,Gasoline,Front-wheel drive,1,12.33706068
200,,148,2944.8023,14.4,2005,USA,Gasoline,All-wheel drive,-1,14.84769969
200,2,161,2561.07203,17,2011,Europe,Diesel,Front-wheel drive,0,16.98634794
180,6,114,2277.999738,15.1,2013,USA,Gasoline,Front-wheel drive,-1,18.64955356
230,2,111,2592.421351,18,2001,Europe,Gasoline,All-wheel drive,-1,16.44534321
210,7,147,3207.329199,14.1,2008,Europe,Gasoline,All-wheel drive,0,14.23519268
210,6,130,2992.953553,,2009,Asia,Diesel,All-wheel drive,1,14.61790992
250,5,128,3511.677632,18.8,2003,Asia,Diesel,Front-wheel drive,0,11.66997878
230,5,143,3576.82269,15.4,2012,USA,Gasoline,All-wheel drive,-1,12.19923321
210,2,126,3775.94898,19.7,2010,Europe,Gasoline,All-wheel drive,0,11.04937018
80,6,131,2532.020185,18.6,2001,Asia,Gasoline,All-wheel drive,,17.17893299
220,3,171,2567.772357,12.8,2022,Asia,Diesel,Front-wheel drive,1,17.66143631
190,4,133,3188.7946,14.3,2020,Asia,Gasoline,Front-wheel drive,-1,13.99033973
220,,126,3104.288384,14,2002,USA,Gasoline,All-wheel drive,-2,14.28379367
240,4,151,3170.948696,16.9,2020,Europe,Diesel,Front-wheel drive,-1,13.6677953
220,5,,3293.286341,11.6,2007,USA,Gasoline,Front-wheel drive,0,13.47244018
230,5,131,2614.223617,,2009,Asia,Diesel,All-wheel drive,0,15.89265898
260,5,161,2107.122712,18.4,2000,USA,Diesel,All-wheel drive,0,19.64402674
240,7,,3665.25141,14.5,2021,Asia,Gasoline,All-wheel drive,-1,13.11589148
190,6,117,3284.896871,17.3,2001,Asia,Gasoline,Front-wheel drive,2,13.09829231
130,2,122,2673.694683,16,2012,USA,Gasoline,Front-wheel drive,0,16.41594649
230,7,149,3505.909199,15.7,2016,Europe,Diesel,All-wheel drive,1,12.80380997
100,4,140,2765.774311,14.6,2006,Europe,Diesel,All-wheel drive,1,16.19739902
230,3,176,3285.943866,15.4,2012,USA,Gasoline,All-wheel drive,0,13.69102446
150,3,164,3123.867637,15.7,2019,USA,Gasoline,All-wheel drive,1,14.98471203
230,6,,3266.906908,11.3,2016,Asia,Diesel,Front-wheel drive,,14.30876706
200,6,120,3050.500502,11.1,2004,USA,Diesel,All-wheel drive,1,13.85889588
190,4,130,3344.466379,18.8,2020,USA,Diesel,All-wheel drive,1,13.40367261
130,4,168,1443.382353,13.8,2008,USA,Diesel,Front-wheel drive,0,22.85506935
260,1,98,3174.700984,15.3,2018,Europe,Gasoline,Front-wheel drive,2,14.13027861
200,7,85,2938.164139,11.4,2008,USA,Gasoline,All-wheel drive,0,14.92018058
260,2,112,2637.404258,11.6,2008,USA,Diesel,All-wheel drive,0,16.77976704
240,,168,3739.804297,13.7,2021,Asia,Diesel,All-wheel drive,1,10.95685032
230,4,161,2569.459775,12.8,2014,Europe,Gasoline,Front-wheel drive,3,17.82204556
200,7,133,2647.385766,19.1,2004,USA,Diesel,All-wheel drive,,16.4792184
190,2,163,2659.983822,19.7,2006,USA,Diesel,All-wheel drive,0,16.67929103
180,2,200,2851.075037,15.8,2018,Asia,Gasoline,Front-wheel drive,-1,16.39079469
260,3,120,3463.726819,13.1,2002,Europe,Gasoline,All-wheel drive,1,12.30690738
220,7,130,3806.083674,16.4,2013,Asia,Gasoline,All-wheel drive,2,10.60532763
220,11,84,2697.521639,12.7,2023,Asia,Diesel,Front-wheel drive,0,15.89864595
140,2,180,3529.406169,17.7,2009,Asia,Diesel,All-wheel drive,-1,11.89673758
250,1,152,3459.114857,17.7,2005,Asia,Diesel,All-wheel drive,-1,12.27120035
210,3,93,3385.598629,15.7,2003,Asia,Diesel,All-wheel drive,2,12.23727643
240,4,181,3705.639304,18.6,2017,Europe,Diesel,Front-wheel drive,2,11.0005804
230,7,151,1478.594919,13.9,2016,Asia,Gasoline,All-wheel drive,1,22.70944195
300,2,159,3127.1786,14.3,2014,Europe,Gasoline,All-wheel drive,0,14.59078499
170,3,197,3551.984458,13.3,2005,Asia,Diesel,Front-wheel drive,-2,12.27292407
120,2,127,3250.281057,19,2012,Asia,Diesel,All-wheel drive,0,13.07668114
250,5,154,2674.762775,13.7,2010,Europe,Diesel,Front-wheel drive,1,16.70068586
180,8,117,2711.858743,21.9,2019,Asia,Gasoline,All-wheel drive,-1,15.296036
290,9,150,3394.326405,12.7,2017,USA,Diesel,All-wheel drive,1,12.77162066
270,5,164,2264.298239,14.2,2007,USA,Diesel,Front-wheel drive,1,18.42590856
280,0,153,2443.765748,16.1,2002,Europe,Diesel,Front-wheel drive,0,17.68657509
280,,205,2145.925045,12.7,2018,Asia,Diesel,All-wheel drive,0,20.31931981
180,5,175,2593.185819,16.3,2022,Europe,Diesel,Front-wheel drive,-1,17.20995697
210,5,198,2400.837076,13.4,2018,Asia,Gasoline,Front-wheel drive,,18.36021112
160,3,100,2983.897381,19.6,2019,Europe,Diesel,Front-wheel drive,0,14.21716819
250,5,71,2546.057474,12.4,2019,Europe,Diesel,Front-wheel drive,-1,16.72604706
190,5,119,3197.36572,14.7,2022,Europe,Diesel,All-wheel drive,-1,14.05909315
170,5,130,3007.730513,17,2002,Asia,Diesel,All-wheel drive,1,14.51215554
250,,99,2640.310957,17.5,2001,Europe,Gasoline,Front-wheel drive,1,16.18797802
170,7,190,2649.997604,13.9,2009,Asia,Gasoline,All-wheel drive,-1,17.26439259
250,3,214,2823.620108,11.9,2012,Asia,Diesel,All-wheel drive,-1,16.03644848
210,7,122,2322.922345,14.7,2016,Europe,Diesel,All-wheel drive,2,17.93171803
210,4,156,2923.308137,15.6,2009,Asia,Diesel,Front-wheel drive,-2,15.1718375
210,3,169,3012.55528,17.2,2009,USA,Gasoline,All-wheel drive,0,14.79781073
190,5,160,3427.421278,18.6,2006,Asia,Diesel,Front-wheel drive,-1,12.5039294
180,6,98,3691.680077,12,2015,USA,Diesel,Front-wheel drive,0,11.17242173
220,5,142,2263.687298,13.3,2007,USA,Diesel,All-wheel drive,0,18.58528554
260,6,144,2875.187174,13.8,2015,USA,Diesel,All-wheel drive,-1,16.4935063
240,3,222,2408.549741,19.3,2015,Asia,Diesel,All-wheel drive,0,18.59042352
210,8,181,2707.090511,14.8,2007,USA,Diesel,Front-wheel drive,0,16.16154012
130,7,175,3278.454482,13,2004,USA,Diesel,Front-wheel drive,0,13.72955792
240,5,171,2373.621956,13.9,2000,Europe,Gasoline,All-wheel drive,1,19.3077384
210,2,171,2839.890593,15.1,2011,USA,Diesel,Front-wheel drive,,16.34906961
280,6,223,3132.306304,16.7,2023,USA,Gasoline,All-wheel drive,0,15.21807195
170,6,184,2139.192597,,2004,Asia,Gasoline,All-wheel drive,-1,19.44623278
190,4,140,2461.603883,16.5,2006,Europe,Diesel,Front-wheel drive,1,17.25766324
260,4,,3948.404625,15.5,2018,Asia,Diesel,All-wheel drive,-1,11.05482975
260,,166,2396.251595,,2014,Europe,Gasoline,Front-wheel drive,0,18.87932856
270,6,141,3317.879557,14.4,2021,USA,Diesel,Front-wheel drive,0,13.72137193
230,3,137,2381.730254,13.6,2013,USA,Gasoline,Front-wheel drive,0,18.1041855
180,3,188,3680.341381,18,2016,Asia,Gasoline,Front-wheel drive,1,11.71165279
280,2,148,2545.070139,15.6,2012,Asia,Diesel,All-wheel drive,0,17.20278222
220,3,176,2837.652898,11.4,2013,Europe,Gasoline,Front-wheel drive,-1,16.23355282
280,5,154,3797.309878,16.6,2013,Europe,Gasoline,Front-wheel drive,-1,10.54296972
190,7,69,3133.32921,16.6,2008,Europe,Gasoline,All-wheel drive,1,13.41812806
220,5,110,2532.98763,14.3,2004,Europe,Diesel,Front-wheel drive,0,17.30565279
180,1,131,3107.42782,13.2,2005,Asia,Gasoline,Front-wheel drive,-2,13.93371608
140,5,164,2981.107371,17.3,2013,Europe,Diesel,Front-wheel drive,,15.10180235
180,,154,2439.525729,15,2004,USA,Gasoline,All-wheel drive,0,17.96232626
220,2,138,2583.471318,15.1,2008,USA,Diesel,All-wheel drive,-1,17.18658678
230,4,177,2905.52739,19.4,2011,USA,Diesel,Front-wheel drive,1,15.33155059
270,3,140,2908.043477,14.7,2005,Asia,Diesel,All-wheel drive,-1,14.8844674